codelist_code,term_code,term_value,collected_value,term_preferred_term,term_synonyms
AESEV,C41338,MILD,1,,
AESEV,C41339,MODERATE,2,,
AESEV,C41340,SEVERE,3,,
AEREL,,NONE,1,,
AEREL,,REMOTE,2,,
AEREL,,POSSIBLE,3,,
AEREL,,PROBABLE,4,,
RACE,C41261,WHITE,CA,,HP
RACE,C16352,BLACK OR AFRICAN AMERICAN,AF,,
RACE,C41260,ASIAN,EA,,AS
RACE,C17649,OTHER,O,,
ETHNIC,C17459,HISPANIC OR LATINO,HP,,
ETHNIC,C41222,NOT HISPANIC OR LATINO,CA,,AF; EA; AS; O
ARMCD,,Pbo,Placebo,,
ARMCD,,Xan_Lo,Xanomeline Low Dose,,
ARMCD,,Xan_Hi,Xanomeline High Dose,,
NCOMPLT,C25250,COMPLETED,1,,
NCOMPLT,C41331,ADVERSE EVENT,3,,
NCOMPLT,C28554,DEATH,4,,
NCOMPLT,C48226,LACK OF EFFICACY,8,,9
NCOMPLT,C48227,LOST TO FOLLOW-UP,11,,
NCOMPLT,C49634,WITHDRAWAL BY SUBJECT,13,,
NCOMPLT,C48250,PHYSICIAN DECISION,22,,
NCOMPLT,C50996,PROTOCOL DEVIATION,14,,243
NCOMPLT,C49632,STUDY TERMINATED BY SPONSOR,18,,
