SUBJECT,SITE,FOLDER,INITIALS,VISIT_DATE,CONSENT_DATE,BIRTH_DATE,SEX,ORIGIN
701-1015,701,V1,T-W,26 DEC 2013,25 DEC 2013,04 JAN 1950,F,HP
701-1023,701,V1,GAP,22 JUL 2012,22 JUL 2012,23 APR 1948,M,HP
701-1028,701,V1,C-B,11 JUL 2013,09 JUL 2013,20 OCT 1941,M,CA
701-1033,701,V1,V-B,10 MAR 2014,05 MAR 2014,23 JUN 1939,M,CA
701-1034,701,V1,C-L,24 JUN 2014,24 JUN 2014,31 MAR 1937,F,CA
701-1047,701,V1,E-C,22 JAN 2013,22 JAN 2013,29 DEC 1927,F,CA
701-1057,701,V1,N-D,20 DEC 2013,20 DEC 2013,11 JUN 1954,F,HP
701-1097,701,V1,A-H,23 DEC 2013,23 DEC 2013,UN UNK 1945,M,CA
701-1111,701,V1,L-S,25 AUG 2012,24 AUG 2012,10 AUG 1931,F,CA
701-1115,701,V1,AJL,23 NOV 2012,16 NOV 2012,18 JAN 1928,M,CA
701-1118,701,V1,MKH,27 FEB 2014,27 FEB 2014,24 DEC 1961,M,CA
701-1130,701,V1,A-M,09 FEB 2014,09 FEB 2014,16 DEC 1929,M,CA
701-1133,701,V1,S-S,23 OCT 2012,22 OCT 2012,18 APR 1931,F,CA
701-1145,701,V1,RRW,05 SEP 2013,05 SEP 2013,28 JAN 1956,F,CA
701-1146,701,V1,C-R,07 MAY 2013,02 MAY 2013,08 FEB 1938,F,CA
701-1148,701,V1,KNN,14 AUG 2013,09 AUG 2013,19 FEB 1956,M,CA
701-1153,701,V1,RMC,06 SEP 2013,06 SEP 2013,29 JAN 1934,F,CA
701-1162,701,V1,N-G,18 APR 2013,18 APR 2013,02 FEB 1931,F,CA
701-1176,701,V1,PNR,30 SEP 2012,30 SEP 2012,05 MAR 1950,F,O
701-1180,701,V1,MMJ,28 JAN 2013,28 JAN 2013,18 JUL 1956,M,CA
701-1181,701,V1,SKS,26 NOV 2013,25 NOV 2013,04 SEP 1934,F,CA
701-1188,701,V1,A-D,03 FEB 2013,03 FEB 2013,19 OCT 1941,M,CA
701-1192,701,V1,EKW,08 JUL 2012,08 JUL 2012,26 MAR 1932,F,CA
701-1203,701,V1,LRC,25 JAN 2013,25 JAN 2013,10 JUL 1931,F,AF
701-1211,701,V1,MJM,30 OCT 2012,30 OCT 2012,24 APR 1936,F,CA
701-1234,701,V1,R-P,20 MAR 2013,13 MAR 2013,08 FEB 1944,M,CA
701-1239,701,V1,J-W,28 DEC 2013,28 DEC 2013,29 AUG 1957,M,HP
701-1240,701,V1,MKD,22 SEP 2013,22 SEP 2013,13 AUG 1956,F,AF
701-1275,701,V1,JDJ,25 JAN 2014,20 JAN 2014,20 AUG 1952,M,O
701-1287,701,V1,HIH,17 JAN 2014,16 JAN 2014,10 JUN 1957,F,HP
701-1294,701,V1,Z-G,17 MAR 2013,15 MAR 2013,27 MAY 1945,M,CA
701-1302,701,V1,N-D,20 AUG 2013,20 AUG 2013,12 JUN 1952,M,CA
701-1307,701,V1,EHG,08 DEC 2013,08 DEC 2013,16 SEP 1933,F,CA
701-1317,701,V1,R-W,10 MAY 2014,10 MAY 2014,13 JAN 1946,M,CA
701-1324,701,V1,N-G,16 SEP 2012,11 SEP 2012,11 OCT 1932,M,CA
701-1341,701,V1,RCS,22 DEC 2012,21 DEC 2012,31 DEC 1960,M,CA
701-1345,701,V1,A-C,01 OCT 2013,01 OCT 2013,05 JUL 1950,F,CA
701-1356,701,V1,C-M,01 APR 2014,01 APR 2014,27 JAN 1960,F,HP
701-1360,701,V1,TSR,24 JUL 2013,24 JUL 2013,03 AUG 1945,M,CA
701-1363,701,V1,JAJ,20 MAY 2013,20 MAY 2013,20 AUG 1931,F,AF
701-1369,701,V1,MJC,18 SEP 2013,18 SEP 2013,28 SEP 1938,M,CA
701-1383,701,V1,B-B,22 JAN 2013,22 JAN 2013,12 MAR 1940,F,CA
701-1386,701,V1,V-B,28 DEC 2013,26 DEC 2013,08 NOV 1942,M,CA
701-1387,701,V1,BKK,23 FEB 2014,23 FEB 2014,12 OCT 1926,F,CA
701-1392,701,V1,JCH,17 OCT 2012,17 OCT 2012,06 SEP 1934,M,CA
701-1411,701,V1,C-S,14 NOV 2012,14 NOV 2012,01 FEB 1936,M,AF
701-1415,701,V1,C-O,15 SEP 2013,15 SEP 2013,05 NOV 1927,M,CA
701-1429,701,V1,C-C,25 FEB 2013,24 FEB 2013,27 NOV 1928,F,CA
701-1440,701,V1,MSN,24 JUL 2013,24 JUL 2013,19 OCT 1942,M,CA
701-1442,701,V1,CMW,17 OCT 2013,17 OCT 2013,02 AUG 1956,F,AF
701-1444,701,V1,BTS,31 DEC 2012,29 DEC 2012,19 SEP 1949,M,HP
702-1082,702,V1,A-J,03 JUL 2013,01 JUL 2013,04 SEP 1928,F,CA
703-1042,703,V1,JTP,23 FEB 2013,23 FEB 2013,26 FEB 1948,M,CA
703-1076,703,V1,A-G,17 OCT 2013,17 OCT 2013,28 SEP 1944,M,CA
703-1086,703,V1,S-A,22 AUG 2012,22 AUG 2012,08 JUN 1941,M,CA
703-1096,703,V1,M-C,19 DEC 2012,19 DEC 2012,28 JAN 1931,F,CA
703-1100,703,V1,A-B,28 FEB 2013,28 FEB 2013,25 JAN 1929,F,CA
703-1119,703,V1,BLP,02 FEB 2013,02 FEB 2013,08 AUG 1931,F,CA
703-1175,703,V1,AAP,13 DEC 2013,08 DEC 2013,17 AUG 1938,M,CA
703-1182,703,V1,KAW,08 OCT 2013,08 OCT 2013,12 MAR 1929,M,CA
703-1197,703,V1,L-B,01 JUN 2013,31 MAY 2013,10 MAY 1937,F,AF
703-1210,703,V1,RPG,08 MAR 2013,08 MAR 2013,13 AUG 1940,F,CA
703-1258,703,V1,K-C,10 JUL 2012,03 JUL 2012,10 DEC 1933,F,CA
703-1279,703,V1,JVW,27 APR 2013,20 APR 2013,15 JAN 1941,F,CA
703-1295,703,V1,LSC,24 OCT 2013,24 OCT 2013,24 DEC 1924,F,CA
703-1299,703,V1,S-H,07 SEP 2012,07 SEP 2012,17 OCT 1930,F,CA
703-1335,703,V1,TSM,28 FEB 2014,27 FEB 2014,17 JUN 1946,F,AF
703-1379,703,V1,ALC,12 SEP 2013,07 SEP 2013,18 JAN 1932,F,AF
703-1396,703,V1,NDL,09 FEB 2014,09 FEB 2014,30 APR 1929,M,EA
703-1403,703,V1,J-L,05 DEC 2012,05 DEC 2012,05 MAY 1945,M,CA
703-1439,703,V1,ATT,04 MAR 2014,04 MAR 2014,26 JUN 1937,F,CA
704-1008,704,V1,BEW,06 JAN 2013,06 JAN 2013,16 JUL 1936,F,CA
704-1009,704,V1,MAW,20 AUG 2013,13 AUG 2013,19 OCT 1929,M,CA
704-1010,704,V1,JSW,08 FEB 2014,08 FEB 2014,12 FEB 1933,M,CA
704-1017,704,V1,STW,20 SEP 2013,20 SEP 2013,12 APR 1936,M,CA
704-1025,704,V1,D-S,18 SEP 2013,16 SEP 2013,09 JAN 1932,F,CA
704-1065,704,V1,EML,17 OCT 2013,10 OCT 2013,03 OCT 1938,M,CA
704-1074,704,V1,J-C,19 JAN 2014,19 JAN 2014,19 AUG 1933,F,CA
704-1093,704,V1,D-M,22 FEB 2013,20 FEB 2013,02 APR 1933,M,CA
704-1114,704,V1,EJJ,09 JAN 2013,04 JAN 2013,07 OCT 1935,M,CA
704-1120,704,V1,Z-R,18 NOV 2013,13 NOV 2013,29 APR 1942,F,CA
704-1127,704,V1,K-M,16 SEP 2013,14 SEP 2013,16 MAR 1929,F,CA
704-1135,704,V1,DDH,23 OCT 2013,16 OCT 2013,15 NOV 1938,F,CA
704-1164,704,V1,A-R,11 SEP 2012,11 SEP 2012,11 JAN 1945,F,CA
704-1218,704,V1,SNK,11 NOV 2012,04 NOV 2012,12 JUN 1931,F,CA
704-1233,704,V1,SCE,08 MAR 2013,07 MAR 2013,01 JUL 1925,F,CA
704-1241,704,V1,DDA,14 AUG 2013,14 AUG 2013,02 JUN 1927,M,CA
704-1260,704,V1,VAJ,23 AUG 2012,18 AUG 2012,15 JUN 1941,F,CA
704-1266,704,V1,R-L,05 OCT 2013,03 OCT 2013,08 SEP 1931,M,CA
704-1323,704,V1,B-O,13 JUN 2013,08 JUN 2013,26 JAN 1945,F,CA
704-1325,704,V1,S-O,16 APR 2014,09 APR 2014,16 JAN 1933,M,CA
704-1332,704,V1,J-M,24 NOV 2013,23 NOV 2013,20 JUN 1933,M,CA
704-1351,704,V1,R-N,26 SEP 2013,26 SEP 2013,08 JUL 1943,M,CA
704-1388,704,V1,H-A,28 NOV 2012,27 NOV 2012,30 MAR 1931,M,CA
704-1435,704,V1,SMP,01 NOV 2012,27 OCT 2012,28 JUN 1938,M,CA
704-1445,704,V1,T-E,01 MAY 2014,30 APR 2014,03 OCT 1938,M,CA
705-1011,705,V1,C-M,01 SEP 2013,01 SEP 2013,08 AUG 1938,F,CA
705-1018,705,V1,MJH,30 JUN 2013,23 JUN 2013,13 APR 1944,F,CA
705-1031,705,V1,J-E,17 NOV 2013,12 NOV 2013,05 NOV 1957,F,HP
705-1058,705,V1,TBG,02 DEC 2013,25 NOV 2013,07 JUL 1924,M,CA
705-1059,705,V1,R-W,02 AUG 2013,31 JUL 2013,26 MAY 1947,F,CA
705-1112,705,V1,MME,23 FEB 2014,18 FEB 2014,24 SEP 1935,M,CA
705-1186,705,V1,A-W,03 JAN 2014,03 JAN 2014,15 FEB 1929,F,CA
705-1199,705,V1,T-M,11 SEP 2013,09 SEP 2013,08 SEP 1926,M,CA
705-1243,705,V1,ADR,26 FEB 2013,21 FEB 2013,08 JUL 1942,F,HP
705-1280,705,V1,T-G,11 JAN 2014,04 JAN 2014,23 MAY 1957,F,CA
705-1281,705,V1,APW,26 NOV 2013,19 NOV 2013,07 JUN 1940,F,AF
705-1282,705,V1,MCF,23 DEC 2012,23 DEC 2012,25 MAR 1942,F,AF
705-1292,705,V1,VMC,11 OCT 2013,04 OCT 2013,20 MAY 1953,F,AF
705-1303,705,V1,ZLG,10 DEC 2013,09 DEC 2013,26 JAN 1941,M,CA
705-1310,705,V1,G-R,26 OCT 2013,21 OCT 2013,18 NOV 1938,F,CA
705-1349,705,V1,CRW,24 FEB 2013,24 FEB 2013,25 JUN 1926,F,HP
705-1377,705,V1,AJH,29 DEC 2013,29 DEC 2013,01 JUN 1950,F,AF
705-1382,705,V1,CDM,09 MAY 2013,08 MAY 2013,07 APR 1931,M,CA
705-1393,705,V1,CJS,02 SEP 2012,02 SEP 2012,07 JUL 1928,F,CA
705-1421,705,V1,VRL,14 JAN 2013,07 JAN 2013,12 OCT 1925,M,CA
705-1431,705,V1,WAE,16 JUN 2013,09 JUN 2013,31 JAN 1945,F,HP
706-1041,706,V1,B-P,21 DEC 2013,21 DEC 2013,09 JUL 1949,F,AF
706-1049,706,V1,F-G,30 APR 2013,29 APR 2013,07 JUL 1952,F,CA
706-1384,706,V1,SMD,25 AUG 2012,20 AUG 2012,10 JAN 1938,F,CA
707-1037,707,V1,R-D,12 DEC 2013,05 DEC 2013,15 JUN 1941,F,CA
707-1206,707,V1,SDL,20 OCT 2013,15 OCT 2013,09 SEP 1948,M,CA
707-1276,707,V1,CHK,12 OCT 2012,05 OCT 2012,29 SEP 1940,F,CA
707-1430,707,V1,B-M,14 FEB 2014,14 FEB 2014,09 JAN 1933,F,CA
707-1434,707,V1,H-D,25 JUL 2013,23 JUL 2013,26 FEB 1937,F,CA
708-1013,708,V1,K-W,13 OCT 2012,13 OCT 2012,15 MAR 1932,M,CA
708-1019,708,V1,ITF,10 DEC 2013,05 DEC 2013,29 JUL 1945,M,CA
708-1032,708,V1,RAB,02 FEB 2013,01 FEB 2013,03 JAN 1951,M,CA
708-1054,708,V1,MBW,14 FEB 2014,14 FEB 2014,05 DEC 1940,F,AF
708-1067,708,V1,C-E,07 FEB 2013,07 FEB 2013,02 APR 1924,M,CA
708-1084,708,V1,HJG,01 MAY 2013,24 APR 2013,24 DEC 1939,F,CA
708-1087,708,V1,E-H,06 OCT 2012,01 OCT 2012,18 DEC 1937,F,CA
708-1104,708,V1,K-T,23 JAN 2014,23 JAN 2014,03 MAR 1935,F,EA
708-1158,708,V1,K-M,01 FEB 2014,01 FEB 2014,06 JUN 1932,F,CA
708-1171,708,V1,M-W,25 NOV 2012,18 NOV 2012,16 OCT 1935,F,CA
708-1178,708,V1,J-C,13 DEC 2013,13 DEC 2013,04 SEP 1936,F,AF
708-1184,708,V1,D-P,14 JAN 2013,14 JAN 2013,06 MAY 1942,F,CA
708-1213,708,V1,J-M,01 FEB 2013,25 JAN 2013,03 APR 1936,F,CA
708-1216,708,V1,A-R,14 OCT 2012,09 OCT 2012,14 SEP 1934,M,CA
708-1236,708,V1,L-M,08 SEP 2013,08 SEP 2013,02 AUG 1927,F,CA
708-1242,708,V1,JSW,13 AUG 2012,11 AUG 2012,15 MAY 1932,M,CA
708-1253,708,V1,A-B,26 APR 2013,26 APR 2013,02 AUG 1951,M,CA
708-1272,708,V1,M-B,22 JAN 2013,22 JAN 2013,21 JAN 1931,M,CA
708-1286,708,V1,NBE,25 AUG 2013,24 AUG 2013,10 JUL 1933,F,AF
708-1296,708,V1,J-R,07 JUN 2013,05 JUN 2013,21 JUL 1955,M,AF
708-1297,708,V1,A-S,15 JAN 2013,15 JAN 2013,09 DEC 1951,M,CA
708-1316,708,V1,T-R,15 AUG 2013,15 AUG 2013,14 OCT 1938,F,CA
708-1336,708,V1,TJW,21 NOV 2012,21 NOV 2012,17 NOV 1939,M,CA
708-1342,708,V1,C-J,21 DEC 2012,20 DEC 2012,13 SEP 1953,F,CA
708-1347,708,V1,WTO,11 APR 2013,09 APR 2013,09 JUL 1951,F,CA
708-1348,708,V1,KEB,28 JUL 2013,28 JUL 2013,27 JUN 1934,F,CA
708-1352,708,V1,A-B,16 SEP 2013,09 SEP 2013,15 JUN 1926,F,CA
708-1353,708,V1,ASB,17 JUN 2013,17 JUN 2013,03 NOV 1925,F,AF
708-1372,708,V1,A-C,03 APR 2013,01 APR 2013,15 JUN 1928,M,CA
708-1378,708,V1,C-W,24 AUG 2013,19 AUG 2013,17 SEP 1945,M,AF
708-1406,708,V1,G-P,06 DEC 2013,06 DEC 2013,05 MAR 1942,F,CA
708-1428,708,V1,JAV,02 NOV 2013,02 NOV 2013,09 NOV 1928,F,CA
709-1001,709,V1,V-S,20 SEP 2013,20 SEP 2013,12 APR 1937,F,CA
709-1007,709,V1,W-E,21 JUL 2012,16 JUL 2012,19 SEP 1957,F,CA
709-1020,709,V1,L-T,22 NOV 2012,20 NOV 2012,29 DEC 1939,F,CA
709-1029,709,V1,J-S,10 DEC 2012,10 DEC 2012,07 SEP 1930,M,CA
709-1081,709,V1,VMT,09 JAN 2014,09 JAN 2014,14 JUN 1927,F,CA
709-1088,709,V1,T-C,30 MAR 2014,30 MAR 2014,11 JUN 1944,M,CA
709-1099,709,V1,SAW,14 OCT 2013,14 OCT 2013,27 JUN 1934,F,CA
709-1102,709,V1,S-T,07 JAN 2013,31 DEC 2012,09 FEB 1941,F,CA
709-1168,709,V1,CMS,25 JUL 2013,23 JUL 2013,19 FEB 1941,F,CA
709-1217,709,V1,R-M,16 FEB 2013,11 FEB 2013,09 OCT 1935,M,CA
709-1224,709,V1,K-W,18 NOV 2013,18 NOV 2013,08 JUL 1929,M,CA
709-1237,709,V1,R-A,17 JAN 2014,10 JAN 2014,25 JUN 1925,F,HP
709-1238,709,V1,JMJ,02 MAY 2013,02 MAY 2013,20 JUL 1943,M,CA
709-1259,709,V1,MJR,13 JAN 2013,06 JAN 2013,23 OCT 1930,M,CA
709-1285,709,V1,MJD,17 MAR 2013,10 MAR 2013,10 JUN 1925,M,CA
709-1301,709,V1,JJP,14 JUL 2013,07 JUL 2013,17 APR 1951,F,CA
709-1306,709,V1,A-R,19 JAN 2014,18 JAN 2014,04 OCT 1953,F,CA
709-1309,709,V1,DAC,09 JUN 2013,09 JUN 2013,13 JUL 1947,M,CA
709-1312,709,V1,JBJ,13 APR 2014,06 APR 2014,10 DEC 1945,F,CA
709-1326,709,V1,YTC,21 MAR 2013,21 MAR 2013,29 MAR 1937,F,CA
709-1329,709,V1,WAA,01 AUG 2013,27 JUL 2013,10 NOV 1942,M,CA
709-1339,709,V1,A-P,15 DEC 2012,14 DEC 2012,19 MAY 1931,M,CA
709-1424,709,V1,S-Y,15 FEB 2013,08 FEB 2013,10 DEC 1935,M,CA
710-1002,710,V1,M-M,30 DEC 2013,30 DEC 2013,17 NOV 1925,M,CA
710-1006,710,V1,M-R,27 JAN 2013,25 JAN 2013,03 JAN 1936,M,CA
710-1021,710,V1,T-R,19 SEP 2013,12 SEP 2013,15 MAR 1934,M,AF
710-1027,710,V1,K-P,03 FEB 2014,03 FEB 2014,26 JUL 1930,M,CA
710-1045,710,V1,E-B,20 MAY 2013,18 MAY 2013,15 FEB 1930,F,CA
710-1053,710,V1,AEC,15 DEC 2012,15 DEC 2012,16 JAN 1928,F,CA
710-1060,710,V1,G-W,24 DEC 2012,19 DEC 2012,13 OCT 1930,M,CA
710-1070,710,V1,KKD,28 AUG 2012,28 AUG 2012,05 DEC 1926,F,CA
710-1077,710,V1,PNA,03 NOV 2013,29 OCT 2013,02 JUN 1937,F,CA
710-1078,710,V1,KGW,06 SEP 2013,06 SEP 2013,12 JUN 1932,F,CA
710-1083,710,V1,L-P,09 JUL 2013,09 JUL 2013,01 NOV 1923,F,CA
710-1129,710,V1,MMJ,05 MAR 2013,04 MAR 2013,22 MAY 1943,F,AF
710-1137,710,V1,CSM,03 OCT 2013,26 SEP 2013,11 JAN 1934,F,AF
710-1142,710,V1,M-R,12 SEP 2012,11 SEP 2012,12 JUL 1936,F,CA
710-1149,710,V1,GKM,16 NOV 2013,11 NOV 2013,26 JUN 1934,F,CA
710-1154,710,V1,C-T,08 MAR 2014,06 MAR 2014,15 MAR 1929,M,HP
710-1166,710,V1,W-F,10 NOV 2012,10 NOV 2012,26 MAY 1931,F,CA
710-1183,710,V1,C-W,24 OCT 2013,23 OCT 2013,26 FEB 1933,F,CA
710-1187,710,V1,C-A,26 OCT 2012,21 OCT 2012,02 JUN 1934,F,CA
710-1235,710,V1,AMR,13 SEP 2012,12 SEP 2012,29 OCT 1955,F,HP
710-1249,710,V1,CJS,19 DEC 2013,19 DEC 2013,28 OCT 1934,M,CA
710-1257,710,V1,S-L,29 NOV 2013,29 NOV 2013,22 JUL 1928,F,CA
710-1264,710,V1,AJF,02 JUN 2013,01 JUN 2013,20 AUG 1934,M,CA
710-1270,710,V1,TKN,01 FEB 2014,27 JAN 2014,10 APR 1930,F,CA
710-1271,710,V1,P-G,04 SEP 2012,30 AUG 2012,05 SEP 1925,F,CA
710-1278,710,V1,K-D,13 DEC 2012,11 DEC 2012,20 APR 1931,M,CA
710-1300,710,V1,OKG,04 DEC 2012,27 NOV 2012,21 JUN 1934,F,CA
710-1314,710,V1,B-M,21 APR 2013,14 APR 2013,28 NOV 1934,F,CA
710-1315,710,V1,RLH,12 FEB 2013,12 FEB 2013,26 OCT 1929,F,CA
710-1337,710,V1,TBR,30 DEC 2013,30 DEC 2013,14 DEC 1940,M,CA
710-1354,710,V1,T-H,29 OCT 2012,22 OCT 2012,11 MAR 1939,M,CA
710-1358,710,V1,B-G,02 SEP 2012,31 AUG 2012,10 JAN 1930,M,CA
710-1368,710,V1,J-T,21 OCT 2013,16 OCT 2013,19 DEC 1924,F,CA
710-1376,710,V1,LMC,21 APR 2014,16 APR 2014,10 AUG 1924,F,CA
710-1380,710,V1,MJJ,02 JUN 2013,31 MAY 2013,15 DEC 1932,F,CA
710-1385,710,V1,RRP,21 OCT 2012,21 OCT 2012,17 MAY 1935,M,CA
710-1408,710,V1,ETW,26 DEC 2012,26 DEC 2012,29 NOV 1932,M,CA
710-1443,710,V1,M-J,13 DEC 2013,12 DEC 2013,16 DEC 1924,F,CA
711-1012,711,V1,C-O,20 MAR 2013,13 MAR 2013,23 MAY 1945,F,CA
711-1022,711,V1,WCW,17 MAR 2014,12 MAR 2014,11 OCT 1927,F,CA
711-1036,711,V1,TRP,20 JUL 2012,13 JUL 2012,18 APR 1942,M,AF
711-1143,711,V1,D-G,30 MAR 2013,30 MAR 2013,13 JUL 1936,F,CA
711-1163,711,V1,BKC,08 NOV 2012,01 NOV 2012,26 OCT 1938,F,AF
711-1173,711,V1,C-T,04 OCT 2012,04 OCT 2012,04 MAR 1950,M,CA
711-1226,711,V1,G-C,24 OCT 2013,17 OCT 2013,13 AUG 1939,F,CA
711-1251,711,V1,M-M,28 FEB 2014,28 FEB 2014,18 SEP 1931,M,CA
711-1283,711,V1,K-D,27 MAR 2014,27 MAR 2014,20 MAY 1938,F,AF
711-1284,711,V1,J-M,05 AUG 2013,03 AUG 2013,09 OCT 1935,F,CA
711-1290,711,V1,E-P,20 DEC 2013,20 DEC 2013,25 FEB 1952,F,CA
711-1433,711,V1,S-O,23 JAN 2013,23 JAN 2013,17 MAY 1928,F,CA
713-1043,713,V1,EJF,17 AUG 2013,16 AUG 2013,26 NOV 1934,F,CA
713-1073,713,V1,MDG,15 MAR 2014,15 MAR 2014,09 MAR 1940,F,AF
713-1106,713,V1,KAC,03 OCT 2012,01 OCT 2012,10 SEP 1938,M,CA
713-1141,713,V1,A-J,23 MAY 2013,23 MAY 2013,23 SEP 1933,M,CA
713-1179,713,V1,SJC,11 JUL 2013,04 JUL 2013,15 JAN 1949,F,CA
713-1209,713,V1,MPL,16 MAY 2013,11 MAY 2013,07 MAR 1936,F,CA
713-1256,713,V1,WRH,10 SEP 2012,10 SEP 2012,15 APR 1941,M,CA
713-1269,713,V1,RCW,14 JAN 2014,14 JAN 2014,11 OCT 1940,M,CA
713-1448,713,V1,LJF,05 JAN 2014,05 JAN 2014,12 JUN 1942,F,CA
714-1035,714,V1,M-W,03 APR 2014,01 APR 2014,20 MAR 1926,F,CA
714-1068,714,V1,M-M,31 JUL 2013,31 JUL 2013,23 MAR 1934,F,CA
714-1195,714,V1,LJT,16 APR 2013,09 APR 2013,26 DEC 1937,M,CA
714-1288,714,V1,J-C,24 NOV 2013,24 NOV 2013,28 FEB 1936,M,AF
714-1375,714,V1,KCA,23 FEB 2013,21 FEB 2013,17 MAY 1934,F,CA
714-1425,714,V1,D-M,11 AUG 2013,04 AUG 2013,02 APR 1932,M,CA
715-1085,715,V1,A-Y,03 FEB 2013,27 JAN 2013,09 MAY 1935,F,CA
715-1107,715,V1,V-S,12 FEB 2013,05 FEB 2013,30 JUL 1947,M,CA
715-1134,715,V1,P-P,17 APR 2014,10 APR 2014,04 MAR 1964,F,CA
715-1155,715,V1,SEH,29 NOV 2013,27 NOV 2013,04 OCT 1954,F,CA
715-1207,715,V1,T-P,12 NOV 2012,11 NOV 2012,03 APR 1934,F,CA
715-1225,715,V1,DBA,22 JAN 2013,15 JAN 2013,03 MAR 1935,F,CA
715-1319,715,V1,DJH,03 FEB 2013,29 JAN 2013,09 NOV 1947,M,CA
715-1321,715,V1,GBH,06 FEB 2014,01 FEB 2014,06 SEP 1938,F,CA
715-1333,715,V1,T-C,03 JUN 2013,02 JUN 2013,05 MAR 1938,F,CA
715-1397,715,V1,J-A,20 MAR 2013,20 MAR 2013,09 JUN 1936,F,CA
715-1405,715,V1,T-T,27 JUN 2013,20 JUN 2013,23 MAR 1944,M,CA
715-1407,715,V1,JAS,24 OCT 2012,22 OCT 2012,11 DEC 1938,F,CA
716-1003,716,V1,A-V,29 MAR 2014,29 MAR 2014,12 MAY 1934,M,HP
716-1024,716,V1,MSW,06 JUL 2012,05 JUL 2012,22 MAY 1925,F,CA
716-1026,716,V1,GVP,23 MAR 2014,22 MAR 2014,28 JUN 1940,F,CA
716-1030,716,V1,PMT,25 DEC 2013,25 DEC 2013,07 NOV 1930,F,CA
716-1044,716,V1,BCT,20 APR 2013,20 APR 2013,26 NOV 1938,M,CA
716-1061,716,V1,BRB,14 FEB 2014,14 FEB 2014,19 JUN 1932,M,CA
716-1063,716,V1,MJS,06 MAY 2013,06 MAY 2013,02 MAY 1933,M,CA
716-1071,716,V1,MJB,03 JUN 2013,03 JUN 2013,04 JUN 1934,F,CA
716-1094,716,V1,H-G,16 DEC 2012,15 DEC 2012,16 MAR 1930,M,CA
716-1103,716,V1,MBJ,18 MAR 2014,17 MAR 2014,18 SEP 1934,M,CA
716-1108,716,V1,M-M,04 FEB 2013,04 FEB 2013,10 FEB 1926,F,CA
716-1151,716,V1,CMA,23 JAN 2013,22 JAN 2013,05 MAY 1929,F,CA
716-1157,716,V1,RRT,23 SEP 2013,16 SEP 2013,02 JAN 1928,M,CA
716-1160,716,V1,R-S,23 MAR 2013,23 MAR 2013,17 AUG 1929,F,CA
716-1167,716,V1,PEM,30 SEP 2012,28 SEP 2012,02 MAR 1944,M,CA
716-1177,716,V1,KPL,29 AUG 2014,28 AUG 2014,30 AUG 1941,M,CA
716-1189,716,V1,GTH,07 OCT 2012,05 OCT 2012,06 SEP 1931,M,CA
716-1229,716,V1,GJS,14 FEB 2013,09 FEB 2013,09 JUN 1939,F,CA
716-1244,716,V1,A-T,15 AUG 2013,13 AUG 2013,19 OCT 1940,F,CA
716-1298,716,V1,G-H,04 APR 2013,30 MAR 2013,29 SEP 1936,F,CA
716-1305,716,V1,BDW,06 AUG 2013,06 AUG 2013,03 MAY 1940,F,CA
716-1308,716,V1,H-H,23 AUG 2013,21 AUG 2013,24 JUL 1937,F,CA
716-1311,716,V1,B-D,08 MAY 2014,01 MAY 2014,08 OCT 1935,M,CA
716-1331,716,V1,O-H,25 NOV 2013,18 NOV 2013,17 MAY 1954,F,CA
716-1364,716,V1,L-S,27 JUN 2013,22 JUN 2013,26 MAY 1929,F,CA
716-1373,716,V1,C-F,24 NOV 2012,22 NOV 2012,13 JUN 1938,M,CA
716-1418,716,V1,S-W,27 APR 2013,26 APR 2013,10 JUN 1932,F,CA
716-1441,716,V1,APW,13 JAN 2014,08 JAN 2014,25 APR 1928,M,CA
716-1447,716,V1,R-H,10 DEC 2013,10 DEC 2013,30 MAR 1941,F,CA
717-1004,717,V1,TAT,01 JAN 2014,31 DEC 2013,16 FEB 1933,F,CA
717-1109,717,V1,ACC,20 JAN 2014,20 JAN 2014,28 NOV 1929,M,CA
717-1174,717,V1,CSD,16 JAN 2013,16 JAN 2013,03 DEC 1939,M,CA
717-1201,717,V1,EAS,12 DEC 2013,07 DEC 2013,04 JUL 1928,F,CA
717-1344,717,V1,A-B,01 JAN 2014,01 JAN 2014,21 SEP 1949,F,CA
717-1357,717,V1,K-C,21 APR 2013,19 APR 2013,26 OCT 1935,M,CA
717-1446,717,V1,JCM,20 AUG 2013,19 AUG 2013,05 AUG 1938,F,CA
718-1066,718,V1,NST,28 JUN 2013,28 JUN 2013,13 MAR 1934,F,CA
718-1079,718,V1,KCM,11 SEP 2012,06 SEP 2012,11 NOV 1944,F,CA
718-1101,718,V1,W-P,01 FEB 2013,25 JAN 2013,28 NOV 1930,M,AF
718-1139,718,V1,DRG,03 MAY 2013,01 MAY 2013,30 JUN 1935,M,CA
718-1150,718,V1,TKG,12 JAN 2013,10 JAN 2013,21 JUL 1939,F,CA
718-1170,718,V1,WSW,25 AUG 2013,24 AUG 2013,05 JUN 1933,F,CA
718-1172,718,V1,JDH,15 SEP 2013,10 SEP 2013,19 FEB 1939,M,CA
718-1250,718,V1,SAG,21 AUG 2013,21 AUG 2013,04 JAN 1931,F,HP
718-1254,718,V1,A-H,28 JUN 2013,28 JUN 2013,31 MAY 1935,M,HP
718-1328,718,V1,JTP,28 JAN 2013,26 JAN 2013,12 APR 1926,M,CA
718-1355,718,V1,J-D,12 FEB 2013,05 FEB 2013,09 JUL 1933,M,CA
718-1371,718,V1,TTR,11 APR 2013,11 APR 2013,24 SEP 1943,F,CA
718-1427,718,V1,BCS,13 DEC 2012,13 DEC 2012,14 JUL 1938,F,AF
