SUBJECT,FOLDER,VISIT_DATE,KIT_NUMBER,PATCH25_PER_DAY,PATCH50_PER_DAY,LAST_DOSE_DATE
701-1015,V3,02 JAN 2014,K87704,0,1,
701-1015,V4,17 JAN 2014,K19245,1,1,
701-1015,V12,19 JUN 2014,K67453,0,1,02 JUL 2014
701-1023,V3,05 AUG 2012,K21219,0,1,
701-1023,V4,28 AUG 2012,K20418,1,1,01 SEP 2012
701-1028,V3,19 JUL 2013,K38136,0,1,
701-1028,V4,02 AUG 2013,K23480,1,1,
701-1028,V12,07 JAN 2014,K62660,0,1,14 JAN 2014
701-1033,V3,18 MAR 2014,K74029,0,1,31 MAR 2014
701-1034,V3,01 JUL 2014,K48280,0,1,
701-1034,V4,16 JUL 2014,K69220,1,1,
701-1034,V12,18 DEC 2014,K75008,0,1,30 DEC 2014
701-1047,V3,12 FEB 2013,K40789,0,1,
701-1047,V4,26 FEB 2013,K30149,1,1,09 MAR 2013
701-1097,V3,01 JAN 2014,K20922,0,1,
701-1097,V4,16 JAN 2014,K10576,1,1,
701-1097,V12,19 JUN 2014,K97664,0,1,09 JUL 2014
701-1111,V3,07 SEP 2012,K62703,0,1,16 SEP 2012
701-1115,V3,30 NOV 2012,K89935,0,1,
701-1115,V4,14 DEC 2012,K99751,1,1,23 JAN 2013
701-1118,V3,12 MAR 2014,K54359,0,1,
701-1118,V4,27 MAR 2014,K73659,1,1,
701-1118,V12,28 AUG 2014,K92448,0,1,09 SEP 2014
701-1130,V3,15 FEB 2014,K98920,0,1,
701-1130,V4,02 MAR 2014,K57861,1,1,
701-1130,V12,03 AUG 2014,K80316,0,1,16 AUG 2014
701-1133,V3,28 OCT 2012,K87007,0,1,
701-1133,V4,13 NOV 2012,K89572,1,1,
701-1133,V12,19 APR 2013,K24370,0,1,28 APR 2013
701-1146,V3,20 MAY 2013,K44944,0,1,
701-1146,V4,04 JUN 2013,K69499,1,1,26 JUN 2013
701-1148,V3,23 AUG 2013,K79215,0,1,
701-1148,V4,06 SEP 2013,K90324,1,1,
701-1148,V12,09 FEB 2014,K14185,0,1,20 FEB 2014
701-1153,V3,23 SEP 2013,K82268,0,1,
701-1153,V4,09 OCT 2013,K87990,1,1,
701-1153,V12,12 MAR 2014,K95630,0,1,16 MAR 2014
701-1180,V3,12 FEB 2013,K71365,0,1,
701-1180,V4,26 FEB 2013,K21943,1,1,18 MAR 2013
701-1181,V3,05 DEC 2013,K70210,0,1,09 DEC 2013
701-1188,V3,15 FEB 2013,K18707,0,1,
701-1188,V4,03 MAR 2013,K32407,1,1,24 MAR 2013
701-1192,V3,22 JUL 2012,K61782,0,1,
701-1192,V4,08 AUG 2012,K72225,1,1,
701-1192,V12,12 JAN 2013,K51019,0,1,20 JAN 2013
701-1203,V3,02 FEB 2013,K89537,0,1,
701-1203,V4,24 FEB 2013,K14759,1,1,
701-1203,V12,23 JUL 2013,K23336,0,1,03 AUG 2013
701-1211,V3,15 NOV 2012,K81672,0,1,
701-1211,V4,29 NOV 2012,K84091,1,1,12 JAN 2013
701-1234,V3,30 MAR 2013,K13484,0,1,
701-1234,V4,22 APR 2013,K42546,1,1,
701-1234,V12,11 SEP 2013,K61849,0,1,22 SEP 2013
701-1239,V3,11 JAN 2014,K36333,0,1,
701-1239,V4,26 JAN 2014,K93420,1,1,
701-1239,V12,28 JUN 2014,K53559,0,1,10 JUL 2014
701-1275,V3,07 FEB 2014,K97608,0,1,
701-1275,V4,23 FEB 2014,K97633,1,1,31 MAY 2014
701-1287,V3,25 JAN 2014,K68438,0,1,
701-1287,V4,12 FEB 2014,K73000,1,1,
701-1287,V12,13 JUL 2014,K98692,0,1,26 JUL 2014
701-1294,V3,24 MAR 2013,K92303,0,1,
701-1294,V4,11 APR 2013,K19108,1,1,14 JUN 2013
701-1302,V3,29 AUG 2013,K54559,0,1,
701-1302,V4,16 SEP 2013,K33660,1,1,05 NOV 2013
701-1317,V3,22 MAY 2014,K21984,0,1,
701-1317,V4,06 JUN 2014,K62754,1,1,
701-1317,V12,07 NOV 2014,K35522,0,1,20 NOV 2014
701-1324,V3,02 OCT 2012,K95492,0,1,
701-1324,V4,17 OCT 2012,K31872,1,1,
701-1324,V12,20 MAR 2013,K96748,0,1,02 APR 2013
701-1341,V3,05 JAN 2013,K41873,0,1,
701-1341,V4,19 JAN 2013,K54341,1,1,26 JAN 2013
701-1345,V3,08 OCT 2013,K94350,0,1,
701-1345,V4,25 OCT 2013,K60352,1,1,18 MAR 2014
701-1360,V3,31 JUL 2013,K23444,0,1,05 AUG 2013
701-1363,V3,30 MAY 2013,K22362,0,1,
701-1363,V4,13 JUN 2013,K13809,1,1,
701-1363,V12,14 NOV 2013,K64744,0,1,27 NOV 2013
701-1383,V3,04 FEB 2013,K82452,0,1,
701-1383,V4,20 FEB 2013,K32940,1,1,
701-1383,V12,31 JUL 2013,K55995,0,1,06 AUG 2013
701-1387,V3,12 MAR 2014,K24986,0,1,25 MAR 2014
701-1392,V3,28 OCT 2012,K51693,0,1,
701-1392,V4,12 NOV 2012,K51967,1,1,
701-1392,V12,16 APR 2013,K23571,0,1,28 APR 2013
701-1415,V3,23 SEP 2013,K62828,0,1,
701-1415,V4,08 OCT 2013,K12487,1,1,
701-1415,V12,11 MAR 2014,K58480,0,1,24 MAR 2014
701-1429,V3,19 MAR 2013,K38792,0,1,
701-1429,V4,03 APR 2013,K61093,1,1,30 APR 2013
701-1440,V3,08 AUG 2013,K52662,0,1,
701-1440,V4,24 AUG 2013,K36472,1,1,
701-1440,V12,23 JAN 2014,K72235,0,1,05 FEB 2014
701-1442,V3,26 OCT 2013,K64664,0,1,
701-1442,V4,10 NOV 2013,K82249,1,1,
701-1442,V12,18 APR 2014,K77305,0,1,26 APR 2014
701-1444,V3,05 JAN 2013,K99449,0,1,
701-1444,V4,19 JAN 2013,K52398,1,1,12 FEB 2013
702-1082,V3,26 JUL 2013,K74532,0,1,
702-1082,V4,09 AUG 2013,K97432,1,1,13 OCT 2013
703-1042,V3,02 MAR 2013,K37343,0,1,
703-1042,V4,15 MAR 2013,K81029,1,1,
703-1042,V12,10 AUG 2013,K54655,0,1,31 AUG 2013
703-1076,V3,25 OCT 2013,K87001,0,1,
703-1076,V4,07 NOV 2013,K59123,1,1,24 DEC 2013
703-1086,V3,02 SEP 2012,K76499,0,1,
703-1086,V4,17 SEP 2012,K27137,1,1,04 DEC 2012
703-1096,V3,25 JAN 2013,K63548,0,1,
703-1096,V4,10 FEB 2013,K26130,1,1,16 MAR 2013
703-1100,V3,13 MAR 2013,K32606,0,1,
703-1100,V4,30 MAR 2013,K89756,1,1,
703-1100,V12,29 AUG 2013,K83765,0,1,14 SEP 2013
703-1119,V3,20 FEB 2013,K17202,0,1,
703-1119,V4,11 MAR 2013,K28317,1,1,13 JUN 2013
703-1175,V3,20 DEC 2013,K76620,0,1,26 DEC 2013
703-1182,V3,17 OCT 2013,K89341,0,1,
703-1182,V4,01 NOV 2013,K70667,1,1,11 DEC 2013
703-1197,V3,16 JUN 2013,K21959,0,1,29 JUN 2013
703-1210,V3,16 MAR 2013,K13757,0,1,
703-1210,V4,31 MAR 2013,K97838,1,1,
703-1210,V12,25 AUG 2013,K74106,0,1,06 SEP 2013
703-1258,V3,20 JUL 2012,K42809,0,1,
703-1258,V4,02 AUG 2012,K84694,1,1,
703-1258,V12,01 JAN 2013,K98356,0,1,11 JAN 2013
703-1279,V3,13 MAY 2013,K99440,0,1,03 JUN 2013
703-1295,V3,21 NOV 2013,K81946,0,1,
703-1295,V4,06 DEC 2013,K81189,1,1,19 APR 2014
703-1299,V3,12 SEP 2012,K92507,0,1,
703-1299,V4,29 SEP 2012,K94242,1,1,
703-1299,V12,02 MAR 2013,K82154,0,1,13 MAR 2013
703-1335,V3,17 MAR 2014,K90471,0,1,
703-1335,V4,01 APR 2014,K19820,1,1,07 MAY 2014
703-1379,V3,22 SEP 2013,K91943,0,1,
703-1379,V4,08 OCT 2013,K18905,1,1,
703-1379,V12,09 MAR 2014,K87826,0,1,21 MAR 2014
703-1403,V3,12 DEC 2012,K36836,0,1,13 DEC 2012
703-1439,V3,12 MAR 2014,K77977,0,1,
703-1439,V4,27 MAR 2014,K34039,1,1,
703-1439,V12,29 AUG 2014,K88449,0,1,11 SEP 2014
704-1008,V3,13 JAN 2013,K71216,0,1,
704-1008,V4,29 JAN 2013,K59214,1,1,21 FEB 2013
704-1009,V3,27 AUG 2013,K70643,0,1,
704-1009,V4,15 SEP 2013,K91058,1,1,25 SEP 2013
704-1010,V3,21 FEB 2014,K29405,0,1,
704-1010,V4,09 MAR 2014,K42110,1,1,08 JUL 2014
704-1017,V3,06 OCT 2013,K83738,0,1,
704-1017,V4,20 OCT 2013,K49723,1,1,18 NOV 2013
704-1025,V3,27 SEP 2013,K28817,0,1,
704-1025,V4,12 OCT 2013,K31215,1,1,24 OCT 2013
704-1065,V3,24 OCT 2013,K99332,0,1,
704-1065,V4,08 NOV 2013,K47711,1,1,22 DEC 2013
704-1074,V3,22 JAN 2014,K90757,0,1,
704-1074,V4,10 FEB 2014,K53977,1,1,20 MAR 2014
704-1093,V3,15 MAR 2013,K81151,0,1,
704-1093,V4,31 MAR 2013,K80931,1,1,17 JUN 2013
704-1114,V3,23 JAN 2013,K40193,0,1,
704-1114,V4,04 FEB 2013,K78142,1,1,07 JUL 2013
704-1120,V3,02 DEC 2013,K54763,0,1,
704-1120,V4,16 DEC 2013,K87719,1,1,01 FEB 2014
704-1127,V3,02 OCT 2013,K88043,0,1,
704-1127,V4,17 OCT 2013,K68695,1,1,
704-1127,V12,18 MAR 2014,K33966,0,1,31 MAR 2014
704-1135,V3,31 OCT 2013,K32589,0,1,
704-1135,V4,15 NOV 2013,K25235,1,1,
704-1135,V12,02 MAY 2014,K91609,0,1,16 MAY 2014
704-1164,V3,19 SEP 2012,K85063,0,1,
704-1164,V4,05 OCT 2012,K40654,1,1,
704-1164,V12,18 MAR 2013,K62096,0,1,04 APR 2013
704-1218,V3,19 NOV 2012,K58399,0,1,
704-1218,V4,04 DEC 2012,K75203,1,1,
704-1218,V12,14 MAY 2013,K62788,0,1,27 MAY 2013
704-1233,V3,21 MAR 2013,K47157,0,1,04 APR 2013
704-1233,V4,05 APR 2013,K22830,1,1,
704-1241,V3,25 AUG 2013,K25366,0,1,
704-1241,V4,06 SEP 2013,K66118,1,1,09 OCT 2013
704-1260,V3,30 AUG 2012,K67659,0,1,
704-1260,V4,14 SEP 2012,K15965,1,1,04 NOV 2012
704-1266,V3,13 OCT 2013,K95761,0,1,
704-1266,V4,28 OCT 2013,K28697,1,1,06 DEC 2013
704-1323,V3,08 JUL 2013,K53902,0,1,
704-1323,V4,24 JUL 2013,K49571,1,1,05 AUG 2013
704-1325,V3,23 APR 2014,K48219,0,1,
704-1325,V4,08 MAY 2014,K22911,1,1,04 JUL 2014
704-1332,V3,09 DEC 2013,K56038,0,1,
704-1332,V4,24 DEC 2013,K86178,1,1,14 FEB 2014
704-1351,V3,12 OCT 2013,K72768,0,1,
704-1351,V4,27 OCT 2013,K69135,1,1,
704-1351,V12,05 APR 2014,K48385,0,1,18 APR 2014
704-1388,V3,07 DEC 2012,K82414,0,1,
704-1388,V4,22 DEC 2012,K92841,1,1,
704-1388,V12,24 MAY 2013,K68780,0,1,11 JUN 2013
704-1435,V3,17 NOV 2012,K40010,0,1,
704-1435,V4,02 DEC 2012,K42891,1,1,09 JAN 2013
704-1445,V3,11 MAY 2014,K83212,0,1,
704-1445,V4,26 MAY 2014,K24467,1,1,01 NOV 2014
705-1018,V3,05 JUL 2013,K30090,0,1,
705-1031,V3,27 NOV 2013,K35159,0,1,18 DEC 2013
705-1031,V4,19 DEC 2013,K89467,1,1,
705-1059,V3,05 AUG 2013,K62741,0,1,
705-1059,V4,20 AUG 2013,K80368,1,1,05 DEC 2013
705-1186,V3,08 JAN 2014,K88300,0,1,
705-1186,V4,24 JAN 2014,K21676,1,1,26 JAN 2014
705-1199,V3,16 SEP 2013,K63499,0,1,28 SEP 2013
705-1280,V3,17 JAN 2014,K78327,0,1,
705-1280,V4,01 FEB 2014,K59068,1,1,
705-1280,V12,12 JUL 2014,K20834,0,1,25 JUL 2014
705-1281,V3,28 NOV 2013,K74397,0,1,
705-1281,V4,16 DEC 2013,K32023,1,1,27 FEB 2014
705-1282,V3,26 DEC 2012,K32028,0,1,
705-1282,V4,10 JAN 2013,K21048,1,1,
705-1282,V12,12 JUN 2013,K16295,0,1,24 JUN 2013
705-1292,V3,14 OCT 2013,K53671,0,1,
705-1292,V4,30 OCT 2013,K51308,1,1,
705-1292,V12,29 APR 2014,K21684,0,1,13 MAY 2014
705-1303,V3,16 DEC 2013,K77511,0,1,30 DEC 2013
705-1303,V4,31 DEC 2013,K31042,1,1,
705-1310,V3,02 NOV 2013,K30417,0,1,
705-1310,V4,23 NOV 2013,K47464,1,1,23 JAN 2014
705-1349,V3,10 MAR 2013,K17199,0,1,
705-1349,V4,25 MAR 2013,K85221,1,1,
705-1349,V12,26 AUG 2013,K30141,0,1,08 SEP 2013
705-1377,V3,04 JAN 2014,K16542,0,1,25 JAN 2014
705-1377,V4,26 JAN 2014,K26089,1,1,
705-1382,V3,13 MAY 2013,K46274,0,1,
705-1393,V3,07 SEP 2012,K41451,0,1,
705-1393,V4,28 SEP 2012,K61903,1,1,01 FEB 2013
705-1431,V3,23 JUN 2013,K98392,0,1,
705-1431,V4,08 JUL 2013,K42040,1,1,
705-1431,V12,06 DEC 2013,K59906,0,1,19 DEC 2013
706-1041,V3,31 DEC 2013,K81202,0,1,
706-1041,V4,15 JAN 2014,K79823,1,1,
706-1041,V12,16 JUL 2014,K55297,0,1,28 JUL 2014
706-1049,V3,14 MAY 2013,K29200,0,1,
706-1049,V4,29 MAY 2013,K87185,1,1,18 JUN 2013
706-1384,V3,15 SEP 2012,K63195,0,1,24 SEP 2012
707-1037,V3,20 DEC 2013,K42809,0,1,24 DEC 2013
707-1206,V3,28 OCT 2013,K40978,0,1,
707-1206,V4,13 NOV 2013,K76950,1,1,
707-1206,V12,14 APR 2014,K61331,0,1,26 APR 2014
708-1019,V3,20 DEC 2013,K79705,0,1,01 JAN 2014
708-1032,V3,09 FEB 2013,K23593,0,1,
708-1032,V4,24 FEB 2013,K42458,1,1,01 MAR 2013
708-1084,V3,09 MAY 2013,K36491,0,1,
708-1084,V4,24 MAY 2013,K30221,1,1,
708-1084,V12,29 OCT 2013,K24902,0,1,11 NOV 2013
708-1087,V3,22 OCT 2012,K77489,0,1,
708-1087,V4,06 NOV 2012,K53533,1,1,
708-1087,V12,11 APR 2013,K39578,0,1,28 APR 2013
708-1158,V3,08 FEB 2014,K80726,0,1,
708-1158,V4,27 FEB 2014,K77239,1,1,21 MAR 2014
708-1171,V3,06 DEC 2012,K32172,0,1,
708-1171,V4,19 DEC 2012,K80129,1,1,
708-1171,V12,21 MAY 2013,K81438,0,1,04 JUN 2013
708-1178,V3,29 DEC 2013,K42858,0,1,
708-1178,V4,19 JAN 2014,K69096,1,1,06 APR 2014
708-1213,V3,09 FEB 2013,K46656,0,1,22 FEB 2013
708-1216,V3,24 OCT 2012,K92663,0,1,
708-1216,V4,09 NOV 2012,K61215,1,1,29 NOV 2012
708-1236,V3,21 SEP 2013,K78329,0,1,21 SEP 2013
708-1253,V3,07 MAY 2013,K31636,0,1,
708-1253,V4,22 MAY 2013,K49263,1,1,
708-1253,V12,28 OCT 2013,K81690,0,1,05 NOV 2013
708-1272,V3,06 FEB 2013,K68303,0,1,
708-1272,V4,22 FEB 2013,K54282,1,1,22 MAR 2013
708-1286,V3,10 SEP 2013,K31937,0,1,
708-1286,V4,24 SEP 2013,K88476,1,1,
708-1286,V12,24 FEB 2014,K74605,0,1,08 MAR 2014
708-1296,V3,14 JUN 2013,K37591,0,1,
708-1296,V4,28 JUN 2013,K53842,1,1,
708-1296,V12,28 NOV 2013,K80606,0,1,12 DEC 2013
708-1297,V3,25 JAN 2013,K55724,0,1,
708-1297,V4,09 FEB 2013,K95053,1,1,03 MAY 2013
708-1316,V3,23 AUG 2013,K56835,0,1,
708-1316,V4,06 SEP 2013,K77237,1,1,
708-1316,V12,16 FEB 2014,K95682,0,1,01 MAR 2014
708-1336,V3,07 DEC 2012,K37325,0,1,
708-1336,V4,22 DEC 2012,K75938,1,1,
708-1336,V12,23 MAY 2013,K33381,0,1,05 JUN 2013
708-1342,V3,29 DEC 2012,K99140,0,1,
708-1342,V4,13 JAN 2013,K79892,1,1,
708-1342,V12,16 JUN 2013,K35597,0,1,28 JUN 2013
708-1347,V3,20 APR 2013,K44087,0,1,
708-1347,V4,05 MAY 2013,K64112,1,1,18 JUN 2013
708-1348,V3,05 AUG 2013,K68697,0,1,
708-1348,V4,20 AUG 2013,K52293,1,1,
708-1348,V12,04 FEB 2014,K73929,0,1,13 FEB 2014
708-1353,V3,04 JUL 2013,K79021,0,1,
708-1353,V4,19 JUL 2013,K64277,1,1,28 AUG 2013
708-1372,V3,12 APR 2013,K22141,0,1,19 APR 2013
708-1378,V3,03 SEP 2013,K97356,0,1,
708-1378,V4,22 SEP 2013,K10549,1,1,28 JAN 2014
708-1406,V3,26 DEC 2013,K32491,0,1,
708-1406,V4,10 JAN 2014,K42961,1,1,
708-1406,V12,17 JUN 2014,K46467,0,1,02 JUL 2014
708-1428,V3,09 NOV 2013,K96118,0,1,
708-1428,V4,24 NOV 2013,K93998,1,1,14 DEC 2013
709-1001,V3,08 OCT 2013,K64934,0,1,
709-1001,V4,23 OCT 2013,K65886,1,1,
709-1001,V12,18 MAR 2014,K75105,0,1,08 APR 2014
709-1007,V3,31 JUL 2012,K60968,0,1,
709-1007,V4,19 AUG 2012,K15913,1,1,28 AUG 2012
709-1020,V3,01 DEC 2012,K51956,0,1,
709-1020,V4,16 DEC 2012,K99115,1,1,
709-1020,V12,19 MAY 2013,K53176,0,1,01 JUN 2013
709-1029,V3,25 DEC 2012,K33913,0,1,
709-1029,V4,10 JAN 2013,K24808,1,1,
709-1029,V12,13 JUN 2013,K87574,0,1,26 JUN 2013
709-1081,V3,18 JAN 2014,K26547,0,1,
709-1081,V4,02 FEB 2014,K26387,1,1,27 APR 2014
709-1088,V3,12 APR 2014,K29191,0,1,
709-1088,V4,27 APR 2014,K61388,1,1,
709-1088,V12,28 SEP 2014,K40506,0,1,09 OCT 2014
709-1099,V3,25 OCT 2013,K12766,0,1,
709-1099,V4,13 NOV 2013,K64439,1,1,
709-1099,V12,12 APR 2014,K46973,0,1,25 APR 2014
709-1102,V3,15 JAN 2013,K89778,0,1,
709-1102,V4,01 FEB 2013,K65790,1,1,27 MAR 2013
709-1168,V3,02 AUG 2013,K19970,0,1,
709-1168,V4,18 AUG 2013,K71639,1,1,26 SEP 2013
709-1217,V3,04 MAR 2013,K89760,0,1,
709-1217,V4,20 MAR 2013,K59524,1,1,11 JUN 2013
709-1238,V3,15 MAY 2013,K43237,0,1,
709-1238,V4,30 MAY 2013,K99552,1,1,06 AUG 2013
709-1259,V3,26 JAN 2013,K18065,0,1,
709-1259,V4,11 FEB 2013,K47640,1,1,13 JUN 2013
709-1285,V3,24 MAR 2013,K14317,0,1,
709-1285,V4,09 APR 2013,K72094,1,1,23 MAY 2013
709-1301,V3,19 JUL 2013,K37030,0,1,
709-1301,V4,03 AUG 2013,K87273,1,1,
709-1301,V12,05 JAN 2014,K39308,0,1,17 JAN 2014
709-1306,V3,03 FEB 2014,K26647,0,1,
709-1306,V4,20 FEB 2014,K61607,1,1,16 JUN 2014
709-1309,V3,19 JUN 2013,K85020,0,1,
709-1309,V4,02 JUL 2013,K53729,1,1,
709-1309,V12,06 DEC 2013,K70420,0,1,19 DEC 2013
709-1312,V3,20 APR 2014,K19025,0,1,
709-1312,V4,11 MAY 2014,K57100,1,1,
709-1312,V12,06 OCT 2014,K10169,0,1,19 OCT 2014
709-1326,V3,05 APR 2013,K92130,0,1,
709-1326,V4,19 APR 2013,K27187,1,1,
709-1326,V12,21 SEP 2013,K82748,0,1,02 OCT 2013
709-1329,V3,15 AUG 2013,K26165,0,1,25 AUG 2013
709-1339,V3,23 DEC 2012,K25827,0,1,
709-1339,V4,06 JAN 2013,K95908,1,1,
709-1339,V12,09 JUN 2013,K20539,0,1,24 JUN 2013
709-1424,V3,03 MAR 2013,K41546,0,1,07 MAR 2013
710-1002,V3,14 JAN 2014,K45317,0,1,18 JAN 2014
710-1006,V3,10 FEB 2013,K20177,0,1,
710-1006,V4,23 FEB 2013,K34836,1,1,
710-1006,V12,28 JUL 2013,K93996,0,1,09 AUG 2013
710-1021,V3,27 SEP 2013,K20790,0,1,
710-1021,V4,12 OCT 2013,K32221,1,1,29 OCT 2013
710-1027,V3,28 FEB 2014,K45882,0,1,
710-1027,V4,15 MAR 2014,K14685,1,1,
710-1027,V12,20 AUG 2014,K66125,0,1,29 AUG 2014
710-1045,V3,03 JUN 2013,K96801,0,1,
710-1045,V4,18 JUN 2013,K78189,1,1,13 AUG 2013
710-1053,V3,26 DEC 2012,K31853,0,1,
710-1053,V4,10 JAN 2013,K76834,1,1,10 FEB 2013
710-1060,V3,01 JAN 2013,K24849,0,1,
710-1060,V4,16 JAN 2013,K83041,1,1,
710-1060,V12,22 JUN 2013,K46296,0,1,05 JUL 2013
710-1070,V3,08 SEP 2012,K49986,0,1,
710-1070,V4,23 SEP 2012,K76442,1,1,22 JAN 2013
710-1077,V3,17 NOV 2013,K71717,0,1,
710-1077,V4,02 DEC 2013,K79375,1,1,
710-1077,V12,04 MAY 2014,K87468,0,1,18 MAY 2014
710-1078,V3,17 SEP 2013,K30689,0,1,
710-1078,V4,07 OCT 2013,K70833,1,1,
710-1078,V12,09 MAR 2014,K27138,0,1,23 MAR 2014
710-1083,V3,22 JUL 2013,K51428,0,1,01 AUG 2013
710-1137,V3,11 OCT 2013,K88361,0,1,
710-1137,V4,26 OCT 2013,K72038,1,1,13 NOV 2013
710-1142,V3,02 OCT 2012,K40476,0,1,
710-1142,V4,17 OCT 2012,K33797,1,1,20 OCT 2012
710-1154,V3,29 MAR 2014,K45141,0,1,
710-1154,V4,13 APR 2014,K43094,1,1,27 APR 2014
710-1166,V3,30 NOV 2012,K49901,0,1,
710-1166,V4,15 DEC 2012,K22966,1,1,19 MAR 2013
710-1183,V3,16 NOV 2013,K63909,0,1,
710-1183,V4,01 DEC 2013,K24795,1,1,
710-1183,V12,04 MAY 2014,K73855,0,1,17 MAY 2014
710-1187,V3,10 NOV 2012,K92821,0,1,
710-1187,V4,25 NOV 2012,K16579,1,1,
710-1187,V12,29 APR 2013,K28734,0,1,12 MAY 2013
710-1235,V3,26 SEP 2012,K31894,0,1,
710-1235,V4,11 OCT 2012,K46031,1,1,
710-1235,V12,14 MAR 2013,K71186,0,1,27 MAR 2013
710-1249,V3,28 DEC 2013,K34413,0,1,
710-1249,V4,12 JAN 2014,K20510,1,1,
710-1249,V12,15 JUN 2014,K91995,0,1,28 JUN 2014
710-1264,V3,13 JUN 2013,K88930,0,1,
710-1264,V4,28 JUN 2013,K73273,1,1,11 OCT 2013
710-1270,V3,12 FEB 2014,K47400,0,1,01 MAR 2014
710-1271,V3,27 SEP 2012,K30305,0,1,
710-1271,V4,13 OCT 2012,K53006,1,1,21 NOV 2012
710-1278,V3,24 DEC 2012,K92937,0,1,
710-1278,V4,08 JAN 2013,K48547,1,1,26 FEB 2013
710-1300,V3,15 DEC 2012,K74702,0,1,
710-1300,V4,31 DEC 2012,K12952,1,1,15 FEB 2013
710-1314,V3,24 APR 2013,K54780,0,1,
710-1314,V4,10 MAY 2013,K87019,1,1,23 MAY 2013
710-1315,V3,27 FEB 2013,K38027,0,1,
710-1315,V4,14 MAR 2013,K47514,1,1,06 JUL 2013
710-1354,V3,11 NOV 2012,K23051,0,1,
710-1354,V4,26 NOV 2012,K65628,1,1,
710-1354,V12,22 APR 2013,K72004,0,1,01 MAY 2013
710-1358,V3,17 SEP 2012,K24099,0,1,
710-1358,V4,02 OCT 2012,K19832,1,1,09 FEB 2013
710-1368,V3,23 OCT 2013,K39528,0,1,
710-1368,V4,07 NOV 2013,K68752,1,1,
710-1368,V12,10 APR 2014,K81898,0,1,24 APR 2014
710-1385,V3,29 OCT 2012,K39251,0,1,
710-1385,V4,13 NOV 2012,K49293,1,1,18 FEB 2013
710-1408,V3,05 JAN 2013,K82644,0,1,
710-1408,V4,25 JAN 2013,K52494,1,1,
710-1408,V12,29 JUN 2013,K96268,0,1,12 JUL 2013
711-1012,V3,03 APR 2013,K14342,0,1,
711-1012,V4,18 APR 2013,K69276,1,1,29 APR 2013
711-1036,V3,29 JUL 2012,K74871,0,1,
711-1036,V4,13 AUG 2012,K47127,1,1,
711-1036,V12,14 JAN 2013,K39631,0,1,10 FEB 2013
711-1143,V3,03 APR 2013,K69131,0,1,
711-1143,V4,18 APR 2013,K12026,1,1,30 MAY 2013
711-1433,V3,27 JAN 2013,K39008,0,1,05 FEB 2013
713-1043,V3,15 SEP 2013,K61537,0,1,
713-1043,V4,01 OCT 2013,K45571,1,1,
713-1043,V12,01 MAR 2014,K30729,0,1,24 MAR 2014
713-1073,V3,30 MAR 2014,K64704,0,1,
713-1073,V4,15 APR 2014,K87412,1,1,
713-1073,V12,22 SEP 2014,K73844,0,1,05 OCT 2014
713-1106,V3,31 OCT 2012,K30416,0,1,
713-1106,V4,16 NOV 2012,K97874,1,1,
713-1106,V12,23 APR 2013,K33668,0,1,06 MAY 2013
713-1141,V3,31 MAY 2013,K36408,0,1,
713-1141,V4,15 JUN 2013,K42168,1,1,01 JUL 2013
713-1179,V3,09 AUG 2013,K53920,0,1,
713-1179,V4,25 AUG 2013,K52155,1,1,
713-1179,V12,25 JAN 2014,K77184,0,1,05 FEB 2014
713-1209,V3,27 MAY 2013,K16655,0,1,
713-1209,V4,15 JUN 2013,K11117,1,1,
713-1209,V12,15 NOV 2013,K98145,0,1,22 NOV 2013
713-1256,V3,19 SEP 2012,K17790,0,1,
713-1256,V4,04 OCT 2012,K58584,1,1,
713-1256,V12,10 MAR 2013,K41492,0,1,25 MAR 2013
713-1269,V3,27 JAN 2014,K45040,0,1,
713-1269,V4,11 FEB 2014,K15184,1,1,
713-1269,V12,14 JUL 2014,K79105,0,1,28 JUL 2014
713-1448,V3,19 JAN 2014,K38178,0,1,
713-1448,V4,02 FEB 2014,K29126,1,1,16 MAY 2014
714-1035,V3,17 APR 2014,K75480,0,1,
714-1035,V4,02 MAY 2014,K19941,1,1,
714-1035,V12,03 OCT 2014,K69272,0,1,16 OCT 2014
714-1068,V3,08 AUG 2013,K47926,0,1,
714-1068,V4,23 AUG 2013,K81338,1,1,08 OCT 2013
714-1195,V3,26 APR 2013,K97932,0,1,
714-1195,V4,10 MAY 2013,K34496,1,1,
714-1195,V12,11 OCT 2013,K64959,0,1,23 OCT 2013
714-1288,V3,04 DEC 2013,K94288,0,1,
714-1288,V4,18 DEC 2013,K44623,1,1,
714-1288,V12,28 MAY 2014,K40689,0,1,17 JUN 2014
714-1375,V3,26 FEB 2013,K10509,0,1,
714-1375,V4,20 MAR 2013,K18214,1,1,
714-1375,V12,24 AUG 2013,K67484,0,1,07 SEP 2013
714-1425,V3,15 AUG 2013,K89472,0,1,19 AUG 2013
715-1085,V3,16 FEB 2013,K92933,0,1,
715-1085,V4,05 MAR 2013,K53405,1,1,
715-1085,V12,05 AUG 2013,K85628,0,1,18 AUG 2013
715-1107,V3,26 FEB 2013,K66823,0,1,
715-1107,V4,13 MAR 2013,K94193,1,1,07 MAY 2013
715-1155,V3,13 DEC 2013,K85662,0,1,
715-1155,V4,28 DEC 2013,K71433,1,1,25 JAN 2014
715-1207,V3,18 NOV 2012,K48567,0,1,
715-1207,V4,03 DEC 2012,K13237,1,1,
715-1207,V12,06 MAY 2013,K15927,0,1,27 MAY 2013
715-1319,V3,17 FEB 2013,K82514,0,1,
715-1319,V4,04 MAR 2013,K66973,1,1,05 MAR 2013
715-1321,V3,11 FEB 2014,K78852,0,1,
715-1321,V4,27 FEB 2014,K20952,1,1,21 APR 2014
715-1397,V3,03 APR 2013,K22587,0,1,
715-1397,V4,19 APR 2013,K54596,1,1,
715-1397,V12,19 SEP 2013,K18568,0,1,02 OCT 2013
715-1405,V3,06 JUL 2013,K72025,0,1,07 JUL 2013
716-1024,V3,09 JUL 2012,K68085,0,1,
716-1024,V4,24 JUL 2012,K34594,1,1,
716-1024,V12,31 DEC 2012,K67314,0,1,20 JAN 2013
716-1026,V3,02 APR 2014,K44780,0,1,
716-1026,V4,19 APR 2014,K72042,1,1,
716-1026,V12,28 SEP 2014,K73234,0,1,16 OCT 2014
716-1030,V3,28 DEC 2013,K79018,0,1,02 JAN 2014
716-1044,V3,27 APR 2013,K28334,0,1,
716-1044,V4,11 MAY 2013,K36812,1,1,
716-1044,V12,17 OCT 2013,K10000,0,1,03 NOV 2013
716-1063,V3,09 MAY 2013,K21896,0,1,
716-1063,V4,24 MAY 2013,K45185,1,1,25 AUG 2013
716-1071,V3,08 JUN 2013,K42931,0,1,
716-1071,V4,23 JUN 2013,K84351,1,1,01 AUG 2013
716-1094,V3,19 DEC 2012,K80022,0,1,
716-1094,V4,07 JAN 2013,K52580,1,1,24 JAN 2013
716-1103,V3,20 MAR 2014,K90030,0,1,
716-1103,V4,06 APR 2014,K60956,1,1,
716-1103,V12,31 AUG 2014,K91907,0,1,20 SEP 2014
716-1108,V3,12 FEB 2013,K97942,0,1,
716-1108,V4,27 FEB 2013,K80928,1,1,
716-1108,V12,03 AUG 2013,K51415,0,1,10 AUG 2013
716-1151,V3,01 FEB 2013,K38580,0,1,
716-1151,V4,16 FEB 2013,K25452,1,1,11 MAY 2013
716-1157,V3,02 OCT 2013,K91682,0,1,
716-1157,V4,17 OCT 2013,K14827,1,1,
716-1157,V12,27 MAR 2014,K84724,0,1,04 APR 2014
716-1160,V3,05 APR 2013,K78204,0,1,
716-1160,V4,20 APR 2013,K43850,1,1,
716-1160,V12,28 SEP 2013,K91918,0,1,11 OCT 2013
716-1167,V3,08 OCT 2012,K75525,0,1,
716-1167,V4,30 OCT 2012,K46399,1,1,
716-1167,V12,25 MAR 2013,K75451,0,1,12 APR 2013
716-1177,V3,02 SEP 2014,K35163,0,1,
716-1177,V4,17 SEP 2014,K48885,1,1,
716-1177,V12,18 FEB 2015,K34215,0,1,05 MAR 2015
716-1189,V3,09 OCT 2012,K28191,0,1,
716-1189,V4,25 OCT 2012,K65679,1,1,27 FEB 2013
716-1229,V3,20 FEB 2013,K49964,0,1,
716-1229,V4,07 MAR 2013,K57295,1,1,31 MAR 2013
716-1298,V3,08 APR 2013,K98446,0,1,
716-1298,V4,23 APR 2013,K30400,1,1,28 JUN 2013
716-1308,V3,28 AUG 2013,K74226,0,1,
716-1308,V4,13 SEP 2013,K41655,1,1,07 OCT 2013
716-1311,V3,14 MAY 2014,K29356,0,1,
716-1311,V4,29 MAY 2014,K11017,1,1,21 SEP 2014
716-1364,V3,04 JUL 2013,K30207,0,1,
716-1364,V4,18 JUL 2013,K96200,1,1,
716-1364,V12,24 DEC 2013,K62032,0,1,09 JAN 2014
716-1373,V3,14 DEC 2012,K17514,0,1,
716-1373,V4,31 DEC 2012,K54438,1,1,27 FEB 2013
716-1418,V3,05 MAY 2013,K86751,0,1,
716-1418,V4,20 MAY 2013,K11573,1,1,
716-1418,V12,07 NOV 2013,K37478,0,1,20 NOV 2013
716-1441,V3,22 JAN 2014,K49264,0,1,
716-1441,V4,07 FEB 2014,K61265,1,1,
716-1441,V12,09 JUL 2014,K97863,0,1,22 JUL 2014
716-1447,V3,16 DEC 2013,K74290,0,1,
716-1447,V4,01 JAN 2014,K94337,1,1,
716-1447,V12,08 JUN 2014,K46070,0,1,17 JUN 2014
717-1004,V3,14 JAN 2014,K39914,0,1,
717-1004,V4,29 JAN 2014,K24834,1,1,
717-1004,V12,02 JUL 2014,K40066,0,1,16 JUL 2014
717-1109,V3,27 JAN 2014,K13761,0,1,
717-1109,V4,11 FEB 2014,K91564,1,1,
717-1109,V12,19 JUL 2014,K78561,0,1,28 JUL 2014
717-1174,V3,22 JAN 2013,K52015,0,1,
717-1174,V4,05 FEB 2013,K36285,1,1,
717-1174,V12,08 JUL 2013,K85010,0,1,24 JUL 2013
717-1201,V3,19 DEC 2013,K20798,0,1,
717-1201,V4,04 JAN 2014,K52744,1,1,21 FEB 2014
717-1344,V3,11 JAN 2014,K71154,0,1,
717-1344,V4,25 JAN 2014,K97557,1,1,14 MAR 2014
717-1357,V3,01 MAY 2013,K71434,0,1,
717-1357,V4,16 MAY 2013,K80286,1,1,14 OCT 2013
717-1446,V3,01 SEP 2013,K30111,0,1,
717-1446,V4,17 SEP 2013,K47682,1,1,
717-1446,V12,17 FEB 2014,K93116,0,1,03 MAR 2014
718-1066,V3,07 JUL 2013,K90415,0,1,16 JUL 2013
718-1079,V3,19 SEP 2012,K63883,0,1,
718-1079,V4,04 OCT 2012,K18243,1,1,31 OCT 2012
718-1101,V3,17 FEB 2013,K11501,0,1,
718-1101,V4,04 MAR 2013,K27751,1,1,31 JUL 2013
718-1139,V3,19 MAY 2013,K33163,0,1,
718-1139,V4,03 JUN 2013,K17515,1,1,
718-1139,V12,04 NOV 2013,K35034,0,1,17 NOV 2013
718-1150,V3,19 JAN 2013,K55514,0,1,
718-1150,V4,03 FEB 2013,K91064,1,1,
718-1150,V12,08 JUL 2013,K34429,0,1,29 JUL 2013
718-1170,V3,16 SEP 2013,K15817,0,1,
718-1170,V4,30 SEP 2013,K50861,1,1,12 OCT 2013
718-1172,V3,21 SEP 2013,K67172,0,1,
718-1172,V4,06 OCT 2013,K15123,1,1,29 NOV 2013
718-1250,V3,21 SEP 2013,K89748,0,1,
718-1250,V4,04 OCT 2013,K38201,1,1,31 JAN 2014
718-1254,V3,10 JUL 2013,K74256,0,1,
718-1254,V4,26 JUL 2013,K71085,1,1,
718-1254,V12,27 DEC 2013,K55469,0,1,09 JAN 2014
718-1328,V3,01 FEB 2013,K89683,0,1,
718-1328,V4,15 FEB 2013,K43933,1,1,18 APR 2013
718-1355,V3,28 FEB 2013,K50851,0,1,
718-1355,V4,17 MAR 2013,K63938,1,1,
718-1355,V12,16 AUG 2013,K87810,0,1,29 AUG 2013
718-1371,V3,26 APR 2013,K38921,0,1,
718-1371,V4,09 MAY 2013,K89264,1,1,01 AUG 2013
718-1427,V3,17 DEC 2012,K54052,0,1,
718-1427,V4,01 JAN 2013,K61907,1,1,11 FEB 2013
