SUBJECT,FOLDER,VISIT_NO,VISIT_DATE,FINAL_DOSE_DATE
701-1015,V13,,02 JUL 2014,02 JUL 2014
701-1023,ET,5,02 SEP 2012,01 SEP 2012
701-1028,V13,,14 JAN 2014,14 JAN 2014
701-1033,ET,5,14 APR 2014,31 MAR 2014
701-1034,V13,,30 DEC 2014,30 DEC 2014
701-1047,ET,6,29 MAR 2013,09 MAR 2013
701-1097,V13,,09 JUL 2014,09 JUL 2014
701-1111,ET,4,17 SEP 2012,16 SEP 2012
701-1115,ET,8,23 JAN 2013,23 JAN 2013
701-1118,V13,,09 SEP 2014,09 SEP 2014
701-1130,V13,,16 AUG 2014,16 AUG 2014
701-1133,V13,,29 APR 2013,28 APR 2013
701-1146,ET,7,30 JUN 2013,26 JUN 2013
701-1148,V13,,20 FEB 2014,20 FEB 2014
701-1153,V13,,01 APR 2014,16 MAR 2014
701-1180,ET,7,23 MAR 2013,18 MAR 2013
701-1181,ET,4,12 DEC 2013,09 DEC 2013
701-1188,ET,7,25 MAR 2013,24 MAR 2013
701-1192,V13,,20 JAN 2013,20 JAN 2013
701-1203,V13,,03 AUG 2013,03 AUG 2013
701-1211,ET,9,14 JAN 2013,12 JAN 2013
701-1234,V13,,22 SEP 2013,22 SEP 2013
701-1239,V13,,11 JUL 2014,10 JUL 2014
701-1275,ET,10,14 JUN 2014,31 MAY 2014
701-1287,V13,,26 JUL 2014,26 JUL 2014
701-1294,ET,9,14 JUN 2013,14 JUN 2013
701-1302,ET,9,05 NOV 2013,05 NOV 2013
701-1317,V13,,20 NOV 2014,20 NOV 2014
701-1324,V13,,02 APR 2013,02 APR 2013
701-1341,ET,5,07 FEB 2013,26 JAN 2013
701-1345,ET,12,18 MAR 2014,18 MAR 2014
701-1360,ET,4,14 AUG 2013,05 AUG 2013
701-1363,V13,,27 NOV 2013,27 NOV 2013
701-1383,V13,,06 AUG 2013,06 AUG 2013
701-1387,ET,4,25 MAR 2014,25 MAR 2014
701-1392,V13,,28 APR 2013,28 APR 2013
701-1415,V13,,24 MAR 2014,24 MAR 2014
701-1429,ET,7,30 APR 2013,30 APR 2013
701-1440,V13,,05 FEB 2014,05 FEB 2014
701-1442,V13,,26 APR 2014,26 APR 2014
701-1444,ET,7,13 FEB 2013,12 FEB 2013
702-1082,ET,9,17 NOV 2013,13 OCT 2013
703-1042,V13,,31 AUG 2013,31 AUG 2013
703-1076,ET,9,24 DEC 2013,24 DEC 2013
703-1086,ET,10,24 DEC 2012,04 DEC 2012
703-1096,ET,7,29 MAR 2013,16 MAR 2013
703-1100,V13,,14 SEP 2013,14 SEP 2013
703-1119,ET,10,13 JUN 2013,13 JUN 2013
703-1175,ET,4,31 DEC 2013,26 DEC 2013
703-1182,ET,8,12 DEC 2013,11 DEC 2013
703-1197,ET,4,22 JUL 2013,29 JUN 2013
703-1210,V13,,06 SEP 2013,06 SEP 2013
703-1258,V13,,21 JAN 2013,11 JAN 2013
703-1279,ET,4,22 JUN 2013,03 JUN 2013
703-1295,ET,11,19 MAY 2014,19 APR 2014
703-1299,V13,,13 MAR 2013,13 MAR 2013
703-1335,ET,7,24 MAY 2014,07 MAY 2014
703-1379,V13,,21 MAR 2014,21 MAR 2014
703-1403,ET,4,19 DEC 2012,13 DEC 2012
703-1439,V13,,11 SEP 2014,11 SEP 2014
704-1008,ET,7,25 FEB 2013,21 FEB 2013
704-1009,ET,5,02 OCT 2013,25 SEP 2013
704-1010,ET,11,09 JUL 2014,08 JUL 2014
704-1017,ET,7,24 NOV 2013,18 NOV 2013
704-1025,ET,6,29 NOV 2013,24 OCT 2013
704-1065,ET,9,24 DEC 2013,22 DEC 2013
704-1074,ET,8,31 MAR 2014,20 MAR 2014
704-1093,ET,10,20 JUN 2013,17 JUN 2013
704-1114,ET,12,08 JUL 2013,07 JUL 2013
704-1120,ET,9,03 FEB 2014,01 FEB 2014
704-1127,V13,,31 MAR 2014,31 MAR 2014
704-1135,V13,,16 MAY 2014,16 MAY 2014
704-1164,V13,,04 APR 2013,04 APR 2013
704-1218,V13,,27 MAY 2013,27 MAY 2013
704-1233,ET,11,14 JUL 2013,
704-1241,ET,8,31 OCT 2013,09 OCT 2013
704-1260,ET,9,18 JAN 2013,04 NOV 2012
704-1266,ET,8,06 DEC 2013,06 DEC 2013
704-1323,ET,7,08 AUG 2013,05 AUG 2013
704-1325,ET,10,06 AUG 2014,04 JUL 2014
704-1332,ET,9,16 FEB 2014,14 FEB 2014
704-1351,V13,,18 APR 2014,18 APR 2014
704-1388,V13,,19 JUN 2013,11 JUN 2013
704-1435,ET,8,12 JAN 2013,09 JAN 2013
704-1445,ET,12,01 NOV 2014,01 NOV 2014
705-1018,ET,4,12 JUL 2013,
705-1031,ET,12,11 MAY 2014,
705-1059,ET,10,05 DEC 2013,05 DEC 2013
705-1186,ET,5,07 FEB 2014,26 JAN 2014
705-1199,ET,4,29 SEP 2013,28 SEP 2013
705-1280,V13,,25 JUL 2014,25 JUL 2014
705-1281,ET,10,17 MAR 2014,27 FEB 2014
705-1282,V13,,24 JUN 2013,24 JUN 2013
705-1292,V13,,14 MAY 2014,13 MAY 2014
705-1303,ET,11,02 JUN 2014,
705-1310,ET,9,23 JAN 2014,23 JAN 2014
705-1349,V13,,08 SEP 2013,08 SEP 2013
705-1377,ET,7,07 MAR 2014,
705-1382,ET,4,13 MAY 2013,
705-1393,ET,11,20 FEB 2013,01 FEB 2013
705-1431,V13,,19 DEC 2013,19 DEC 2013
706-1041,V13,,29 JUL 2014,28 JUL 2014
706-1049,ET,7,25 JUN 2013,18 JUN 2013
706-1384,ET,4,29 SEP 2012,24 SEP 2012
707-1037,ET,4,08 JAN 2014,24 DEC 2013
707-1206,V13,,27 APR 2014,26 APR 2014
708-1019,ET,4,23 JAN 2014,01 JAN 2014
708-1032,ET,5,09 MAR 2013,01 MAR 2013
708-1084,V13,,11 NOV 2013,11 NOV 2013
708-1087,V13,,28 APR 2013,28 APR 2013
708-1158,ET,7,22 MAR 2014,21 MAR 2014
708-1171,V13,,04 JUN 2013,04 JUN 2013
708-1178,ET,9,06 APR 2014,06 APR 2014
708-1213,ET,5,26 FEB 2013,22 FEB 2013
708-1216,ET,7,06 DEC 2012,29 NOV 2012
708-1236,ET,4,26 SEP 2013,21 SEP 2013
708-1253,V13,,05 NOV 2013,05 NOV 2013
708-1272,ET,8,04 APR 2013,22 MAR 2013
708-1286,V13,,08 MAR 2014,08 MAR 2014
708-1296,V13,,12 DEC 2013,12 DEC 2013
708-1297,ET,10,08 MAY 2013,03 MAY 2013
708-1316,V13,,01 MAR 2014,01 MAR 2014
708-1336,V13,,05 JUN 2013,05 JUN 2013
708-1342,V13,,28 JUN 2013,28 JUN 2013
708-1347,ET,9,18 JUN 2013,18 JUN 2013
708-1348,V13,,13 FEB 2014,13 FEB 2014
708-1353,ET,8,10 SEP 2013,28 AUG 2013
708-1372,ET,4,10 MAY 2013,19 APR 2013
708-1378,ET,11,28 JAN 2014,28 JAN 2014
708-1406,V13,,02 JUL 2014,02 JUL 2014
708-1428,ET,8,31 JAN 2014,14 DEC 2013
709-1001,V13,,08 APR 2014,08 APR 2014
709-1007,ET,5,01 SEP 2012,28 AUG 2012
709-1020,V13,,01 JUN 2013,01 JUN 2013
709-1029,V13,,26 JUN 2013,26 JUN 2013
709-1081,ET,10,10 MAY 2014,27 APR 2014
709-1088,V13,,09 OCT 2014,09 OCT 2014
709-1099,V13,,25 APR 2014,25 APR 2014
709-1102,ET,9,31 MAR 2013,27 MAR 2013
709-1168,ET,8,27 SEP 2013,26 SEP 2013
709-1217,ET,10,25 JUN 2013,11 JUN 2013
709-1238,ET,9,07 AUG 2013,06 AUG 2013
709-1259,ET,11,13 JUN 2013,13 JUN 2013
709-1285,ET,9,31 MAY 2013,23 MAY 2013
709-1301,V13,,17 JAN 2014,17 JAN 2014
709-1306,ET,11,25 JUN 2014,16 JUN 2014
709-1309,V13,,19 DEC 2013,19 DEC 2013
709-1312,V13,,19 OCT 2014,19 OCT 2014
709-1326,V13,,02 OCT 2013,02 OCT 2013
709-1329,ET,4,29 AUG 2013,25 AUG 2013
709-1339,V13,,24 JUN 2013,24 JUN 2013
709-1424,ET,4,08 MAR 2013,07 MAR 2013
710-1002,ET,4,18 JAN 2014,18 JAN 2014
710-1006,V13,,10 AUG 2013,09 AUG 2013
710-1021,ET,7,12 NOV 2013,29 OCT 2013
710-1027,V13,,29 AUG 2014,29 AUG 2014
710-1045,ET,9,17 AUG 2013,13 AUG 2013
710-1053,ET,8,15 FEB 2013,10 FEB 2013
710-1060,V13,,05 JUL 2013,05 JUL 2013
710-1070,ET,11,23 FEB 2013,22 JAN 2013
710-1077,V13,,18 MAY 2014,18 MAY 2014
710-1078,V13,,23 MAR 2014,23 MAR 2014
710-1083,ET,4,02 AUG 2013,01 AUG 2013
710-1137,ET,7,13 NOV 2013,13 NOV 2013
710-1142,ET,5,23 OCT 2012,20 OCT 2012
710-1154,ET,7,09 MAY 2014,27 APR 2014
710-1166,ET,10,30 MAR 2013,19 MAR 2013
710-1183,V13,,17 MAY 2014,17 MAY 2014
710-1187,V13,,12 MAY 2013,12 MAY 2013
710-1235,V13,,27 MAR 2013,27 MAR 2013
710-1249,V13,,28 JUN 2014,28 JUN 2014
710-1264,ET,11,12 OCT 2013,11 OCT 2013
710-1270,ET,4,01 MAR 2014,01 MAR 2014
710-1271,ET,8,02 DEC 2012,21 NOV 2012
710-1278,ET,9,03 MAR 2013,26 FEB 2013
710-1300,ET,9,19 FEB 2013,15 FEB 2013
710-1314,ET,6,25 MAY 2013,23 MAY 2013
710-1315,ET,11,16 JUL 2013,06 JUL 2013
710-1354,V13,,01 MAY 2013,01 MAY 2013
710-1358,ET,12,12 MAR 2013,09 FEB 2013
710-1368,V13,,24 APR 2014,24 APR 2014
710-1385,ET,10,18 FEB 2013,18 FEB 2013
710-1408,V13,,12 JUL 2013,12 JUL 2013
711-1012,ET,5,02 MAY 2013,29 APR 2013
711-1036,V13,,10 FEB 2013,10 FEB 2013
711-1143,ET,9,01 JUN 2013,30 MAY 2013
711-1433,ET,4,06 FEB 2013,05 FEB 2013
713-1043,V13,,24 MAR 2014,24 MAR 2014
713-1073,V13,,05 OCT 2014,05 OCT 2014
713-1106,V13,,06 MAY 2013,06 MAY 2013
713-1141,ET,7,06 AUG 2013,01 JUL 2013
713-1179,V13,,05 FEB 2014,05 FEB 2014
713-1209,V13,,22 NOV 2013,22 NOV 2013
713-1256,V13,,25 MAR 2013,25 MAR 2013
713-1269,V13,,28 JUL 2014,28 JUL 2014
713-1448,ET,10,17 MAY 2014,16 MAY 2014
714-1035,V13,,16 OCT 2014,16 OCT 2014
714-1068,ET,9,16 OCT 2013,08 OCT 2013
714-1195,V13,,23 OCT 2013,23 OCT 2013
714-1288,V13,,17 JUN 2014,17 JUN 2014
714-1375,V13,,07 SEP 2013,07 SEP 2013
714-1425,ET,4,22 AUG 2013,19 AUG 2013
715-1085,V13,,18 AUG 2013,18 AUG 2013
715-1107,ET,9,13 MAY 2013,07 MAY 2013
715-1155,ET,7,26 APR 2014,25 JAN 2014
715-1207,V13,,01 JUN 2013,27 MAY 2013
715-1319,ET,5,18 MAR 2013,05 MAR 2013
715-1321,ET,9,22 APR 2014,21 APR 2014
715-1397,V13,,03 OCT 2013,02 OCT 2013
715-1405,ET,4,13 JUL 2013,07 JUL 2013
716-1024,V13,,20 JAN 2013,20 JAN 2013
716-1026,V13,,16 OCT 2014,16 OCT 2014
716-1030,ET,4,10 JAN 2014,02 JAN 2014
716-1044,V13,,03 NOV 2013,03 NOV 2013
716-1063,ET,10,28 AUG 2013,25 AUG 2013
716-1071,ET,8,01 AUG 2013,01 AUG 2013
716-1094,ET,7,26 JAN 2013,24 JAN 2013
716-1103,V13,,20 SEP 2014,20 SEP 2014
716-1108,V13,,10 AUG 2013,10 AUG 2013
716-1151,ET,10,07 JUN 2013,11 MAY 2013
716-1157,V13,,05 APR 2014,04 APR 2014
716-1160,V13,,11 OCT 2013,11 OCT 2013
716-1167,V13,,13 APR 2013,12 APR 2013
716-1177,V13,,05 MAR 2015,05 MAR 2015
716-1189,ET,11,03 MAR 2013,27 FEB 2013
716-1229,ET,7,02 APR 2013,31 MAR 2013
716-1298,ET,9,06 JUL 2013,28 JUN 2013
716-1308,ET,7,07 OCT 2013,07 OCT 2013
716-1311,ET,11,30 SEP 2014,21 SEP 2014
716-1364,V13,,09 JAN 2014,09 JAN 2014
716-1373,ET,9,28 FEB 2013,27 FEB 2013
716-1418,V13,,20 NOV 2013,20 NOV 2013
716-1441,V13,,22 JUL 2014,22 JUL 2014
716-1447,V13,,17 JUN 2014,17 JUN 2014
717-1004,V13,,16 JUL 2014,16 JUL 2014
717-1109,V13,,28 JUL 2014,28 JUL 2014
717-1174,V13,,24 JUL 2013,24 JUL 2013
717-1201,ET,8,21 FEB 2014,21 FEB 2014
717-1344,ET,8,14 MAR 2014,14 MAR 2014
717-1357,ET,12,20 OCT 2013,14 OCT 2013
717-1446,V13,,04 MAR 2014,03 MAR 2014
718-1066,ET,4,30 JUL 2013,16 JUL 2013
718-1079,ET,7,06 NOV 2012,31 OCT 2012
718-1101,ET,12,02 AUG 2013,31 JUL 2013
718-1139,V13,,17 NOV 2013,17 NOV 2013
718-1150,V13,,31 JUL 2013,29 JUL 2013
718-1170,ET,5,03 NOV 2013,12 OCT 2013
718-1172,ET,9,29 NOV 2013,29 NOV 2013
718-1250,ET,11,08 FEB 2014,31 JAN 2014
718-1254,V13,,09 JAN 2014,09 JAN 2014
718-1328,ET,9,01 MAY 2013,18 APR 2013
718-1355,V13,,29 AUG 2013,29 AUG 2013
718-1371,ET,9,08 AUG 2013,01 AUG 2013
718-1427,ET,8,18 FEB 2013,11 FEB 2013
