SITE_ID,SUBJECT_ID,SCREENING_DATETIME,SUBJECT_STATUS,SCREEN_FAIL_DATETIME,RANDOMIZATION_DATETIME,RANDOMIZATION_NUMBER,TREATMENT_ARM,KIT_NUMBER
701,1015,2013-12-26T12:58:12,Randomized,,2014-01-02T14:57:35,R701-032,Placebo,K87704
701,1023,2012-07-22T09:16:14,Randomized,,2012-08-05T13:46:00,R701-002,Placebo,K21219
701,1028,2013-07-11T14:07:47,Randomized,,2013-07-19T15:41:39,R701-021,Xanomeline High Dose,K38136
701,1033,2014-03-10T08:53:45,Randomized,,2014-03-18T14:49:39,R701-039,Xanomeline Low Dose,K74029
701,1034,2014-06-24T12:16:33,Randomized,,2014-07-01T14:13:34,R701-041,Xanomeline High Dose,K48280
701,1047,2013-01-22T14:15:29,Randomized,,2013-02-12T10:52:44,R701-013,Placebo,K40789
701,1057,2013-12-20T16:33:22,Screen Failed,2013-12-20T09:15:38,,,,
701,1097,2013-12-23T15:59:29,Randomized,,2014-01-01T16:40:51,R701-031,Xanomeline Low Dose,K20922
701,1111,2012-08-25T13:34:36,Randomized,,2012-09-07T11:27:45,R701-003,Xanomeline Low Dose,K62703
701,1115,2012-11-23T15:39:23,Randomized,,2012-11-30T14:29:24,R701-008,Xanomeline Low Dose,K89935
701,1118,2014-02-27T08:13:15,Randomized,,2014-03-12T14:53:05,R701-037,Placebo,K54359
701,1130,2014-02-09T13:10:31,Randomized,,2014-02-15T12:34:12,R701-036,Placebo,K98920
701,1133,2012-10-23T15:54:15,Randomized,,2012-10-28T11:57:29,R701-006,Xanomeline High Dose,K87007
701,1145,2013-09-05T10:40:45,Screen Failed,2013-09-05T13:24:28,,,,
701,1146,2013-05-07T15:10:25,Randomized,,2013-05-20T14:31:14,R701-019,Xanomeline High Dose,K44944
701,1148,2013-08-14T16:47:33,Randomized,,2013-08-23T11:01:47,R701-024,Xanomeline High Dose,K79215
701,1153,2013-09-06T10:54:24,Randomized,,2013-09-23T11:30:57,R701-026,Placebo,K82268
701,1162,2013-04-18T15:19:48,Screen Failed,2013-04-18T12:27:38,,,,
701,1176,2012-09-30T12:02:44,Screen Failed,2012-09-30T14:38:00,,,,
701,1180,2013-01-28T14:58:11,Randomized,,2013-02-12T12:48:31,R701-014,Xanomeline High Dose,K71365
701,1181,2013-11-26T10:42:15,Randomized,,2013-12-05T08:42:30,R701-030,Xanomeline High Dose,K70210
701,1188,2013-02-03T08:35:35,Randomized,,2013-02-15T09:21:58,R701-015,Xanomeline Low Dose,K18707
701,1192,2012-07-08T08:37:48,Randomized,,2012-07-22T15:23:33,R701-001,Xanomeline Low Dose,K61782
701,1203,2013-01-25T11:09:31,Randomized,,2013-02-02T11:49:03,R701-011,Placebo,K89537
701,1211,2012-10-30T16:31:10,Randomized,,2012-11-15T09:36:55,R701-007,Xanomeline Low Dose,K81672
701,1234,2013-03-20T13:18:45,Randomized,,2013-03-30T12:47:35,R701-018,Placebo,K13484
701,1239,2013-12-28T09:33:42,Randomized,,2014-01-11T13:18:03,R701-033,Xanomeline High Dose,K36333
701,1240,2013-09-22T15:32:46,Screen Failed,2013-09-22T08:40:47,,,,
701,1275,2014-01-25T14:42:16,Randomized,,2014-02-07T09:16:49,R701-035,Xanomeline High Dose,K97608
701,1287,2014-01-17T10:20:52,Randomized,,2014-01-25T11:33:52,R701-034,Xanomeline High Dose,K68438
701,1294,2013-03-17T13:37:43,Randomized,,2013-03-24T13:54:10,R701-017,Xanomeline Low Dose,K92303
701,1302,2013-08-20T14:45:39,Randomized,,2013-08-29T08:11:12,R701-025,Xanomeline High Dose,K54559
701,1307,2013-12-08T10:31:55,Screen Failed,2013-12-08T12:54:26,,,,
701,1317,2014-05-10T13:27:41,Randomized,,2014-05-22T16:38:20,R701-040,Xanomeline Low Dose,K21984
701,1324,2012-09-16T10:43:12,Randomized,,2012-10-02T12:40:01,R701-004,Xanomeline Low Dose,K95492
701,1341,2012-12-22T09:30:28,Randomized,,2013-01-05T14:32:18,R701-010,Xanomeline Low Dose,K41873
701,1345,2013-10-01T08:07:34,Randomized,,2013-10-08T08:02:35,R701-028,Placebo,K94350
701,1356,2014-04-01T16:21:15,Screen Failed,2014-04-01T15:18:13,,,,
701,1360,2013-07-24T14:00:09,Randomized,,2013-07-31T10:25:54,R701-022,Xanomeline High Dose,K23444
701,1363,2013-05-20T15:13:07,Randomized,,2013-05-30T15:04:46,R701-020,Placebo,K22362
701,1369,2013-09-18T09:55:13,Screen Failed,2013-09-18T12:40:40,,,,
701,1383,2013-01-22T12:49:49,Randomized,,2013-02-04T10:20:48,R701-012,Xanomeline High Dose,K82452
701,1386,2013-12-28T09:22:55,Screen Failed,2013-12-28T13:20:05,,,,
701,1387,2014-02-23T10:22:04,Randomized,,2014-03-12T09:49:18,R701-038,Placebo,K24986
701,1392,2012-10-17T10:59:47,Randomized,,2012-10-28T16:36:51,R701-005,Placebo,K51693
701,1411,2012-11-14T15:54:19,Screen Failed,2012-11-14T11:52:06,,,,
701,1415,2013-09-15T12:10:46,Randomized,,2013-09-23T08:49:41,R701-027,Placebo,K62828
701,1429,2013-02-25T15:34:15,Randomized,,2013-03-19T10:49:12,R701-016,Xanomeline Low Dose,K38792
701,1440,2013-07-24T16:39:49,Randomized,,2013-08-08T09:42:42,R701-023,Placebo,K52662
701,1442,2013-10-17T13:34:00,Randomized,,2013-10-26T12:23:29,R701-029,Xanomeline Low Dose,K64664
701,1444,2012-12-31T08:41:31,Randomized,,2013-01-05T14:10:02,R701-009,Xanomeline High Dose,K99449
702,1082,2013-07-03T11:32:16,Randomized,,2013-07-26T16:32:30,R702-001,Xanomeline Low Dose,K74532
703,1042,2013-02-23T16:41:27,Randomized,,2013-03-02T13:57:17,R703-007,Placebo,K37343
703,1076,2013-10-17T11:30:56,Randomized,,2013-10-25T15:32:37,R703-014,Xanomeline High Dose,K87001
703,1086,2012-08-22T13:53:17,Randomized,,2012-09-02T10:58:21,R703-002,Xanomeline Low Dose,K76499
703,1096,2012-12-19T08:58:34,Randomized,,2013-01-25T12:11:24,R703-005,Placebo,K63548
703,1100,2013-02-28T16:46:17,Randomized,,2013-03-13T10:26:22,R703-008,Placebo,K32606
703,1119,2013-02-02T09:12:26,Randomized,,2013-02-20T15:54:09,R703-006,Xanomeline Low Dose,K17202
703,1175,2013-12-13T09:40:03,Randomized,,2013-12-20T14:54:24,R703-016,Placebo,K76620
703,1182,2013-10-08T15:22:01,Randomized,,2013-10-17T09:45:23,R703-013,Xanomeline Low Dose,K89341
703,1197,2013-06-01T13:10:01,Randomized,,2013-06-16T09:01:56,R703-011,Xanomeline Low Dose,K21959
703,1210,2013-03-08T12:08:48,Randomized,,2013-03-16T08:59:31,R703-009,Placebo,K13757
703,1258,2012-07-10T13:31:15,Randomized,,2012-07-20T14:41:16,R703-001,Xanomeline High Dose,K42809
703,1279,2013-04-27T14:18:01,Randomized,,2013-05-13T14:21:34,R703-010,Xanomeline Low Dose,K99440
703,1295,2013-10-24T13:30:39,Randomized,,2013-11-21T15:18:56,R703-015,Xanomeline High Dose,K81946
703,1299,2012-09-07T14:26:37,Randomized,,2012-09-12T15:06:41,R703-003,Placebo,K92507
703,1335,2014-02-28T12:51:01,Randomized,,2014-03-17T12:40:34,R703-018,Xanomeline High Dose,K90471
703,1379,2013-09-12T15:12:47,Randomized,,2013-09-22T12:52:33,R703-012,Xanomeline Low Dose,K91943
703,1396,2014-02-09T10:46:13,Screen Failed,2014-02-09T12:50:46,,,,
703,1403,2012-12-05T11:24:27,Randomized,,2012-12-12T12:12:04,R703-004,Xanomeline High Dose,K36836
703,1439,2014-03-04T13:34:21,Randomized,,2014-03-12T09:21:56,R703-017,Xanomeline High Dose,K77977
704,1008,2013-01-06T10:30:44,Randomized,,2013-01-13T13:33:49,R704-006,Xanomeline High Dose,K71216
704,1009,2013-08-20T11:59:47,Randomized,,2013-08-27T11:30:33,R704-012,Xanomeline Low Dose,K70643
704,1010,2014-02-08T13:49:49,Randomized,,2014-02-21T10:25:30,R704-023,Placebo,K29405
704,1017,2013-09-20T10:38:52,Randomized,,2013-10-06T11:27:12,R704-015,Xanomeline High Dose,K83738
704,1025,2013-09-18T11:21:47,Randomized,,2013-09-27T08:13:34,R704-013,Xanomeline Low Dose,K28817
704,1065,2013-10-17T10:29:42,Randomized,,2013-10-24T14:48:08,R704-018,Xanomeline High Dose,K99332
704,1074,2014-01-19T14:19:53,Randomized,,2014-01-22T10:23:20,R704-022,Xanomeline High Dose,K90757
704,1093,2013-02-22T15:39:40,Randomized,,2013-03-15T11:04:27,R704-008,Xanomeline High Dose,K81151
704,1114,2013-01-09T14:56:46,Randomized,,2013-01-23T12:10:03,R704-007,Xanomeline Low Dose,K40193
704,1120,2013-11-18T09:04:08,Randomized,,2013-12-02T08:06:33,R704-020,Xanomeline Low Dose,K54763
704,1127,2013-09-16T10:35:38,Randomized,,2013-10-02T14:12:44,R704-014,Placebo,K88043
704,1135,2013-10-23T12:18:41,Randomized,,2013-10-31T10:32:52,R704-019,Xanomeline Low Dose,K32589
704,1164,2012-09-11T13:33:14,Randomized,,2012-09-19T11:07:35,R704-002,Placebo,K85063
704,1218,2012-11-11T12:17:56,Randomized,,2012-11-19T09:10:29,R704-004,Xanomeline Low Dose,K58399
704,1233,2013-03-08T14:20:10,Randomized,,2013-03-21T12:54:38,R704-009,Placebo,K47157
704,1241,2013-08-14T15:10:31,Randomized,,2013-08-25T14:03:13,R704-011,Xanomeline High Dose,K25366
704,1260,2012-08-23T13:10:18,Randomized,,2012-08-30T15:27:33,R704-001,Placebo,K67659
704,1266,2013-10-05T15:35:44,Randomized,,2013-10-13T14:40:52,R704-017,Xanomeline High Dose,K95761
704,1323,2013-06-13T16:15:55,Randomized,,2013-07-08T08:02:06,R704-010,Xanomeline Low Dose,K53902
704,1325,2014-04-16T15:53:13,Randomized,,2014-04-23T15:22:57,R704-024,Xanomeline Low Dose,K48219
704,1332,2013-11-24T15:18:53,Randomized,,2013-12-09T15:46:50,R704-021,Xanomeline High Dose,K56038
704,1351,2013-09-26T14:28:42,Randomized,,2013-10-12T16:12:08,R704-016,Placebo,K72768
704,1388,2012-11-28T11:47:38,Randomized,,2012-12-07T14:29:27,R704-005,Placebo,K82414
704,1435,2012-11-01T10:13:06,Randomized,,2012-11-17T15:32:36,R704-003,Placebo,K40010
704,1445,2014-05-01T10:59:38,Randomized,,2014-05-11T13:19:44,R704-025,Placebo,K83212
705,1011,2013-09-01T13:43:50,Screen Failed,2013-09-01T16:53:29,,,,
705,1018,2013-06-30T08:47:18,Randomized,,2013-07-05T16:25:44,R705-006,Placebo,K30090
705,1031,2013-11-17T15:58:45,Randomized,,2013-11-27T10:03:44,R705-011,Xanomeline Low Dose,K35159
705,1058,2013-12-02T08:00:34,Screen Failed,2013-12-02T10:53:19,,,,
705,1059,2013-08-02T11:15:18,Randomized,,2013-08-05T15:58:58,R705-007,Placebo,K62741
705,1112,2014-02-23T15:23:46,Screen Failed,2014-02-23T10:29:36,,,,
705,1186,2014-01-03T11:29:13,Randomized,,2014-01-08T09:54:42,R705-015,Placebo,K88300
705,1199,2013-09-11T08:37:41,Randomized,,2013-09-16T16:57:33,R705-008,Xanomeline Low Dose,K63499
705,1243,2013-02-26T15:13:43,Screen Failed,2013-02-26T09:21:27,,,,
705,1280,2014-01-11T12:19:37,Randomized,,2014-01-17T10:40:30,R705-016,Xanomeline High Dose,K78327
705,1281,2013-11-26T16:12:02,Randomized,,2013-11-28T16:42:08,R705-012,Xanomeline High Dose,K74397
705,1282,2012-12-23T13:23:34,Randomized,,2012-12-26T13:08:44,R705-002,Placebo,K32028
705,1292,2013-10-11T08:38:01,Randomized,,2013-10-14T13:21:27,R705-009,Xanomeline Low Dose,K53671
705,1303,2013-12-10T08:39:41,Randomized,,2013-12-16T13:28:26,R705-013,Xanomeline High Dose,K77511
705,1310,2013-10-26T14:47:02,Randomized,,2013-11-02T12:21:39,R705-010,Xanomeline High Dose,K30417
705,1349,2013-02-24T09:54:39,Randomized,,2013-03-10T13:07:17,R705-003,Placebo,K17199
705,1377,2013-12-29T12:17:28,Randomized,,2014-01-04T11:24:13,R705-014,Xanomeline High Dose,K16542
705,1382,2013-05-09T16:25:43,Randomized,,2013-05-13T16:40:09,R705-004,Xanomeline High Dose,K46274
705,1393,2012-09-02T11:50:54,Randomized,,2012-09-07T11:50:59,R705-001,Xanomeline Low Dose,K41451
705,1421,2013-01-14T10:06:08,Screen Failed,2013-01-14T09:18:02,,,,
705,1431,2013-06-16T10:14:21,Randomized,,2013-06-23T13:06:23,R705-005,Xanomeline Low Dose,K98392
706,1041,2013-12-21T12:01:55,Randomized,,2013-12-31T11:16:22,R706-003,Placebo,K81202
706,1049,2013-04-30T15:03:21,Randomized,,2013-05-14T12:38:17,R706-002,Xanomeline High Dose,K29200
706,1384,2012-08-25T08:28:23,Randomized,,2012-09-15T16:18:10,R706-001,Xanomeline Low Dose,K63195
707,1037,2013-12-12T13:02:20,Randomized,,2013-12-20T13:40:25,R707-002,Xanomeline Low Dose,K42809
707,1206,2013-10-20T13:22:20,Randomized,,2013-10-28T14:36:16,R707-001,Placebo,K40978
707,1276,2012-10-12T10:57:54,Screen Failed,2012-10-12T11:10:01,,,,
707,1430,2014-02-14T10:25:50,Screen Failed,2014-02-14T12:44:54,,,,
707,1434,2013-07-25T08:01:16,Screen Failed,2013-07-25T16:33:07,,,,
708,1013,2012-10-13T13:49:46,Screen Failed,2012-10-13T15:05:20,,,,
708,1019,2013-12-10T13:43:55,Randomized,,2013-12-20T16:55:04,R708-022,Xanomeline Low Dose,K79705
708,1032,2013-02-02T15:39:57,Randomized,,2013-02-09T11:55:43,R708-009,Xanomeline Low Dose,K23593
708,1054,2014-02-14T10:15:39,Screen Failed,2014-02-14T12:18:35,,,,
708,1067,2013-02-07T14:44:25,Screen Failed,2013-02-07T13:57:38,,,,
708,1084,2013-05-01T16:48:23,Randomized,,2013-05-09T09:55:08,R708-013,Xanomeline Low Dose,K36491
708,1087,2012-10-06T08:22:14,Randomized,,2012-10-22T16:31:18,R708-001,Placebo,K77489
708,1104,2014-01-23T09:13:55,Screen Failed,2014-01-23T10:59:48,,,,
708,1158,2014-02-01T12:01:21,Randomized,,2014-02-08T10:15:36,R708-025,Placebo,K80726
708,1171,2012-11-25T14:11:25,Randomized,,2012-12-06T09:13:31,R708-003,Placebo,K32172
708,1178,2013-12-13T16:33:26,Randomized,,2013-12-29T11:46:09,R708-024,Xanomeline High Dose,K42858
708,1184,2013-01-14T16:44:08,Screen Failed,2013-01-14T08:35:35,,,,
708,1213,2013-02-01T11:30:57,Randomized,,2013-02-09T09:36:24,R708-008,Xanomeline High Dose,K46656
708,1216,2012-10-14T14:42:31,Randomized,,2012-10-24T10:55:24,R708-002,Xanomeline High Dose,K92663
708,1236,2013-09-08T16:04:51,Randomized,,2013-09-21T15:47:36,R708-020,Xanomeline High Dose,K78329
708,1242,2012-08-13T12:06:05,Screen Failed,2012-08-13T15:35:24,,,,
708,1253,2013-04-26T08:18:37,Randomized,,2013-05-07T16:29:18,R708-012,Placebo,K31636
708,1272,2013-01-22T15:00:41,Randomized,,2013-02-06T13:11:11,R708-007,Xanomeline Low Dose,K68303
708,1286,2013-08-25T12:11:33,Randomized,,2013-09-10T11:32:46,R708-019,Placebo,K31937
708,1296,2013-06-07T13:31:11,Randomized,,2013-06-14T10:22:43,R708-014,Placebo,K37591
708,1297,2013-01-15T11:01:52,Randomized,,2013-01-25T12:54:47,R708-006,Xanomeline Low Dose,K55724
708,1316,2013-08-15T16:57:53,Randomized,,2013-08-23T12:16:28,R708-017,Placebo,K56835
708,1336,2012-11-21T13:58:08,Randomized,,2012-12-07T14:49:12,R708-004,Xanomeline High Dose,K37325
708,1342,2012-12-21T09:30:14,Randomized,,2012-12-29T15:38:53,R708-005,Placebo,K99140
708,1347,2013-04-11T08:30:04,Randomized,,2013-04-20T11:44:28,R708-011,Xanomeline High Dose,K44087
708,1348,2013-07-28T12:09:25,Randomized,,2013-08-05T09:09:18,R708-016,Xanomeline Low Dose,K68697
708,1352,2013-09-16T15:43:17,Screen Failed,2013-09-16T08:54:17,,,,
708,1353,2013-06-17T14:20:07,Randomized,,2013-07-04T10:06:59,R708-015,Xanomeline Low Dose,K79021
708,1372,2013-04-03T15:06:12,Randomized,,2013-04-12T13:14:31,R708-010,Xanomeline High Dose,K22141
708,1378,2013-08-24T14:54:07,Randomized,,2013-09-03T09:53:29,R708-018,Placebo,K97356
708,1406,2013-12-06T09:20:45,Randomized,,2013-12-26T15:07:30,R708-023,Xanomeline High Dose,K32491
708,1428,2013-11-02T11:56:17,Randomized,,2013-11-09T16:06:06,R708-021,Xanomeline Low Dose,K96118
709,1001,2013-09-20T15:48:04,Randomized,,2013-10-08T15:44:59,R709-016,Placebo,K64934
709,1007,2012-07-21T08:38:32,Randomized,,2012-07-31T11:23:35,R709-001,Xanomeline Low Dose,K60968
709,1020,2012-11-22T16:44:42,Randomized,,2012-12-01T15:53:03,R709-002,Xanomeline Low Dose,K51956
709,1029,2012-12-10T10:22:17,Randomized,,2012-12-25T11:20:01,R709-004,Xanomeline High Dose,K33913
709,1081,2014-01-09T15:14:11,Randomized,,2014-01-18T08:46:27,R709-018,Xanomeline Low Dose,K26547
709,1088,2014-03-30T15:35:14,Randomized,,2014-04-12T12:32:17,R709-020,Placebo,K29191
709,1099,2013-10-14T08:27:39,Randomized,,2013-10-25T12:36:47,R709-017,Xanomeline High Dose,K12766
709,1102,2013-01-07T14:04:52,Randomized,,2013-01-15T14:42:15,R709-005,Xanomeline Low Dose,K89778
709,1168,2013-07-25T16:24:55,Randomized,,2013-08-02T16:04:32,R709-014,Xanomeline High Dose,K19970
709,1217,2013-02-16T10:40:14,Randomized,,2013-03-04T16:23:50,R709-008,Xanomeline Low Dose,K89760
709,1224,2013-11-18T09:17:04,Screen Failed,2013-11-18T12:22:53,,,,
709,1237,2014-01-17T13:02:41,Screen Failed,2014-01-17T15:20:30,,,,
709,1238,2013-05-02T10:32:36,Randomized,,2013-05-15T15:18:59,R709-011,Xanomeline High Dose,K43237
709,1259,2013-01-13T12:52:56,Randomized,,2013-01-26T13:16:03,R709-006,Placebo,K18065
709,1285,2013-03-17T08:03:02,Randomized,,2013-03-24T16:08:21,R709-009,Xanomeline Low Dose,K14317
709,1301,2013-07-14T16:26:51,Randomized,,2013-07-19T16:36:21,R709-013,Placebo,K37030
709,1306,2014-01-19T15:01:03,Randomized,,2014-02-03T12:14:44,R709-019,Placebo,K26647
709,1309,2013-06-09T13:05:17,Randomized,,2013-06-19T08:47:41,R709-012,Xanomeline High Dose,K85020
709,1312,2014-04-13T13:23:02,Randomized,,2014-04-20T10:04:34,R709-021,Placebo,K19025
709,1326,2013-03-21T13:24:32,Randomized,,2013-04-05T13:07:56,R709-010,Xanomeline Low Dose,K92130
709,1329,2013-08-01T15:06:27,Randomized,,2013-08-15T08:28:56,R709-015,Xanomeline High Dose,K26165
709,1339,2012-12-15T15:41:40,Randomized,,2012-12-23T11:55:27,R709-003,Placebo,K25827
709,1424,2013-02-15T16:43:10,Randomized,,2013-03-03T14:14:31,R709-007,Xanomeline High Dose,K41546
710,1002,2013-12-30T08:08:50,Randomized,,2014-01-14T14:42:53,R710-028,Xanomeline Low Dose,K45317
710,1006,2013-01-27T08:11:40,Randomized,,2013-02-10T12:55:54,R710-015,Xanomeline High Dose,K20177
710,1021,2013-09-19T08:42:49,Randomized,,2013-09-27T08:51:53,R710-022,Xanomeline High Dose,K20790
710,1027,2014-02-03T16:04:40,Randomized,,2014-02-28T14:32:06,R710-030,Placebo,K45882
710,1045,2013-05-20T15:04:16,Randomized,,2013-06-03T14:14:33,R710-018,Xanomeline Low Dose,K96801
710,1053,2012-12-15T08:11:40,Randomized,,2012-12-26T13:07:12,R710-012,Xanomeline Low Dose,K31853
710,1060,2012-12-24T15:35:49,Randomized,,2013-01-01T11:06:01,R710-013,Placebo,K24849
710,1070,2012-08-28T13:14:02,Randomized,,2012-09-08T14:54:53,R710-001,Xanomeline High Dose,K49986
710,1077,2013-11-03T12:23:25,Randomized,,2013-11-17T12:29:51,R710-026,Placebo,K71717
710,1078,2013-09-06T12:09:05,Randomized,,2013-09-17T14:56:05,R710-021,Placebo,K30689
710,1083,2013-07-09T10:31:26,Randomized,,2013-07-22T09:49:43,R710-020,Placebo,K51428
710,1129,2013-03-05T08:16:53,Screen Failed,2013-03-05T15:45:22,,,,
710,1137,2013-10-03T10:37:19,Randomized,,2013-10-11T11:43:22,R710-023,Xanomeline High Dose,K88361
710,1142,2012-09-12T16:29:18,Randomized,,2012-10-02T16:33:20,R710-005,Xanomeline High Dose,K40476
710,1149,2013-11-16T13:06:06,Screen Failed,2013-11-16T11:37:31,,,,
710,1154,2014-03-08T08:48:05,Randomized,,2014-03-29T14:16:09,R710-031,Xanomeline Low Dose,K45141
710,1166,2012-11-10T08:30:16,Randomized,,2012-11-30T12:17:23,R710-009,Xanomeline Low Dose,K49901
710,1183,2013-10-24T15:19:05,Randomized,,2013-11-16T13:02:52,R710-025,Placebo,K63909
710,1187,2012-10-26T13:05:03,Randomized,,2012-11-10T15:24:54,R710-007,Xanomeline High Dose,K92821
710,1235,2012-09-13T09:13:47,Randomized,,2012-09-26T11:31:42,R710-003,Xanomeline Low Dose,K31894
710,1249,2013-12-19T15:53:43,Randomized,,2013-12-28T08:24:11,R710-027,Xanomeline High Dose,K34413
710,1257,2013-11-29T12:05:48,Screen Failed,2013-11-29T09:54:28,,,,
710,1264,2013-06-02T13:09:22,Randomized,,2013-06-13T13:30:25,R710-019,Placebo,K88930
710,1270,2014-02-01T12:47:20,Randomized,,2014-02-12T10:04:42,R710-029,Xanomeline Low Dose,K47400
710,1271,2012-09-04T14:19:31,Randomized,,2012-09-27T10:41:35,R710-004,Placebo,K30305
710,1278,2012-12-13T15:20:31,Randomized,,2012-12-24T09:50:29,R710-011,Xanomeline High Dose,K92937
710,1300,2012-12-04T13:28:47,Randomized,,2012-12-15T11:47:54,R710-010,Xanomeline Low Dose,K74702
710,1314,2013-04-21T16:13:15,Randomized,,2013-04-24T12:16:34,R710-017,Placebo,K54780
710,1315,2013-02-12T08:52:09,Randomized,,2013-02-27T16:54:47,R710-016,Placebo,K38027
710,1337,2013-12-30T11:38:24,Screen Failed,2013-12-30T11:32:45,,,,
710,1354,2012-10-29T14:10:22,Randomized,,2012-11-11T11:35:25,R710-008,Xanomeline High Dose,K23051
710,1358,2012-09-02T12:15:06,Randomized,,2012-09-17T13:39:42,R710-002,Xanomeline Low Dose,K24099
710,1368,2013-10-21T09:35:00,Randomized,,2013-10-23T15:39:54,R710-024,Placebo,K39528
710,1376,2014-04-21T15:46:52,Screen Failed,2014-04-21T14:43:24,,,,
710,1380,2013-06-02T15:19:38,Screen Failed,2013-06-02T12:31:48,,,,
710,1385,2012-10-21T16:41:07,Randomized,,2012-10-29T15:40:42,R710-006,Xanomeline Low Dose,K39251
710,1408,2012-12-26T12:48:00,Randomized,,2013-01-05T14:52:26,R710-014,Xanomeline High Dose,K82644
710,1443,2013-12-13T14:13:35,Screen Failed,2013-12-13T08:00:29,,,,
711,1012,2013-03-20T13:50:30,Randomized,,2013-04-03T14:56:04,R711-003,Xanomeline High Dose,K14342
711,1022,2014-03-17T11:27:23,Screen Failed,2014-03-17T16:45:27,,,,
711,1036,2012-07-20T12:13:45,Randomized,,2012-07-29T13:45:41,R711-001,Placebo,K74871
711,1143,2013-03-30T11:51:26,Randomized,,2013-04-03T09:02:51,R711-004,Xanomeline Low Dose,K69131
711,1163,2012-11-08T10:24:44,Screen Failed,2012-11-08T15:26:46,,,,
711,1173,2012-10-04T15:54:01,Screen Failed,2012-10-04T16:55:17,,,,
711,1226,2013-10-24T13:23:04,Screen Failed,2013-10-24T16:46:23,,,,
711,1251,2014-02-28T09:40:59,Screen Failed,2014-02-28T12:29:42,,,,
711,1283,2014-03-27T16:28:53,Screen Failed,2014-03-27T08:12:28,,,,
711,1284,2013-08-05T14:36:17,Screen Failed,2013-08-05T13:08:40,,,,
711,1290,2013-12-20T09:26:28,Screen Failed,2013-12-20T10:52:03,,,,
711,1433,2013-01-23T16:41:00,Randomized,,2013-01-27T15:43:59,R711-002,Xanomeline High Dose,K39008
713,1043,2013-08-17T14:18:48,Randomized,,2013-09-15T09:19:27,R713-006,Xanomeline Low Dose,K61537
713,1073,2014-03-15T16:52:22,Randomized,,2014-03-30T13:55:24,R713-009,Xanomeline Low Dose,K64704
713,1106,2012-10-03T13:25:56,Randomized,,2012-10-31T10:23:15,R713-002,Xanomeline High Dose,K30416
713,1141,2013-05-23T13:29:32,Randomized,,2013-05-31T15:27:01,R713-004,Xanomeline High Dose,K36408
713,1179,2013-07-11T15:27:27,Randomized,,2013-08-09T14:13:36,R713-005,Placebo,K53920
713,1209,2013-05-16T14:55:16,Randomized,,2013-05-27T08:57:34,R713-003,Xanomeline High Dose,K16655
713,1256,2012-09-10T11:30:51,Randomized,,2012-09-19T12:51:22,R713-001,Placebo,K17790
713,1269,2014-01-14T16:24:16,Randomized,,2014-01-27T16:53:51,R713-008,Placebo,K45040
713,1448,2014-01-05T11:17:01,Randomized,,2014-01-19T15:53:03,R713-007,Xanomeline Low Dose,K38178
714,1035,2014-04-03T13:16:36,Randomized,,2014-04-17T10:17:29,R714-006,Placebo,K75480
714,1068,2013-07-31T16:05:31,Randomized,,2013-08-08T12:40:44,R714-003,Xanomeline Low Dose,K47926
714,1195,2013-04-16T16:58:52,Randomized,,2013-04-26T10:45:05,R714-002,Xanomeline Low Dose,K97932
714,1288,2013-11-24T15:00:28,Randomized,,2013-12-04T15:59:15,R714-005,Xanomeline High Dose,K94288
714,1375,2013-02-23T13:11:10,Randomized,,2013-02-26T12:12:12,R714-001,Placebo,K10509
714,1425,2013-08-11T09:27:26,Randomized,,2013-08-15T11:30:40,R714-004,Xanomeline High Dose,K89472
715,1085,2013-02-03T09:21:35,Randomized,,2013-02-16T15:50:05,R715-002,Xanomeline Low Dose,K92933
715,1107,2013-02-12T10:56:53,Randomized,,2013-02-26T11:16:25,R715-004,Xanomeline Low Dose,K66823
715,1134,2014-04-17T14:24:37,Screen Failed,2014-04-17T11:21:01,,,,
715,1155,2013-11-29T08:20:11,Randomized,,2013-12-13T14:28:34,R715-007,Placebo,K85662
715,1207,2012-11-12T13:48:47,Randomized,,2012-11-18T08:43:06,R715-001,Placebo,K48567
715,1225,2013-01-22T10:39:33,Screen Failed,2013-01-22T11:17:19,,,,
715,1319,2013-02-03T08:12:25,Randomized,,2013-02-17T15:36:32,R715-003,Xanomeline High Dose,K82514
715,1321,2014-02-06T12:38:34,Randomized,,2014-02-11T09:32:49,R715-008,Xanomeline High Dose,K78852
715,1333,2013-06-03T12:21:53,Screen Failed,2013-06-03T16:54:27,,,,
715,1397,2013-03-20T12:37:57,Randomized,,2013-04-03T08:44:32,R715-005,Placebo,K22587
715,1405,2013-06-27T12:09:03,Randomized,,2013-07-06T15:21:17,R715-006,Xanomeline Low Dose,K72025
715,1407,2012-10-24T12:45:39,Screen Failed,2012-10-24T10:45:19,,,,
716,1003,2014-03-29T13:09:10,Screen Failed,2014-03-29T16:04:41,,,,
716,1024,2012-07-06T11:56:25,Randomized,,2012-07-09T09:37:24,R716-001,Placebo,K68085
716,1026,2014-03-23T10:19:26,Randomized,,2014-04-02T15:39:44,R716-022,Placebo,K44780
716,1030,2013-12-25T09:48:11,Randomized,,2013-12-28T10:44:43,R716-019,Xanomeline High Dose,K79018
716,1044,2013-04-20T11:46:56,Randomized,,2013-04-27T12:52:15,R716-011,Placebo,K28334
716,1061,2014-02-14T11:51:43,Screen Failed,2014-02-14T13:00:33,,,,
716,1063,2013-05-06T11:56:19,Randomized,,2013-05-09T10:38:42,R716-013,Xanomeline Low Dose,K21896
716,1071,2013-06-03T16:24:13,Randomized,,2013-06-08T12:43:02,R716-014,Xanomeline High Dose,K42931
716,1094,2012-12-16T12:50:34,Randomized,,2012-12-19T13:00:20,R716-005,Xanomeline Low Dose,K80022
716,1103,2014-03-18T13:44:57,Randomized,,2014-03-20T16:58:11,R716-021,Xanomeline Low Dose,K90030
716,1108,2013-02-04T13:08:36,Randomized,,2013-02-12T16:17:04,R716-007,Placebo,K97942
716,1151,2013-01-23T13:32:59,Randomized,,2013-02-01T14:09:25,R716-006,Xanomeline Low Dose,K38580
716,1157,2013-09-23T16:43:09,Randomized,,2013-10-02T16:22:25,R716-017,Xanomeline Low Dose,K91682
716,1160,2013-03-23T12:43:40,Randomized,,2013-04-05T13:17:26,R716-009,Placebo,K78204
716,1167,2012-09-30T16:19:24,Randomized,,2012-10-08T09:28:32,R716-002,Xanomeline Low Dose,K75525
716,1177,2014-08-29T10:46:18,Randomized,,2014-09-02T15:03:43,R716-024,Placebo,K35163
716,1189,2012-10-07T08:05:13,Randomized,,2012-10-09T13:43:13,R716-003,Xanomeline High Dose,K28191
716,1229,2013-02-14T14:18:08,Randomized,,2013-02-20T10:30:53,R716-008,Xanomeline High Dose,K49964
716,1244,2013-08-15T14:22:04,Screen Failed,2013-08-15T16:08:03,,,,
716,1298,2013-04-04T15:35:59,Randomized,,2013-04-08T09:31:21,R716-010,Xanomeline Low Dose,K98446
716,1305,2013-08-06T10:18:58,Screen Failed,2013-08-06T15:45:07,,,,
716,1308,2013-08-23T12:00:00,Randomized,,2013-08-28T13:34:09,R716-016,Placebo,K74226
716,1311,2014-05-08T12:16:50,Randomized,,2014-05-14T12:56:08,R716-023,Xanomeline Low Dose,K29356
716,1331,2013-11-25T14:16:01,Screen Failed,2013-11-25T09:24:49,,,,
716,1364,2013-06-27T12:21:08,Randomized,,2013-07-04T09:12:08,R716-015,Xanomeline High Dose,K30207
716,1373,2012-11-24T08:08:49,Randomized,,2012-12-14T11:56:03,R716-004,Xanomeline High Dose,K17514
716,1418,2013-04-27T09:32:55,Randomized,,2013-05-05T15:37:51,R716-012,Xanomeline High Dose,K86751
716,1441,2014-01-13T11:24:49,Randomized,,2014-01-22T16:30:03,R716-020,Placebo,K49264
716,1447,2013-12-10T16:41:36,Randomized,,2013-12-16T13:35:22,R716-018,Xanomeline High Dose,K74290
717,1004,2014-01-01T13:56:03,Randomized,,2014-01-14T13:01:46,R717-006,Xanomeline Low Dose,K39914
717,1109,2014-01-20T15:18:21,Randomized,,2014-01-27T10:11:03,R717-007,Xanomeline High Dose,K13761
717,1174,2013-01-16T15:34:21,Randomized,,2013-01-22T13:29:09,R717-001,Xanomeline High Dose,K52015
717,1201,2013-12-12T14:15:39,Randomized,,2013-12-19T09:01:59,R717-004,Placebo,K20798
717,1344,2014-01-01T11:31:48,Randomized,,2014-01-11T14:39:46,R717-005,Placebo,K71154
717,1357,2013-04-21T09:33:11,Randomized,,2013-05-01T10:56:08,R717-002,Xanomeline High Dose,K71434
717,1446,2013-08-20T11:19:17,Randomized,,2013-09-01T13:22:25,R717-003,Xanomeline Low Dose,K30111
718,1066,2013-06-28T14:01:15,Randomized,,2013-07-07T12:34:20,R718-009,Xanomeline Low Dose,K90415
718,1079,2012-09-11T14:38:18,Randomized,,2012-09-19T09:07:08,R718-001,Xanomeline Low Dose,K63883
718,1101,2013-02-01T12:11:46,Randomized,,2013-02-17T08:33:05,R718-005,Xanomeline High Dose,K11501
718,1139,2013-05-03T10:05:59,Randomized,,2013-05-19T15:48:36,R718-008,Placebo,K33163
718,1150,2013-01-12T12:17:57,Randomized,,2013-01-19T14:15:53,R718-003,Placebo,K55514
718,1170,2013-08-25T10:00:09,Randomized,,2013-09-16T16:45:17,R718-011,Xanomeline Low Dose,K15817
718,1172,2013-09-15T08:47:28,Randomized,,2013-09-21T12:17:22,R718-012,Placebo,K67172
718,1250,2013-08-21T10:05:53,Randomized,,2013-09-21T09:03:35,R718-013,Xanomeline Low Dose,K89748
718,1254,2013-06-28T12:32:21,Randomized,,2013-07-10T10:54:08,R718-010,Xanomeline Low Dose,K74256
718,1328,2013-01-28T16:05:27,Randomized,,2013-02-01T10:45:22,R718-004,Xanomeline High Dose,K89683
718,1355,2013-02-12T09:51:00,Randomized,,2013-02-28T09:15:00,R718-006,Placebo,K50851
718,1371,2013-04-11T13:11:32,Randomized,,2013-04-26T15:45:53,R718-007,Xanomeline High Dose,K38921
718,1427,2012-12-13T11:34:47,Randomized,,2012-12-17T15:26:07,R718-002,Xanomeline High Dose,K54052
