SUBJECT,FOLDER,VISIT_DATE,LINE,DIAGNOSIS,DATE_RECOVERED,MEDDRA_LLT,MEDDRA_PT,MEDDRA_HLT,MEDDRA_HLGT,MEDDRA_SOC
701-1015,V1,26 DEC 2013,0,THYROIDECTOMY PARTIAL,UN UNK 1973,THYROIDECTOMY PARTIAL,THYROIDECTOMY PARTIAL,HLT_0243,HLGT_0016,SURGICAL AND MEDICAL PROCEDURES
701-1015,V1,26 DEC 2013,1,TONSILLECTOMY,UN UNK 1973,TONSILLECTOMY,TONSILLECTOMY,HLT_0202,HLGT_0199,SURGICAL AND MEDICAL PROCEDURES
701-1015,V1,26 DEC 2013,2,SUBTOTAL HYSTERECTOMY,UN UNK 1986,SUBTOTAL HYSTERECTOMY,HYSTERECTOMY,HLT_0675,HLGT_0657,SURGICAL AND MEDICAL PROCEDURES
701-1015,V1,26 DEC 2013,3,GALLBLADDER STONES,UN UNK 2012,GALLBLADDER STONES,CHOLELITHIASIS,HLT_0084,HLGT_0177,HEPATOBILIARY DISORDERS
701-1015,V1,26 DEC 2013,4,SORE THROAT,UN DEC 2013,SORE THROAT,PHARYNGOLARYNGEAL PAIN,HLT_0130,HLGT_0402,"RESPIRATORY, THORACIC AND MEDIASTINAL DISORDERS"
701-1023,V1,22 JUL 2012,0,APPENDICITIS,UN UNK 1956,APPENDICITIS,APPENDICITIS,HLT_0703,HLGT_0283,INFECTIONS AND INFESTATIONS
701-1023,V1,22 JUL 2012,1,APPENDECTOMY,UN UNK 1956,APPENDECTOMY,APPENDICECTOMY,HLT_0707,HLGT_0363,SURGICAL AND MEDICAL PROCEDURES
701-1023,V1,22 JUL 2012,2,ELBOW FRACTURE,UN UNK 1963,ELBOW FRACTURE,UPPER LIMB FRACTURE,HLT_0472,HLGT_0247,"INJURY, POISONING AND PROCEDURAL COMPLICATIONS"
701-1023,V1,22 JUL 2012,3,SINUSITIS,UN UNK 1978,SINUSITIS,SINUSITIS,HLT_0262,HLGT_0249,INFECTIONS AND INFESTATIONS
701-1023,V1,22 JUL 2012,4,NUMBNESS OF UPPER ARM,UN UNK 1982,NUMBNESS OF UPPER ARM,HYPOAESTHESIA,HLT_0014,HLGT_0528,NERVOUS SYSTEM DISORDERS
701-1023,V1,22 JUL 2012,5,INGUINAL HERNIA REPAIR,UN UNK 1999,INGUINAL HERNIA REPAIR,INGUINAL HERNIA REPAIR,HLT_0320,HLGT_0772,SURGICAL AND MEDICAL PROCEDURES
701-1023,V1,22 JUL 2012,6,SCIATICA,UN UNK 2005,SCIATICA,SCIATICA,HLT_0242,HLGT_0293,NERVOUS SYSTEM DISORDERS
701-1023,V1,22 JUL 2012,7,HYPERTENSION,UN OCT 2005,HYPERTENSION,HYPERTENSION,HLT_0228,HLGT_0476,VASCULAR DISORDERS
701-1023,V1,22 JUL 2012,8,PENILE PROSTHESIS INSERTION,UN APR 2006,PENILE PROSTHESIS INSERTION,PENILE PROSTHESIS INSERTION,HLT_0448,HLGT_0303,SURGICAL AND MEDICAL PROCEDURES
701-1023,V1,22 JUL 2012,9,PAIN TRAUMA ACTIVATED,UN APR 2006,PAIN TRAUMA ACTIVATED,PAIN TRAUMA ACTIVATED,HLT_0579,HLGT_0732,"INJURY, POISONING AND PROCEDURAL COMPLICATIONS"
701-1023,V1,22 JUL 2012,10,LOW BACK PAIN,UN UNK 2007,LOW BACK PAIN,BACK PAIN,HLT_0115,HLGT_0508,MUSCULOSKELETAL AND CONNECTIVE TISSUE DISORDERS
701-1023,V1,22 JUL 2012,11,ECZEMA,UN UNK 2007,ECZEMA,ECZEMA,HLT_0747,HLGT_0748,SKIN AND SUBCUTANEOUS TISSUE DISORDERS
701-1023,V1,22 JUL 2012,12,CELLULITIS OF FOOT,UN UNK 2009,CELLULITIS OF FOOT,CELLULITIS,HLT_0613,HLGT_0066,INFECTIONS AND INFESTATIONS
701-1023,V1,22 JUL 2012,13,ITCHY SKIN,UN UNK 2009,ITCHY SKIN,PRURITUS,HLT_0778,HLGT_0695,SKIN AND SUBCUTANEOUS TISSUE DISORDERS
701-1028,V1,11 JUL 2013,0,APPENDECTOMY,UN UNK 1968,APPENDECTOMY,APPENDICECTOMY,HLT_0707,HLGT_0363,SURGICAL AND MEDICAL PROCEDURES
701-1028,V1,11 JUL 2013,1,LIPECTOMY,UN UNK 1981,LIPECTOMY,LIPECTOMY,HLT_0233,HLGT_0786,SURGICAL AND MEDICAL PROCEDURES
701-1033,V1,10 MAR 2014,0,TONSILLECTOMY,UN UNK 1951,TONSILLECTOMY,TONSILLECTOMY,HLT_0202,HLGT_0199,SURGICAL AND MEDICAL PROCEDURES
701-1033,V1,10 MAR 2014,1,NERVE COMPRESSION,UN UNK 1955,NERVE COMPRESSION,NERVE COMPRESSION,HLT_0463,HLGT_0502,NERVOUS SYSTEM DISORDERS
701-1033,V1,10 MAR 2014,2,PLEURISY,UN UNK 1955,PLEURISY,PLEURISY,HLT_0268,HLGT_0356,"RESPIRATORY, THORACIC AND MEDIASTINAL DISORDERS"
701-1033,V1,10 MAR 2014,3,LOCALIZED EDEMA,UN UNK 1964,LOCALIZED EDEMA,LOCALISED OEDEMA,HLT_0410,HLGT_0372,GENERAL DISORDERS AND ADMINISTRATION SITE CONDITIONS
701-1033,V1,10 MAR 2014,4,IRON DEFICIENCY ANEMIA,UN UNK 1972,IRON DEFICIENCY ANEMIA,IRON DEFICIENCY ANAEMIA,HLT_0331,HLGT_0739,BLOOD AND LYMPHATIC SYSTEM DISORDERS
701-1033,V1,10 MAR 2014,5,LACERATION,UN UNK 1982,LACERATION,LACERATION,HLT_0668,HLGT_0567,"INJURY, POISONING AND PROCEDURAL COMPLICATIONS"
701-1033,V1,10 MAR 2014,6,FAINTING,UN UNK 1982,FAINTING,SYNCOPE,HLT_0440,HLGT_0310,NERVOUS SYSTEM DISORDERS
701-1033,V1,10 MAR 2014,7,LOSS OF SENSATION,UN UNK 1982,LOSS OF SENSATION,SENSORY LOSS,HLT_0164,HLGT_0718,NERVOUS SYSTEM DISORDERS
701-1033,V1,10 MAR 2014,8,HAND REPAIR OPERATION,UN UNK 1982,HAND REPAIR OPERATION,HAND REPAIR OPERATION,HLT_0581,HLGT_0276,SURGICAL AND MEDICAL PROCEDURES
701-1033,V1,10 MAR 2014,9,UMBILICAL HERNIA REPAIR,UN UNK 1993,UMBILICAL HERNIA REPAIR,UMBILICAL HERNIA REPAIR,HLT_0278,HLGT_0377,SURGICAL AND MEDICAL PROCEDURES
701-1033,V1,10 MAR 2014,10,UMBILICAL HERNIA,UN UNK 1993,UMBILICAL HERNIA,UMBILICAL HERNIA,HLT_0067,HLGT_0187,GASTROINTESTINAL DISORDERS
701-1033,V1,10 MAR 2014,11,FRACTURED RIBS,UN UNK 2007,FRACTURED RIBS,RIB FRACTURE,HLT_0292,HLGT_0583,"INJURY, POISONING AND PROCEDURAL COMPLICATIONS"
701-1033,V1,10 MAR 2014,12,ELBOW FRACTURE,UN UNK 2007,ELBOW FRACTURE,UPPER LIMB FRACTURE,HLT_0472,HLGT_0247,"INJURY, POISONING AND PROCEDURAL COMPLICATIONS"
701-1033,V1,10 MAR 2014,13,FRACTURED JAW,UN UNK 2007,FRACTURED JAW,JAW FRACTURE,HLT_0488,HLGT_0420,"INJURY, POISONING AND PROCEDURAL COMPLICATIONS"
701-1033,V1,10 MAR 2014,14,EOSINOPHILIC PNEUMONIA,UN UNK 2008,EOSINOPHILIC PNEUMONIA,EOSINOPHILIC PNEUMONIA,HLT_0207,HLGT_0529,"RESPIRATORY, THORACIC AND MEDIASTINAL DISORDERS"
701-1033,V1,10 MAR 2014,15,JOINT PROSTHESIS INSERTION,UN UNK 2008,JOINT PROSTHESIS INSERTION,JOINT ARTHROPLASTY,HLT_0416,HLGT_0120,SURGICAL AND MEDICAL PROCEDURES
701-1034,V1,24 JUN 2014,0,TONSILLECTOMY,UN UNK 1946,TONSILLECTOMY,TONSILLECTOMY,HLT_0202,HLGT_0199,SURGICAL AND MEDICAL PROCEDURES
701-1034,V1,24 JUN 2014,1,APPENDECTOMY,UN UNK 1949,APPENDECTOMY,APPENDICECTOMY,HLT_0707,HLGT_0363,SURGICAL AND MEDICAL PROCEDURES
701-1034,V1,24 JUN 2014,2,HYSTERECTOMY,UN UNK 1960,HYSTERECTOMY,HYSTERECTOMY,HLT_0675,HLGT_0657,SURGICAL AND MEDICAL PROCEDURES
701-1034,V1,24 JUN 2014,3,RECTAL FISTULA,UN UNK 1962,RECTAL FISTULA,ANAL FISTULA,HLT_0653,HLGT_0268,GASTROINTESTINAL DISORDERS
701-1034,V1,24 JUN 2014,4,FOOT FRACTURE,UN UNK 2004,FOOT FRACTURE,FOOT FRACTURE,HLT_0768,HLGT_0287,"INJURY, POISONING AND PROCEDURAL COMPLICATIONS"
701-1034,V1,24 JUN 2014,5,FACE LIFT,21 AUG 2011,FACE LIFT,FACE LIFT,HLT_0743,HLGT_0520,SURGICAL AND MEDICAL PROCEDURES
701-1034,V1,24 JUN 2014,6,LEG FRACTURE,UN UNK 2012,LEG FRACTURE,LOWER LIMB FRACTURE,HLT_0348,HLGT_0435,"INJURY, POISONING AND PROCEDURAL COMPLICATIONS"
701-1034,V1,24 JUN 2014,7,MUSCLE SPASMS,21 DEC 2013,MUSCLE SPASMS,MUSCLE SPASMS,HLT_0078,HLGT_0750,MUSCULOSKELETAL AND CONNECTIVE TISSUE DISORDERS
701-1034,V1,24 JUN 2014,8,BLOOD PRESSURE INCREASED,11 JUN 2014,BLOOD PRESSURE INCREASED,BLOOD PRESSURE INCREASED,HLT_0399,HLGT_0647,INVESTIGATIONS
701-1047,V1,22 JAN 2013,0,TONSILLECTOMY,UN UNK 1937,TONSILLECTOMY,TONSILLECTOMY,HLT_0202,HLGT_0199,SURGICAL AND MEDICAL PROCEDURES
701-1047,V1,22 JAN 2013,1,HYSTERECTOMY,UN UNK 1967,HYSTERECTOMY,HYSTERECTOMY,HLT_0675,HLGT_0657,SURGICAL AND MEDICAL PROCEDURES
701-1047,V1,22 JAN 2013,2,ULCER,UN UNK 1971,ULCER,ULCER,HLT_0040,HLGT_0245,GENERAL DISORDERS AND ADMINISTRATION SITE CONDITIONS
701-1047,V1,22 JAN 2013,3,CHOLECYSTECTOMY,UN UNK 1987,CHOLECYSTECTOMY,CHOLECYSTECTOMY,HLT_0149,HLGT_0074,SURGICAL AND MEDICAL PROCEDURES
701-1047,V1,22 JAN 2013,4,CATARACT OPERATION,UN UNK 2009,CATARACT OPERATION,CATARACT OPERATION,HLT_0432,HLGT_0058,SURGICAL AND MEDICAL PROCEDURES
701-1047,V1,22 JAN 2013,5,HEMORRHOIDS,UN UNK 2009,HEMORRHOIDS,HAEMORRHOIDS,HLT_0681,HLGT_0485,GASTROINTESTINAL DISORDERS
701-1047,V1,22 JAN 2013,6,BLADDER INFECTION,UN UNK 2012,BLADDER INFECTION,CYSTITIS,HLT_0739,HLGT_0129,INFECTIONS AND INFESTATIONS
701-1047,V1,22 JAN 2013,7,CATARACT OPERATION,UN UNK 2012,CATARACT OPERATION,CATARACT OPERATION,HLT_0432,HLGT_0058,SURGICAL AND MEDICAL PROCEDURES
701-1097,V1,23 DEC 2013,0,GINGIVITIS,UN APR 2013,GINGIVITIS,GINGIVITIS,HLT_0093,HLGT_0685,GASTROINTESTINAL DISORDERS
701-1097,V1,23 DEC 2013,1,GINGIVAL OPERATION,UN APR 2013,GINGIVAL OPERATION,GINGIVAL OPERATION,HLT_0004,HLGT_0266,SURGICAL AND MEDICAL PROCEDURES
701-1111,V1,25 AUG 2012,0,APPENDECTOMY,UN UNK 1946,APPENDECTOMY,APPENDICECTOMY,HLT_0707,HLGT_0363,SURGICAL AND MEDICAL PROCEDURES
701-1111,V1,25 AUG 2012,1,TUBERCULOSIS,UN UNK 1952,TUBERCULOSIS,TUBERCULOSIS,HLT_0344,HLGT_0774,INFECTIONS AND INFESTATIONS
701-1111,V1,25 AUG 2012,2,RECTAL BLEEDING,UN UNK 1981,RECTAL BLEEDING,RECTAL HAEMORRHAGE,HLT_0353,HLGT_0755,GASTROINTESTINAL DISORDERS
701-1111,V1,25 AUG 2012,3,HEMORRHOIDS,UN UNK 1981,HEMORRHOIDS,HAEMORRHOIDS,HLT_0681,HLGT_0485,GASTROINTESTINAL DISORDERS
701-1111,V1,25 AUG 2012,4,WRIST FRACTURE,UN UNK 1986,WRIST FRACTURE,WRIST FRACTURE,HLT_0537,HLGT_0281,"INJURY, POISONING AND PROCEDURAL COMPLICATIONS"
701-1111,V1,25 AUG 2012,5,FOOT FRACTURE,UN UNK 1986,FOOT FRACTURE,FOOT FRACTURE,HLT_0768,HLGT_0287,"INJURY, POISONING AND PROCEDURAL COMPLICATIONS"
701-1111,V1,25 AUG 2012,6,KNEE FRACTURE,UN UNK 1986,KNEE FRACTURE,LOWER LIMB FRACTURE,HLT_0348,HLGT_0435,"INJURY, POISONING AND PROCEDURAL COMPLICATIONS"
701-1111,V1,25 AUG 2012,7,ELBOW FRACTURE,UN UNK 1986,ELBOW FRACTURE,UPPER LIMB FRACTURE,HLT_0472,HLGT_0247,"INJURY, POISONING AND PROCEDURAL COMPLICATIONS"
701-1111,V1,25 AUG 2012,8,FRACTURED RIBS,UN UNK 1986,FRACTURED RIBS,RIB FRACTURE,HLT_0292,HLGT_0583,"INJURY, POISONING AND PROCEDURAL COMPLICATIONS"
701-1111,V1,25 AUG 2012,9,BLADDER INFECTION,UN UNK 2002,BLADDER INFECTION,CYSTITIS,HLT_0739,HLGT_0129,INFECTIONS AND INFESTATIONS
701-1111,V1,25 AUG 2012,10,COUGH,UN UNK 2002,COUGH,COUGH,HLT_0701,HLGT_0280,"RESPIRATORY, THORACIC AND MEDIASTINAL DISORDERS"
701-1111,V1,25 AUG 2012,11,SKIN TAGS,UN UNK 2006,SKIN TAGS,ACROCHORDON,HLT_0622,HLGT_0452,"NEOPLASMS BENIGN, MALIGNANT AND UNSPECIFIED (INCL CYSTS AND POLYPS)"
701-1111,V1,25 AUG 2012,12,INCONTINENCE,UN UNK 2006,INCONTINENCE,INCONTINENCE,HLT_0560,HLGT_0503,RENAL AND URINARY DISORDERS
701-1111,V1,25 AUG 2012,13,BASAL CELL CARCINOMA,UN UNK 2007,BASAL CELL CARCINOMA,BASAL CELL CARCINOMA,HLT_0332,HLGT_0328,"NEOPLASMS BENIGN, MALIGNANT AND UNSPECIFIED (INCL CYSTS AND POLYPS)"
701-1111,V1,25 AUG 2012,14,EATING DISORDER,UN UNK 2009,EATING DISORDER,EATING DISORDER,HLT_0538,HLGT_0235,PSYCHIATRIC DISORDERS
701-1111,V1,25 AUG 2012,15,DEGENERATION MACULAR,UN UNK 2012,DEGENERATION MACULAR,MACULAR DEGENERATION,HLT_0401,HLGT_0370,EYE DISORDERS
701-1115,V1,23 NOV 2012,0,TONSILLECTOMY,UN UNK 1934,TONSILLECTOMY,TONSILLECTOMY,HLT_0202,HLGT_0199,SURGICAL AND MEDICAL PROCEDURES
701-1115,V1,23 NOV 2012,1,PELVIC FRACTURE,UN UNK 1983,PELVIC FRACTURE,PELVIC FRACTURE,HLT_0017,HLGT_0237,"INJURY, POISONING AND PROCEDURAL COMPLICATIONS"
701-1115,V1,23 NOV 2012,2,SHINGLES,UN UNK 1986,SHINGLES,HERPES ZOSTER,HLT_0460,HLGT_0239,INFECTIONS AND INFESTATIONS
701-1115,V1,23 NOV 2012,3,KIDNEY STONES,UN UNK 1998,KIDNEY STONES,NEPHROLITHIASIS,HLT_0439,HLGT_0546,RENAL AND URINARY DISORDERS
701-1115,V1,23 NOV 2012,4,SHORTNESS OF BREATH,UN UNK 2011,SHORTNESS OF BREATH,DYSPNOEA,HLT_0296,HLGT_0255,"RESPIRATORY, THORACIC AND MEDIASTINAL DISORDERS"
701-1115,V1,23 NOV 2012,5,DIZZINESS,UN UNK 2011,DIZZINESS,DIZZINESS,HLT_0619,HLGT_0751,NERVOUS SYSTEM DISORDERS
701-1118,V1,27 FEB 2014,0,PNEUMOTHORAX,UN UNK 1988,PNEUMOTHORAX,PNEUMOTHORAX,HLT_0580,HLGT_0057,"RESPIRATORY, THORACIC AND MEDIASTINAL DISORDERS"
701-1118,V1,27 FEB 2014,1,WRIST FRACTURE,UN UNK 1991,WRIST FRACTURE,WRIST FRACTURE,HLT_0537,HLGT_0281,"INJURY, POISONING AND PROCEDURAL COMPLICATIONS"
701-1130,V1,09 FEB 2014,0,TONSILLECTOMY,UN UNK 1939,TONSILLECTOMY,TONSILLECTOMY,HLT_0202,HLGT_0199,SURGICAL AND MEDICAL PROCEDURES
701-1130,V1,09 FEB 2014,1,FEMUR FRACTURE,UN UNK 1977,FEMUR FRACTURE,FEMUR FRACTURE,HLT_0349,HLGT_0542,"INJURY, POISONING AND PROCEDURAL COMPLICATIONS"
701-1130,V1,09 FEB 2014,2,PNEUMONIA,UN UNK 1984,PNEUMONIA,PNEUMONIA,HLT_0251,HLGT_0671,INFECTIONS AND INFESTATIONS
701-1130,V1,09 FEB 2014,3,HEMORRHOIDS,UN UNK 1987,HEMORRHOIDS,HAEMORRHOIDS,HLT_0681,HLGT_0485,GASTROINTESTINAL DISORDERS
701-1130,V1,09 FEB 2014,4,PNEUMONIA,UN UNK 1989,PNEUMONIA,PNEUMONIA,HLT_0251,HLGT_0671,INFECTIONS AND INFESTATIONS
701-1130,V1,09 FEB 2014,5,PROSTATECTOMY,UN UNK 2000,PROSTATECTOMY,PROSTATECTOMY,HLT_0532,HLGT_0559,SURGICAL AND MEDICAL PROCEDURES
701-1130,V1,09 FEB 2014,6,PROSTATE CANCER,UN UNK 2000,PROSTATE CANCER,PROSTATE CANCER,HLT_0412,HLGT_0190,"NEOPLASMS BENIGN, MALIGNANT AND UNSPECIFIED (INCL CYSTS AND POLYPS)"
701-1130,V1,09 FEB 2014,7,OTITIS EXTERNA,UN OCT 2012,OTITIS EXTERNA,OTITIS EXTERNA,HLT_0673,HLGT_0404,INFECTIONS AND INFESTATIONS
701-1130,V1,09 FEB 2014,8,LACERATION OF ARM,15 JAN 2014,LACERATION OF ARM,SKIN LACERATION,HLT_0075,HLGT_0118,"INJURY, POISONING AND PROCEDURAL COMPLICATIONS"
701-1133,V1,23 OCT 2012,0,TONSILLECTOMY,UN UNK 1939,TONSILLECTOMY,TONSILLECTOMY,HLT_0202,HLGT_0199,SURGICAL AND MEDICAL PROCEDURES
701-1133,V1,23 OCT 2012,1,WEIGHT LOSS,UN UNK 1966,WEIGHT LOSS,WEIGHT DECREASED,HLT_0158,HLGT_0778,INVESTIGATIONS
701-1133,V1,23 OCT 2012,2,HYPERTENSION,UN UNK 1986,HYPERTENSION,HYPERTENSION,HLT_0228,HLGT_0476,VASCULAR DISORDERS
701-1133,V1,23 OCT 2012,3,CHEST PAIN,UN UNK 1986,CHEST PAIN,CHEST PAIN,HLT_0717,HLGT_0195,GENERAL DISORDERS AND ADMINISTRATION SITE CONDITIONS
701-1133,V1,23 OCT 2012,4,DIVERTICULOSIS,UN UNK 2000,DIVERTICULOSIS,DIVERTICULUM,HLT_0069,HLGT_0141,GASTROINTESTINAL DISORDERS
701-1133,V1,23 OCT 2012,5,HEMORRHOIDS,UN UNK 2003,HEMORRHOIDS,HAEMORRHOIDS,HLT_0681,HLGT_0485,GASTROINTESTINAL DISORDERS
701-1133,V1,23 OCT 2012,6,KNEE TOTAL REPLACEMENT,UN DEC 2009,KNEE TOTAL REPLACEMENT,KNEE ARTHROPLASTY,HLT_0710,HLGT_0078,SURGICAL AND MEDICAL PROCEDURES
701-1146,V1,07 MAY 2013,0,TONSILLECTOMY,UN UNK 1942,TONSILLECTOMY,TONSILLECTOMY,HLT_0202,HLGT_0199,SURGICAL AND MEDICAL PROCEDURES
701-1146,V1,07 MAY 2013,1,BLADDER PROLAPSE,UN UNK 2006,BLADDER PROLAPSE,BLADDER PROLAPSE,HLT_0502,HLGT_0048,RENAL AND URINARY DISORDERS
701-1146,V1,07 MAY 2013,2,ESOPHAGEAL SPASM,UN UNK 2011,ESOPHAGEAL SPASM,OESOPHAGEAL SPASM,HLT_0112,HLGT_0697,GASTROINTESTINAL DISORDERS
701-1146,V1,07 MAY 2013,3,BLADDER PROLAPSE,UN UNK 2012,BLADDER PROLAPSE,BLADDER PROLAPSE,HLT_0502,HLGT_0048,RENAL AND URINARY DISORDERS
701-1146,V1,07 MAY 2013,4,CHEST PAIN,27 MAR 2012,CHEST PAIN,CHEST PAIN,HLT_0717,HLGT_0195,GENERAL DISORDERS AND ADMINISTRATION SITE CONDITIONS
701-1146,V1,07 MAY 2013,5,ABDOMINAL DISCOMFORT,06 JUL 2012,ABDOMINAL DISCOMFORT,ABDOMINAL DISCOMFORT,HLT_0012,HLGT_0332,GASTROINTESTINAL DISORDERS
701-1146,V1,07 MAY 2013,6,ROOT CANAL PROCEDURE,12 SEP 2012,ROOT CANAL PROCEDURE,ENDODONTIC PROCEDURE,HLT_0153,HLGT_0539,SURGICAL AND MEDICAL PROCEDURES
701-1146,V1,07 MAY 2013,7,BLADDER INFECTION,27 OCT 2012,BLADDER INFECTION,CYSTITIS,HLT_0739,HLGT_0129,INFECTIONS AND INFESTATIONS
701-1148,V1,14 AUG 2013,0,ANKLE FRACTURE,UN UNK 1985,ANKLE FRACTURE,ANKLE FRACTURE,HLT_0208,HLGT_0252,"INJURY, POISONING AND PROCEDURAL COMPLICATIONS"
701-1148,V1,14 AUG 2013,1,ANAL FISTULA,UN UNK 1989,ANAL FISTULA,ANAL FISTULA,HLT_0653,HLGT_0268,GASTROINTESTINAL DISORDERS
701-1148,V1,14 AUG 2013,2,BREAST LUMP REMOVAL,UN UNK 1991,BREAST LUMP REMOVAL,BREAST LUMP REMOVAL,HLT_0100,HLGT_0742,SURGICAL AND MEDICAL PROCEDURES
701-1148,V1,14 AUG 2013,3,BURN,UN UNK 1996,BURN,THERMAL BURN,HLT_0092,HLGT_0447,"INJURY, POISONING AND PROCEDURAL COMPLICATIONS"
701-1148,V1,14 AUG 2013,4,SKIN GRAFT,UN UNK 1996,SKIN GRAFT,SKIN GRAFT,HLT_0392,HLGT_0390,SURGICAL AND MEDICAL PROCEDURES
701-1148,V1,14 AUG 2013,5,ANAL FISTULA,UN UNK 2007,ANAL FISTULA,ANAL FISTULA,HLT_0653,HLGT_0268,GASTROINTESTINAL DISORDERS
701-1148,V1,14 AUG 2013,6,SINUS OPERATION,UN UNK 2010,SINUS OPERATION,SINUS OPERATION,HLT_0259,HLGT_0573,SURGICAL AND MEDICAL PROCEDURES
701-1148,V1,14 AUG 2013,7,ACTINIC KERATOSIS,UN UNK 2011,ACTINIC KERATOSIS,ACTINIC KERATOSIS,HLT_0609,HLGT_0490,SKIN AND SUBCUTANEOUS TISSUE DISORDERS
701-1153,V1,06 SEP 2013,0,ANEMIA,UN UNK 1977,ANEMIA,ANAEMIA,HLT_0378,HLGT_0230,BLOOD AND LYMPHATIC SYSTEM DISORDERS
701-1153,V1,06 SEP 2013,1,SKIN NEOPLASM EXCISION,UN UNK 2010,SKIN NEOPLASM EXCISION,SKIN NEOPLASM EXCISION,HLT_0482,HLGT_0467,SURGICAL AND MEDICAL PROCEDURES
701-1153,V1,06 SEP 2013,2,CARCINOMA SKIN,UN UNK 2010,CARCINOMA SKIN,SKIN CANCER,HLT_0382,HLGT_0439,"NEOPLASMS BENIGN, MALIGNANT AND UNSPECIFIED (INCL CYSTS AND POLYPS)"
701-1153,V1,06 SEP 2013,3,SINUSITIS,UN UNK 2011,SINUSITIS,SINUSITIS,HLT_0262,HLGT_0249,INFECTIONS AND INFESTATIONS
701-1181,V1,26 NOV 2013,0,TONSILLECTOMY,UN UNK 1940,TONSILLECTOMY,TONSILLECTOMY,HLT_0202,HLGT_0199,SURGICAL AND MEDICAL PROCEDURES
701-1181,V1,26 NOV 2013,1,TOTAL HYSTERECTOMY,UN UNK 1967,TOTAL HYSTERECTOMY,HYSTERECTOMY,HLT_0675,HLGT_0657,SURGICAL AND MEDICAL PROCEDURES
701-1181,V1,26 NOV 2013,2,TOOTH EXTRACTION,UN UNK 1980,TOOTH EXTRACTION,TOOTH EXTRACTION,HLT_0209,HLGT_0762,SURGICAL AND MEDICAL PROCEDURES
701-1181,V1,26 NOV 2013,3,WALKING PNEUMONIA,UN UNK 1989,WALKING PNEUMONIA,PNEUMONIA PRIMARY ATYPICAL,HLT_0364,HLGT_0065,INFECTIONS AND INFESTATIONS
701-1181,V1,26 NOV 2013,4,ANKLE INJURY,UN UNK 2006,ANKLE INJURY,JOINT INJURY,HLT_0264,HLGT_0127,"INJURY, POISONING AND PROCEDURAL COMPLICATIONS"
701-1181,V1,26 NOV 2013,5,HEAD INJURY,UN UNK 2006,HEAD INJURY,HEAD INJURY,HLT_0201,HLGT_0554,"INJURY, POISONING AND PROCEDURAL COMPLICATIONS"
701-1181,V1,26 NOV 2013,6,BRONCHITIS,UN UNK 2009,BRONCHITIS,BRONCHITIS,HLT_0634,HLGT_0523,INFECTIONS AND INFESTATIONS
701-1181,V1,26 NOV 2013,7,COUGH INCREASED,08 JUN 2012,COUGH INCREASED,COUGH,HLT_0701,HLGT_0280,"RESPIRATORY, THORACIC AND MEDIASTINAL DISORDERS"
701-1188,V1,03 FEB 2013,0,WISDOM TEETH REMOVAL,UN UNK 1964,WISDOM TEETH REMOVAL,WISDOM TEETH REMOVAL,HLT_0442,HLGT_0679,SURGICAL AND MEDICAL PROCEDURES
701-1188,V1,03 FEB 2013,1,ALLERGIC URTICARIA,UN UNK 1991,ALLERGIC URTICARIA,URTICARIA,HLT_0420,HLGT_0705,SKIN AND SUBCUTANEOUS TISSUE DISORDERS
701-1188,V1,03 FEB 2013,2,BENIGN PROSTATIC HYPERTROPHY,UN UNK 1996,BENIGN PROSTATIC HYPERTROPHY,BENIGN PROSTATIC HYPERPLASIA,HLT_0215,HLGT_0568,REPRODUCTIVE SYSTEM AND BREAST DISORDERS
701-1188,V1,03 FEB 2013,3,PROSTATIC OPERATION,UN UNK 1996,PROSTATIC OPERATION,PROSTATIC OPERATION,HLT_0385,HLGT_0342,SURGICAL AND MEDICAL PROCEDURES
701-1188,V1,03 FEB 2013,4,HEADACHE,UN UNK 2001,HEADACHE,HEADACHE,HLT_0064,HLGT_0344,NERVOUS SYSTEM DISORDERS
701-1188,V1,03 FEB 2013,5,SORE THROAT,08 JUN 2011,SORE THROAT,PHARYNGOLARYNGEAL PAIN,HLT_0130,HLGT_0402,"RESPIRATORY, THORACIC AND MEDIASTINAL DISORDERS"
701-1192,V1,08 JUL 2012,0,TONSILLECTOMY,UN UNK 1944,TONSILLECTOMY,TONSILLECTOMY,HLT_0202,HLGT_0199,SURGICAL AND MEDICAL PROCEDURES
701-1192,V1,08 JUL 2012,1,ABORTION,UN UNK 1946,ABORTION,ABORTION,HLT_0624,HLGT_0366,"PREGNANCY, PUERPERIUM AND PERINATAL CONDITIONS"
701-1192,V1,08 JUL 2012,2,GONORRHEA,UN UNK 1946,GONORRHEA,GONORRHOEA,HLT_0638,HLGT_0171,INFECTIONS AND INFESTATIONS
701-1192,V1,08 JUL 2012,3,HEADACHE,UN UNK 1966,HEADACHE,HEADACHE,HLT_0064,HLGT_0344,NERVOUS SYSTEM DISORDERS
701-1192,V1,08 JUL 2012,4,DUODENAL ULCER,UN UNK 1966,DUODENAL ULCER,DUODENAL ULCER,HLT_0322,HLGT_0349,GASTROINTESTINAL DISORDERS
701-1192,V1,08 JUL 2012,5,HIP REPLACEMENT,UN UNK 2000,HIP REPLACEMENT,HIP ARTHROPLASTY,HLT_0709,HLGT_0449,SURGICAL AND MEDICAL PROCEDURES
701-1192,V1,08 JUL 2012,6,HIP REPLACEMENT,UN UNK 2000,HIP REPLACEMENT,HIP ARTHROPLASTY,HLT_0709,HLGT_0449,SURGICAL AND MEDICAL PROCEDURES
701-1192,V1,08 JUL 2012,7,MALAISE,UN APR 2009,MALAISE,MALAISE,HLT_0456,HLGT_0178,GENERAL DISORDERS AND ADMINISTRATION SITE CONDITIONS
701-1192,V1,08 JUL 2012,8,VERTIGO,UN APR 2009,VERTIGO,VERTIGO,HLT_0255,HLGT_0147,EAR AND LABYRINTH DISORDERS
701-1192,V1,08 JUL 2012,9,CYST,22 APR 2010,CYST,CYST,HLT_0763,HLGT_0341,GENERAL DISORDERS AND ADMINISTRATION SITE CONDITIONS
701-1192,V1,08 JUL 2012,10,NASAL CYST REMOVAL,22 APR 2010,NASAL CYST REMOVAL,NASAL CYST REMOVAL,HLT_0086,HLGT_0082,SURGICAL AND MEDICAL PROCEDURES
701-1192,V1,08 JUL 2012,11,UPPER RESPIRATORY INFECTION,UN SEP 2010,UPPER RESPIRATORY INFECTION,UPPER RESPIRATORY TRACT INFECTION,HLT_0520,HLGT_0489,INFECTIONS AND INFESTATIONS
701-1192,V1,08 JUL 2012,12,BRONCHITIS,UN SEP 2010,BRONCHITIS,BRONCHITIS,HLT_0634,HLGT_0523,INFECTIONS AND INFESTATIONS
701-1192,V1,08 JUL 2012,13,DIZZINESS,UN JAN 2011,DIZZINESS,DIZZINESS,HLT_0619,HLGT_0751,NERVOUS SYSTEM DISORDERS
701-1203,V1,25 JAN 2013,0,TOTAL HYSTERECTOMY,UN UNK 1971,TOTAL HYSTERECTOMY,HYSTERECTOMY,HLT_0675,HLGT_0657,SURGICAL AND MEDICAL PROCEDURES
701-1203,V1,25 JAN 2013,1,MASTECTOMY RADICAL,UN UNK 1972,MASTECTOMY RADICAL,RADICAL MASTECTOMY,HLT_0697,HLGT_0545,SURGICAL AND MEDICAL PROCEDURES
701-1203,V1,25 JAN 2013,2,BREAST CANCER,UN UNK 1972,BREAST CANCER,BREAST CANCER,HLT_0101,HLGT_0442,"NEOPLASMS BENIGN, MALIGNANT AND UNSPECIFIED (INCL CYSTS AND POLYPS)"
701-1203,V1,25 JAN 2013,3,HYPERTHYROIDISM,UN UNK 1991,HYPERTHYROIDISM,HYPERTHYROIDISM,HLT_0441,HLGT_0736,ENDOCRINE DISORDERS
701-1203,V1,25 JAN 2013,4,KNEE TOTAL REPLACEMENT,UN UNK 2008,KNEE TOTAL REPLACEMENT,KNEE ARTHROPLASTY,HLT_0710,HLGT_0078,SURGICAL AND MEDICAL PROCEDURES
701-1211,V1,30 OCT 2012,0,TONSILLECTOMY,UN UNK 1946,TONSILLECTOMY,TONSILLECTOMY,HLT_0202,HLGT_0199,SURGICAL AND MEDICAL PROCEDURES
701-1211,V1,30 OCT 2012,1,HYSTERECTOMY,UN UNK 1971,HYSTERECTOMY,HYSTERECTOMY,HLT_0675,HLGT_0657,SURGICAL AND MEDICAL PROCEDURES
701-1211,V1,30 OCT 2012,2,LENS IMPLANT,UN UNK 1996,LENS IMPLANT,LENS IMPLANT,HLT_0106,HLGT_0204,SURGICAL AND MEDICAL PROCEDURES
701-1211,V1,30 OCT 2012,3,LEG INJURY,UN UNK 2011,LEG INJURY,LIMB INJURY,HLT_0476,HLGT_0667,"INJURY, POISONING AND PROCEDURAL COMPLICATIONS"
701-1211,V1,30 OCT 2012,4,LEG ULCER (EXCL VARICOSE),UN UNK 2011,LEG ULCER (EXCL VARICOSE),SKIN ULCER,HLT_0005,HLGT_0017,SKIN AND SUBCUTANEOUS TISSUE DISORDERS
701-1234,V1,20 MAR 2013,0,TONSILLECTOMY,UN UNK 1949,TONSILLECTOMY,TONSILLECTOMY,HLT_0202,HLGT_0199,SURGICAL AND MEDICAL PROCEDURES
701-1234,V1,20 MAR 2013,1,APPENDECTOMY,UN UNK 1949,APPENDECTOMY,APPENDICECTOMY,HLT_0707,HLGT_0363,SURGICAL AND MEDICAL PROCEDURES
701-1234,V1,20 MAR 2013,2,TENDON REPAIR,UN UNK 1994,TENDON REPAIR,TENDON REPAIR,HLT_0434,HLGT_0246,SURGICAL AND MEDICAL PROCEDURES
701-1234,V1,20 MAR 2013,3,ACROMIOPLASTY,UN UNK 1999,ACROMIOPLASTY,SHOULDER ARTHROPLASTY,HLT_0406,HLGT_0756,SURGICAL AND MEDICAL PROCEDURES
701-1234,V1,20 MAR 2013,4,SHOULDER OSTEOARTHRITIS,UN UNK 2000,SHOULDER OSTEOARTHRITIS,OSTEOARTHRITIS,HLT_0247,HLGT_0462,MUSCULOSKELETAL AND CONNECTIVE TISSUE DISORDERS
701-1234,V1,20 MAR 2013,5,ACROMIOPLASTY,UN UNK 2000,ACROMIOPLASTY,SHOULDER ARTHROPLASTY,HLT_0406,HLGT_0756,SURGICAL AND MEDICAL PROCEDURES
701-1234,V1,20 MAR 2013,6,UMBILICAL HERNIA REPAIR,UN UNK 2001,UMBILICAL HERNIA REPAIR,UMBILICAL HERNIA REPAIR,HLT_0278,HLGT_0377,SURGICAL AND MEDICAL PROCEDURES
701-1234,V1,20 MAR 2013,7,INGUINAL HERNIA REPAIR,UN UNK 2001,INGUINAL HERNIA REPAIR,INGUINAL HERNIA REPAIR,HLT_0320,HLGT_0772,SURGICAL AND MEDICAL PROCEDURES
701-1234,V1,20 MAR 2013,8,CATARACT OPERATION,UN UNK 2002,CATARACT OPERATION,CATARACT OPERATION,HLT_0432,HLGT_0058,SURGICAL AND MEDICAL PROCEDURES
701-1234,V1,20 MAR 2013,9,CATARACT OPERATION,UN UNK 2004,CATARACT OPERATION,CATARACT OPERATION,HLT_0432,HLGT_0058,SURGICAL AND MEDICAL PROCEDURES
701-1234,V1,20 MAR 2013,10,DETACHED RETINA,UN UNK 2009,DETACHED RETINA,RETINAL DETACHMENT,HLT_0490,HLGT_0223,EYE DISORDERS
701-1234,V1,20 MAR 2013,11,DETACHED RETINA REPAIR,UN UNK 2009,DETACHED RETINA REPAIR,DETACHED RETINA REPAIR,HLT_0345,HLGT_0473,SURGICAL AND MEDICAL PROCEDURES
701-1234,V1,20 MAR 2013,12,HYPERCHOLESTEROLEMIA,20 MAR 2013,HYPERCHOLESTEROLEMIA,HYPERCHOLESTEROLAEMIA,HLT_0025,HLGT_0703,METABOLISM AND NUTRITION DISORDERS
701-1239,V1,28 DEC 2013,0,TOOTH EXTRACTION NOS,UN UNK 1979,TOOTH EXTRACTION NOS,TOOTH EXTRACTION,HLT_0209,HLGT_0762,SURGICAL AND MEDICAL PROCEDURES
701-1239,V1,28 DEC 2013,1,APPENDECTOMY,UN UNK 1980,APPENDECTOMY,APPENDICECTOMY,HLT_0707,HLGT_0363,SURGICAL AND MEDICAL PROCEDURES
701-1239,V1,28 DEC 2013,2,CHEST PAIN,UN UNK 2006,CHEST PAIN,CHEST PAIN,HLT_0717,HLGT_0195,GENERAL DISORDERS AND ADMINISTRATION SITE CONDITIONS
701-1239,V1,28 DEC 2013,3,HYPERTENSION,UN UNK 2006,HYPERTENSION,HYPERTENSION,HLT_0228,HLGT_0476,VASCULAR DISORDERS
701-1239,V1,28 DEC 2013,4,KNEE SURGERY NOS,UN UNK 2008,KNEE SURGERY NOS,KNEE OPERATION,HLT_0319,HLGT_0033,SURGICAL AND MEDICAL PROCEDURES
701-1287,V1,17 JAN 2014,0,TUBERCULOSIS,UN UNK 1979,TUBERCULOSIS,TUBERCULOSIS,HLT_0344,HLGT_0774,INFECTIONS AND INFESTATIONS
701-1287,V1,17 JAN 2014,1,TUBAL LIGATION,UN UNK 1991,TUBAL LIGATION,TUBAL LIGATION,HLT_0730,HLGT_0608,SURGICAL AND MEDICAL PROCEDURES
701-1287,V1,17 JAN 2014,2,ANXIETY,UN UNK 2010,ANXIETY,ANXIETY,HLT_0559,HLGT_0570,PSYCHIATRIC DISORDERS
701-1294,V1,17 MAR 2013,0,TONSILLECTOMY,UN UNK 1946,TONSILLECTOMY,TONSILLECTOMY,HLT_0202,HLGT_0199,SURGICAL AND MEDICAL PROCEDURES
701-1294,V1,17 MAR 2013,1,HEMORRHOIDECTOMY,UN UNK 1966,HEMORRHOIDECTOMY,HAEMORRHOID OPERATION,HLT_0300,HLGT_0468,SURGICAL AND MEDICAL PROCEDURES
701-1294,V1,17 MAR 2013,2,DUODENAL ULCER,UN UNK 1976,DUODENAL ULCER,DUODENAL ULCER,HLT_0322,HLGT_0349,GASTROINTESTINAL DISORDERS
701-1294,V1,17 MAR 2013,3,KIDNEY STONES,UN UNK 1976,KIDNEY STONES,NEPHROLITHIASIS,HLT_0439,HLGT_0546,RENAL AND URINARY DISORDERS
701-1294,V1,17 MAR 2013,4,ARTHROSCOPY R KNEE,UN DEC 2012,ARTHROSCOPY R KNEE,ARTHROSCOPY,HLT_0048,HLGT_0296,INVESTIGATIONS
701-1302,V1,20 AUG 2013,0,TONSILLECTOMY,UN UNK 1956,TONSILLECTOMY,TONSILLECTOMY,HLT_0202,HLGT_0199,SURGICAL AND MEDICAL PROCEDURES
701-1302,V1,20 AUG 2013,1,PNEUMONIA,UN UNK 1966,PNEUMONIA,PNEUMONIA,HLT_0251,HLGT_0671,INFECTIONS AND INFESTATIONS
701-1302,V1,20 AUG 2013,2,ANKLE FRACTURE,UN UNK 1967,ANKLE FRACTURE,ANKLE FRACTURE,HLT_0208,HLGT_0252,"INJURY, POISONING AND PROCEDURAL COMPLICATIONS"
701-1302,V1,20 AUG 2013,3,GONORRHEA,UN UNK 1973,GONORRHEA,GONORRHOEA,HLT_0638,HLGT_0171,INFECTIONS AND INFESTATIONS
701-1302,V1,20 AUG 2013,4,INTERNAL HEMORRHOIDS,UN UNK 1993,INTERNAL HEMORRHOIDS,HAEMORRHOIDS,HLT_0681,HLGT_0485,GASTROINTESTINAL DISORDERS
701-1302,V1,20 AUG 2013,5,INGUINAL HERNIA REPAIR,UN UNK 1995,INGUINAL HERNIA REPAIR,INGUINAL HERNIA REPAIR,HLT_0320,HLGT_0772,SURGICAL AND MEDICAL PROCEDURES
701-1302,V1,20 AUG 2013,6,TOOTH EXTRACTION,UN UNK 1997,TOOTH EXTRACTION,TOOTH EXTRACTION,HLT_0209,HLGT_0762,SURGICAL AND MEDICAL PROCEDURES
701-1302,V1,20 AUG 2013,7,BLEEDING RECTAL,15 MAR 2012,BLEEDING RECTAL,RECTAL HAEMORRHAGE,HLT_0353,HLGT_0755,GASTROINTESTINAL DISORDERS
701-1302,V1,20 AUG 2013,8,PAINFUL DEFECATION,15 MAR 2012,PAINFUL DEFECATION,PAINFUL DEFAECATION,HLT_0379,HLGT_0315,GASTROINTESTINAL DISORDERS
701-1302,V1,20 AUG 2013,9,MUSCLE PAIN,04 APR 2012,MUSCLE PAIN,MYALGIA,HLT_0700,HLGT_0121,MUSCULOSKELETAL AND CONNECTIVE TISSUE DISORDERS
701-1302,V1,20 AUG 2013,10,UPPER RESPIRATORY INFECTION,04 APR 2012,UPPER RESPIRATORY INFECTION,UPPER RESPIRATORY TRACT INFECTION,HLT_0520,HLGT_0489,INFECTIONS AND INFESTATIONS
701-1302,V1,20 AUG 2013,11,HERNIA REPAIR,UN AUG 2012,HERNIA REPAIR,HERNIA REPAIR,HLT_0766,HLGT_0696,SURGICAL AND MEDICAL PROCEDURES
701-1317,V1,10 MAY 2014,0,TONSILLECTOMY,UN UNK 1951,TONSILLECTOMY,TONSILLECTOMY,HLT_0202,HLGT_0199,SURGICAL AND MEDICAL PROCEDURES
701-1324,V1,16 SEP 2012,0,TONSILLECTOMY,UN UNK 1944,TONSILLECTOMY,TONSILLECTOMY,HLT_0202,HLGT_0199,SURGICAL AND MEDICAL PROCEDURES
701-1324,V1,16 SEP 2012,1,LEFT INGUINAL HERNIA,UN UNK 2001,LEFT INGUINAL HERNIA,INGUINAL HERNIA,HLT_0388,HLGT_0368,GASTROINTESTINAL DISORDERS
701-1324,V1,16 SEP 2012,2,HERNIA REPAIR,UN UNK 2001,HERNIA REPAIR,HERNIA REPAIR,HLT_0766,HLGT_0696,SURGICAL AND MEDICAL PROCEDURES
701-1324,V1,16 SEP 2012,3,OSTEOARTHRITIS,UN UNK 2005,OSTEOARTHRITIS,OSTEOARTHRITIS,HLT_0247,HLGT_0462,MUSCULOSKELETAL AND CONNECTIVE TISSUE DISORDERS
701-1324,V1,16 SEP 2012,4,BACK PAIN,UN UNK 2005,BACK PAIN,BACK PAIN,HLT_0115,HLGT_0508,MUSCULOSKELETAL AND CONNECTIVE TISSUE DISORDERS
701-1324,V1,16 SEP 2012,5,HIP REPLACEMENT,UN UNK 2005,HIP REPLACEMENT,HIP ARTHROPLASTY,HLT_0709,HLGT_0449,SURGICAL AND MEDICAL PROCEDURES
701-1341,V1,22 DEC 2012,0,TONSILLECTOMY,UN UNK 1964,TONSILLECTOMY,TONSILLECTOMY,HLT_0202,HLGT_0199,SURGICAL AND MEDICAL PROCEDURES
701-1341,V1,22 DEC 2012,1,RHEUMATIC FEVER,UN UNK 1966,RHEUMATIC FEVER,RHEUMATIC FEVER,HLT_0366,HLGT_0428,MUSCULOSKELETAL AND CONNECTIVE TISSUE DISORDERS
701-1341,V1,22 DEC 2012,2,PNEUMONIA,UN UNK 1983,PNEUMONIA,PNEUMONIA,HLT_0251,HLGT_0671,INFECTIONS AND INFESTATIONS
701-1341,V1,22 DEC 2012,3,NERVE COMPRESSION,UN UNK 1990,NERVE COMPRESSION,NERVE COMPRESSION,HLT_0463,HLGT_0502,NERVOUS SYSTEM DISORDERS
701-1341,V1,22 DEC 2012,4,HEAD INJURY,UN UNK 2003,HEAD INJURY,HEAD INJURY,HLT_0201,HLGT_0554,"INJURY, POISONING AND PROCEDURAL COMPLICATIONS"
701-1345,V1,01 OCT 2013,0,PNEUMONIA,UN UNK 1952,PNEUMONIA,PNEUMONIA,HLT_0251,HLGT_0671,INFECTIONS AND INFESTATIONS
701-1345,V1,01 OCT 2013,1,TONSILLECTOMY,UN UNK 1957,TONSILLECTOMY,TONSILLECTOMY,HLT_0202,HLGT_0199,SURGICAL AND MEDICAL PROCEDURES
701-1345,V1,01 OCT 2013,2,SINUSITIS,22 JUN 1963,SINUSITIS,SINUSITIS,HLT_0262,HLGT_0249,INFECTIONS AND INFESTATIONS
701-1345,V1,01 OCT 2013,3,MALIGNANT NASOPHARYNGEAL NEOPLASM,UN UNK 1972,MALIGNANT NASOPHARYNGEAL NEOPLASM,NASOPHARYNGEAL CANCER,HLT_0568,HLGT_0707,"NEOPLASMS BENIGN, MALIGNANT AND UNSPECIFIED (INCL CYSTS AND POLYPS)"
701-1345,V1,01 OCT 2013,4,HEARTBURN,UN UNK 1983,HEARTBURN,DYSPEPSIA,HLT_0244,HLGT_0716,GASTROINTESTINAL DISORDERS
701-1345,V1,01 OCT 2013,5,BACK PAIN,22 MAR 2010,BACK PAIN,BACK PAIN,HLT_0115,HLGT_0508,MUSCULOSKELETAL AND CONNECTIVE TISSUE DISORDERS
701-1345,V1,01 OCT 2013,6,EAR PAIN,UN UNK 2012,EAR PAIN,EAR PAIN,HLT_0631,HLGT_0432,EAR AND LABYRINTH DISORDERS
701-1360,V1,24 JUL 2013,0,TONSILLECTOMY,UN UNK 1965,TONSILLECTOMY,TONSILLECTOMY,HLT_0202,HLGT_0199,SURGICAL AND MEDICAL PROCEDURES
701-1360,V1,24 JUL 2013,1,COLON ULCER,UN UNK 1975,COLON ULCER,LARGE INTESTINAL ULCER,HLT_0428,HLGT_0160,GASTROINTESTINAL DISORDERS
701-1360,V1,24 JUL 2013,2,HEMORRHOIDECTOMY,UN UNK 1976,HEMORRHOIDECTOMY,HAEMORRHOID OPERATION,HLT_0300,HLGT_0468,SURGICAL AND MEDICAL PROCEDURES
701-1360,V1,24 JUL 2013,3,HAND FRACTURE,UN UNK 1986,HAND FRACTURE,HAND FRACTURE,HLT_0157,HLGT_0169,"INJURY, POISONING AND PROCEDURAL COMPLICATIONS"
701-1360,V1,24 JUL 2013,4,BREATH SHORTNESS,UN UNK 2010,BREATH SHORTNESS,DYSPNOEA,HLT_0296,HLGT_0255,"RESPIRATORY, THORACIC AND MEDIASTINAL DISORDERS"
701-1360,V1,24 JUL 2013,5,ESOPHAGEAL OPERATION,UN UNK 2011,ESOPHAGEAL OPERATION,OESOPHAGEAL OPERATION,HLT_0425,HLGT_0425,SURGICAL AND MEDICAL PROCEDURES
701-1360,V1,24 JUL 2013,6,PLEURISY,UN UNK 2011,PLEURISY,PLEURISY,HLT_0268,HLGT_0356,"RESPIRATORY, THORACIC AND MEDIASTINAL DISORDERS"
701-1363,V1,20 MAY 2013,0,CONSCIOUSNESS LOSS,UN UNK 2007,CONSCIOUSNESS LOSS,LOSS OF CONSCIOUSNESS,HLT_0529,HLGT_0595,NERVOUS SYSTEM DISORDERS
701-1363,V1,20 MAY 2013,1,ARRHYTHMIA,UN UNK 2011,ARRHYTHMIA,ARRHYTHMIA,HLT_0145,HLGT_0291,CARDIAC DISORDERS
701-1363,V1,20 MAY 2013,2,UPPER BACK PAIN,UN UNK 2011,UPPER BACK PAIN,BACK PAIN,HLT_0115,HLGT_0508,MUSCULOSKELETAL AND CONNECTIVE TISSUE DISORDERS
701-1363,V1,20 MAY 2013,3,ECZEMA,UN UNK 2012,ECZEMA,ECZEMA,HLT_0747,HLGT_0748,SKIN AND SUBCUTANEOUS TISSUE DISORDERS
701-1363,V1,20 MAY 2013,4,PAIN IN HIP,UN UNK 2012,PAIN IN HIP,ARTHRALGIA,HLT_0375,HLGT_0610,MUSCULOSKELETAL AND CONNECTIVE TISSUE DISORDERS
701-1363,V1,20 MAY 2013,5,LIGHTHEADEDNESS,UN UNK 2012,LIGHTHEADEDNESS,DIZZINESS,HLT_0619,HLGT_0751,NERVOUS SYSTEM DISORDERS
701-1383,V1,22 JAN 2013,0,MASTECTOMY,UN UNK 1966,MASTECTOMY,MASTECTOMY,HLT_0729,HLGT_0669,SURGICAL AND MEDICAL PROCEDURES
701-1383,V1,22 JAN 2013,1,CESAREAN SECTION,UN UNK 1969,CESAREAN SECTION,CAESAREAN SECTION,HLT_0506,HLGT_0766,SURGICAL AND MEDICAL PROCEDURES
701-1383,V1,22 JAN 2013,2,APPENDECTOMY,UN UNK 1969,APPENDECTOMY,APPENDICECTOMY,HLT_0707,HLGT_0363,SURGICAL AND MEDICAL PROCEDURES
701-1383,V1,22 JAN 2013,3,CESAREAN SECTION,UN UNK 1972,CESAREAN SECTION,CAESAREAN SECTION,HLT_0506,HLGT_0766,SURGICAL AND MEDICAL PROCEDURES
701-1383,V1,22 JAN 2013,4,HYSTERECTOMY,UN UNK 1977,HYSTERECTOMY,HYSTERECTOMY,HLT_0675,HLGT_0657,SURGICAL AND MEDICAL PROCEDURES
701-1383,V1,22 JAN 2013,5,HEMORRHOIDECTOMY,UN UNK 1982,HEMORRHOIDECTOMY,HAEMORRHOID OPERATION,HLT_0300,HLGT_0468,SURGICAL AND MEDICAL PROCEDURES
701-1383,V1,22 JAN 2013,6,HEMORRHOIDECTOMY,UN UNK 1988,HEMORRHOIDECTOMY,HAEMORRHOID OPERATION,HLT_0300,HLGT_0468,SURGICAL AND MEDICAL PROCEDURES
701-1383,V1,22 JAN 2013,7,PYELONEPHRITIS,UN UNK 1988,PYELONEPHRITIS,PYELONEPHRITIS,HLT_0307,HLGT_0040,INFECTIONS AND INFESTATIONS
701-1383,V1,22 JAN 2013,8,SINUSITIS,UN UNK 2006,SINUSITIS,SINUSITIS,HLT_0262,HLGT_0249,INFECTIONS AND INFESTATIONS
701-1387,V1,23 FEB 2014,0,TONSILLECTOMY,UN UNK 1936,TONSILLECTOMY,TONSILLECTOMY,HLT_0202,HLGT_0199,SURGICAL AND MEDICAL PROCEDURES
701-1387,V1,23 FEB 2014,1,PNEUMONIA,UN UNK 1940,PNEUMONIA,PNEUMONIA,HLT_0251,HLGT_0671,INFECTIONS AND INFESTATIONS
701-1387,V1,23 FEB 2014,2,TOOTH EXTRACTION,UN UNK 2003,TOOTH EXTRACTION,TOOTH EXTRACTION,HLT_0209,HLGT_0762,SURGICAL AND MEDICAL PROCEDURES
701-1387,V1,23 FEB 2014,3,FELT FAINT,UN UNK 2011,FELT FAINT,DIZZINESS,HLT_0619,HLGT_0751,NERVOUS SYSTEM DISORDERS
701-1387,V1,23 FEB 2014,4,BASAL CELL CARCINOMA,UN MAR 2011,BASAL CELL CARCINOMA,BASAL CELL CARCINOMA,HLT_0332,HLGT_0328,"NEOPLASMS BENIGN, MALIGNANT AND UNSPECIFIED (INCL CYSTS AND POLYPS)"
701-1392,V1,17 OCT 2012,0,TOOTH EXTRACTION,UN UNK 2001,TOOTH EXTRACTION,TOOTH EXTRACTION,HLT_0209,HLGT_0762,SURGICAL AND MEDICAL PROCEDURES
701-1392,V1,17 OCT 2012,1,TRANSURETHRAL PROSTATECTOMY,28 DEC 2011,TRANSURETHRAL PROSTATECTOMY,TRANSURETHRAL PROSTATECTOMY,HLT_0551,HLGT_0320,SURGICAL AND MEDICAL PROCEDURES
701-1415,V1,15 SEP 2013,0,TONSILLECTOMY,UN UNK 1940,TONSILLECTOMY,TONSILLECTOMY,HLT_0202,HLGT_0199,SURGICAL AND MEDICAL PROCEDURES
701-1415,V1,15 SEP 2013,1,MIGRAINE,UN UNK 1944,MIGRAINE,MIGRAINE,HLT_0547,HLGT_0317,NERVOUS SYSTEM DISORDERS
701-1415,V1,15 SEP 2013,2,BREATH SHORTNESS,UN UNK 1986,BREATH SHORTNESS,DYSPNOEA,HLT_0296,HLGT_0255,"RESPIRATORY, THORACIC AND MEDIASTINAL DISORDERS"
701-1415,V1,15 SEP 2013,3,INGUINAL HERNIA,UN UNK 2008,INGUINAL HERNIA,INGUINAL HERNIA,HLT_0388,HLGT_0368,GASTROINTESTINAL DISORDERS
701-1415,V1,15 SEP 2013,4,BORDERLINE DIABETES,UN UNK 2010,BORDERLINE DIABETES,GLUCOSE TOLERANCE IMPAIRED,HLT_0063,HLGT_0286,METABOLISM AND NUTRITION DISORDERS
701-1415,V1,15 SEP 2013,5,DIVERTICULOSIS,UN UNK 2012,DIVERTICULOSIS,DIVERTICULUM,HLT_0069,HLGT_0141,GASTROINTESTINAL DISORDERS
701-1415,V1,15 SEP 2013,6,INFECTION OF THE OUTER EAR,23 JAN 2012,INFECTION OF THE OUTER EAR,OTITIS EXTERNA,HLT_0673,HLGT_0404,INFECTIONS AND INFESTATIONS
701-1415,V1,15 SEP 2013,7,BASAL CELL CARCINOMA,13 JUN 2013,BASAL CELL CARCINOMA,BASAL CELL CARCINOMA,HLT_0332,HLGT_0328,"NEOPLASMS BENIGN, MALIGNANT AND UNSPECIFIED (INCL CYSTS AND POLYPS)"
701-1415,V1,15 SEP 2013,8,PAIN TRAUMA ACTIVATED,10 AUG 2013,PAIN TRAUMA ACTIVATED,PAIN TRAUMA ACTIVATED,HLT_0579,HLGT_0732,"INJURY, POISONING AND PROCEDURAL COMPLICATIONS"
701-1415,V1,15 SEP 2013,9,BRUISING OF ARM,10 AUG 2013,BRUISING OF ARM,CONTUSION,HLT_0713,HLGT_0381,"INJURY, POISONING AND PROCEDURAL COMPLICATIONS"
701-1415,V1,15 SEP 2013,10,LACERATION OF ARM,10 AUG 2013,LACERATION OF ARM,SKIN LACERATION,HLT_0075,HLGT_0118,"INJURY, POISONING AND PROCEDURAL COMPLICATIONS"
701-1415,V1,15 SEP 2013,11,COLD,22 AUG 2013,COLD,NASOPHARYNGITIS,HLT_0036,HLGT_0709,INFECTIONS AND INFESTATIONS
701-1429,V1,25 FEB 2013,0,HEMORRHOIDS,UN UNK 2009,HEMORRHOIDS,HAEMORRHOIDS,HLT_0681,HLGT_0485,GASTROINTESTINAL DISORDERS
701-1440,V1,24 JUL 2013,0,CERVICAL VERTEBRAL FRACTURE,UN UNK 1995,CERVICAL VERTEBRAL FRACTURE,CERVICAL VERTEBRAL FRACTURE,HLT_0577,HLGT_0777,"INJURY, POISONING AND PROCEDURAL COMPLICATIONS"
701-1440,V1,24 JUL 2013,1,HEMIPLEGIA (LEFT),UN UNK 1995,HEMIPLEGIA (LEFT),HEMIPLEGIA,HLT_0099,HLGT_0678,NERVOUS SYSTEM DISORDERS
701-1440,V1,24 JUL 2013,2,LOSS OF CONSCIOUSNESS,UN UNK 1995,LOSS OF CONSCIOUSNESS,LOSS OF CONSCIOUSNESS,HLT_0529,HLGT_0595,NERVOUS SYSTEM DISORDERS
701-1440,V1,24 JUL 2013,3,FUSION OF VERTEBRA,UN UNK 1995,FUSION OF VERTEBRA,SPINAL FUSION SURGERY,HLT_0719,HLGT_0105,SURGICAL AND MEDICAL PROCEDURES
701-1440,V1,24 JUL 2013,4,WEIGHT LOSS,UN MAY 2013,WEIGHT LOSS,WEIGHT DECREASED,HLT_0158,HLGT_0778,INVESTIGATIONS
701-1442,V1,17 OCT 2013,0,HYSTERECTOMY,UN UNK 1997,HYSTERECTOMY,HYSTERECTOMY,HLT_0675,HLGT_0657,SURGICAL AND MEDICAL PROCEDURES
701-1444,V1,31 DEC 2012,0,HEMORRHOIDECTOMY,UN UNK 1978,HEMORRHOIDECTOMY,HAEMORRHOID OPERATION,HLT_0300,HLGT_0468,SURGICAL AND MEDICAL PROCEDURES
701-1444,V1,31 DEC 2012,1,VASECTOMY,UN UNK 1986,VASECTOMY,VASECTOMY,HLT_0108,HLGT_0517,SURGICAL AND MEDICAL PROCEDURES
701-1444,V1,31 DEC 2012,2,SHINGLES,UN AUG 2008,SHINGLES,HERPES ZOSTER,HLT_0460,HLGT_0239,INFECTIONS AND INFESTATIONS
701-1444,V1,31 DEC 2012,3,GALLBLADDER STONES,UN UNK 2009,GALLBLADDER STONES,CHOLELITHIASIS,HLT_0084,HLGT_0177,HEPATOBILIARY DISORDERS
701-1444,V1,31 DEC 2012,4,CHOLECYSTECTOMY,UN UNK 2009,CHOLECYSTECTOMY,CHOLECYSTECTOMY,HLT_0149,HLGT_0074,SURGICAL AND MEDICAL PROCEDURES
701-1444,V1,31 DEC 2012,5,INTESTINAL POLYP,UN UNK 2011,INTESTINAL POLYP,INTESTINAL POLYP,HLT_0429,HLGT_0302,GASTROINTESTINAL DISORDERS
701-1444,V1,31 DEC 2012,6,HEADACHE,UN UNK 2011,HEADACHE,HEADACHE,HLT_0064,HLGT_0344,NERVOUS SYSTEM DISORDERS
701-1444,V1,31 DEC 2012,7,INTESTINAL POLYPECTOMY,UN UNK 2011,INTESTINAL POLYPECTOMY,INTESTINAL POLYPECTOMY,HLT_0223,HLGT_0386,SURGICAL AND MEDICAL PROCEDURES
701-1444,V1,31 DEC 2012,8,DUODENAL ULCER,10 NOV 2011,DUODENAL ULCER,DUODENAL ULCER,HLT_0322,HLGT_0349,GASTROINTESTINAL DISORDERS
701-1444,V1,31 DEC 2012,9,CHEST PAIN,UN UNK 2012,CHEST PAIN,CHEST PAIN,HLT_0717,HLGT_0195,GENERAL DISORDERS AND ADMINISTRATION SITE CONDITIONS
701-1444,V1,31 DEC 2012,10,ABDOMINAL PAIN,UN UNK 2012,ABDOMINAL PAIN,ABDOMINAL PAIN,HLT_0217,HLGT_0419,GASTROINTESTINAL DISORDERS
701-1444,V1,31 DEC 2012,11,INDIGESTION,UN UNK 2012,INDIGESTION,DYSPEPSIA,HLT_0244,HLGT_0716,GASTROINTESTINAL DISORDERS
701-1444,V1,31 DEC 2012,12,RECTAL BLEEDING,UN NOV 2012,RECTAL BLEEDING,RECTAL HAEMORRHAGE,HLT_0353,HLGT_0755,GASTROINTESTINAL DISORDERS
703-1042,V1,23 FEB 2013,0,LUNG ABSCESS DRAINAGE,UN UNK 1997,LUNG ABSCESS DRAINAGE,ABSCESS DRAINAGE,HLT_0316,HLGT_0416,SURGICAL AND MEDICAL PROCEDURES
703-1042,V1,23 FEB 2013,1,INTESTINAL POLYPECTOMY,UN UNK 2009,INTESTINAL POLYPECTOMY,INTESTINAL POLYPECTOMY,HLT_0223,HLGT_0386,SURGICAL AND MEDICAL PROCEDURES
703-1119,V1,02 FEB 2013,0,RHEUMATIC FEVER,UN UNK 1941,RHEUMATIC FEVER,RHEUMATIC FEVER,HLT_0366,HLGT_0428,MUSCULOSKELETAL AND CONNECTIVE TISSUE DISORDERS
703-1119,V1,02 FEB 2013,1,CARDIAC CATHETERIZATION,UN UNK 2005,CARDIAC CATHETERIZATION,CATHETERISATION CARDIAC,HLT_0699,HLGT_0454,INVESTIGATIONS
703-1119,V1,02 FEB 2013,2,ANGIOPLASTY,UN UNK 2005,ANGIOPLASTY,ANGIOPLASTY,HLT_0263,HLGT_0251,SURGICAL AND MEDICAL PROCEDURES
703-1119,V1,02 FEB 2013,3,CARDIAC CATHETERIZATION,UN UNK 2006,CARDIAC CATHETERIZATION,CATHETERISATION CARDIAC,HLT_0699,HLGT_0454,INVESTIGATIONS
703-1119,V1,02 FEB 2013,4,ANGIOPLASTY,UN UNK 2008,ANGIOPLASTY,ANGIOPLASTY,HLT_0263,HLGT_0251,SURGICAL AND MEDICAL PROCEDURES
703-1119,V1,02 FEB 2013,5,FRACTURE TREATMENT,02 DEC 2011,FRACTURE TREATMENT,FRACTURE TREATMENT,HLT_0650,HLGT_0620,SURGICAL AND MEDICAL PROCEDURES
703-1182,V1,08 OCT 2013,0,HEART BLOCK,UN UNK 2007,HEART BLOCK,ATRIOVENTRICULAR BLOCK,HLT_0389,HLGT_0278,CARDIAC DISORDERS
703-1182,V1,08 OCT 2013,1,CARDIAC PACEMAKER INSERTION,UN UNK 2007,CARDIAC PACEMAKER INSERTION,CARDIAC PACEMAKER INSERTION,HLT_0474,HLGT_0501,SURGICAL AND MEDICAL PROCEDURES
703-1210,V1,08 MAR 2013,0,TONGUE OPERATION,UN UNK 1975,TONGUE OPERATION,TONGUE OPERATION,HLT_0182,HLGT_0383,SURGICAL AND MEDICAL PROCEDURES
703-1210,V1,08 MAR 2013,1,ORAL CANCER STAGE UNSPECIFIED,UN UNK 1975,ORAL CANCER STAGE UNSPECIFIED,LIP AND/OR ORAL CAVITY CANCER,HLT_0543,HLGT_0536,"NEOPLASMS BENIGN, MALIGNANT AND UNSPECIFIED (INCL CYSTS AND POLYPS)"
703-1258,V1,10 JUL 2012,0,APPENDECTOMY,UN UNK 1952,APPENDECTOMY,APPENDICECTOMY,HLT_0707,HLGT_0363,SURGICAL AND MEDICAL PROCEDURES
703-1258,V1,10 JUL 2012,1,BLADDER PROLAPSE,UN APR 2010,BLADDER PROLAPSE,BLADDER PROLAPSE,HLT_0502,HLGT_0048,RENAL AND URINARY DISORDERS
703-1258,V1,10 JUL 2012,2,HYSTERECTOMY,UN APR 2010,HYSTERECTOMY,HYSTERECTOMY,HLT_0675,HLGT_0657,SURGICAL AND MEDICAL PROCEDURES
703-1258,V1,10 JUL 2012,3,ESOPHAGEAL STENOSIS,UN MAY 2011,ESOPHAGEAL STENOSIS,OESOPHAGEAL STENOSIS,HLT_0741,HLGT_0704,GASTROINTESTINAL DISORDERS
703-1295,V1,24 OCT 2013,0,FRACTURE TREATMENT,UN APR 2012,FRACTURE TREATMENT,FRACTURE TREATMENT,HLT_0650,HLGT_0620,SURGICAL AND MEDICAL PROCEDURES
703-1299,V1,07 SEP 2012,0,BREAST CANCER,UN UNK 2004,BREAST CANCER,BREAST CANCER,HLT_0101,HLGT_0442,"NEOPLASMS BENIGN, MALIGNANT AND UNSPECIFIED (INCL CYSTS AND POLYPS)"
703-1299,V1,07 SEP 2012,1,MASTECTOMY,UN UNK 2004,MASTECTOMY,MASTECTOMY,HLT_0729,HLGT_0669,SURGICAL AND MEDICAL PROCEDURES
703-1299,V1,07 SEP 2012,2,COLECTOMY,UN UNK 2007,COLECTOMY,COLECTOMY,HLT_0054,HLGT_0052,SURGICAL AND MEDICAL PROCEDURES
703-1299,V1,07 SEP 2012,3,INTESTINAL OBSTRUCTION,UN UNK 2007,INTESTINAL OBSTRUCTION,INTESTINAL OBSTRUCTION,HLT_0468,HLGT_0515,GASTROINTESTINAL DISORDERS
703-1335,V1,28 FEB 2014,0,PEPTIC ULCER,UN UNK 2007,PEPTIC ULCER,PEPTIC ULCER,HLT_0113,HLGT_0482,GASTROINTESTINAL DISORDERS
703-1379,V1,12 SEP 2013,0,UTERINE BENIGN NEOPLASM REMOVAL,UN UNK 1971,UTERINE BENIGN NEOPLASM REMOVAL,UTERINE TUMOUR EXCISION,HLT_0081,HLGT_0357,SURGICAL AND MEDICAL PROCEDURES
703-1379,V1,12 SEP 2013,1,STASIS ULCER,UN UNK 2011,STASIS ULCER,SKIN ULCER,HLT_0005,HLGT_0017,SKIN AND SUBCUTANEOUS TISSUE DISORDERS
703-1439,V1,04 MAR 2014,0,MENOPAUSE,UN UNK 1992,MENOPAUSE,MENOPAUSE,HLT_0723,HLGT_0632,SOCIAL CIRCUMSTANCES
703-1439,V1,04 MAR 2014,1,HIP REPLACEMENT,UN UNK 2010,HIP REPLACEMENT,HIP ARTHROPLASTY,HLT_0709,HLGT_0449,SURGICAL AND MEDICAL PROCEDURES
703-1439,V1,04 MAR 2014,2,KNEE TOTAL REPLACEMENT,UN UNK 2011,KNEE TOTAL REPLACEMENT,KNEE ARTHROPLASTY,HLT_0710,HLGT_0078,SURGICAL AND MEDICAL PROCEDURES
704-1008,V1,06 JAN 2013,0,APPENDECTOMY,UN UNK 1956,APPENDECTOMY,APPENDICECTOMY,HLT_0707,HLGT_0363,SURGICAL AND MEDICAL PROCEDURES
704-1008,V1,06 JAN 2013,1,BIOPSY BREAST NORMAL,UN JAN 2012,BIOPSY BREAST NORMAL,BIOPSY BREAST NORMAL,HLT_0575,HLGT_0269,INVESTIGATIONS
704-1008,V1,06 JAN 2013,2,RIGHT CATARACT EXTRACTION,21 JUL 2012,RIGHT CATARACT EXTRACTION,CATARACT OPERATION,HLT_0432,HLGT_0058,SURGICAL AND MEDICAL PROCEDURES
704-1010,V1,08 FEB 2014,0,INGUINAL HERNIA,UN UNK 1957,INGUINAL HERNIA,INGUINAL HERNIA,HLT_0388,HLGT_0368,GASTROINTESTINAL DISORDERS
704-1010,V1,08 FEB 2014,1,INGUINAL HERNIA,UN UNK 1959,INGUINAL HERNIA,INGUINAL HERNIA,HLT_0388,HLGT_0368,GASTROINTESTINAL DISORDERS
704-1010,V1,08 FEB 2014,2,INGUINAL HERNIA,UN UNK 1967,INGUINAL HERNIA,INGUINAL HERNIA,HLT_0388,HLGT_0368,GASTROINTESTINAL DISORDERS
704-1010,V1,08 FEB 2014,3,INGUINAL HERNIA,UN UNK 1972,INGUINAL HERNIA,INGUINAL HERNIA,HLT_0388,HLGT_0368,GASTROINTESTINAL DISORDERS
704-1010,V1,08 FEB 2014,4,INGUINAL HERNIA,UN UNK 1978,INGUINAL HERNIA,INGUINAL HERNIA,HLT_0388,HLGT_0368,GASTROINTESTINAL DISORDERS
704-1010,V1,08 FEB 2014,5,INGUINAL HERNIA,UN UNK 1986,INGUINAL HERNIA,INGUINAL HERNIA,HLT_0388,HLGT_0368,GASTROINTESTINAL DISORDERS
704-1010,V1,08 FEB 2014,6,FRACTURE OF PATELLA,UN MAY 1994,FRACTURE OF PATELLA,PATELLA FRACTURE,HLT_0044,HLGT_0712,"INJURY, POISONING AND PROCEDURAL COMPLICATIONS"
704-1017,V1,20 SEP 2013,0,HEART ATTACK,15 MAY 2000,HEART ATTACK,MYOCARDIAL INFARCTION,HLT_0649,HLGT_0688,CARDIAC DISORDERS
704-1017,V1,20 SEP 2013,1,TRIPLE VESSEL BYPASS GRAFT,16 DEC 2006,TRIPLE VESSEL BYPASS GRAFT,TRIPLE VESSEL BYPASS GRAFT,HLT_0414,HLGT_0399,SURGICAL AND MEDICAL PROCEDURES
704-1025,V1,18 SEP 2013,0,HIP SURGERY,UN UNK 1982,HIP SURGERY,HIP SURGERY,HLT_0531,HLGT_0626,SURGICAL AND MEDICAL PROCEDURES
704-1025,V1,18 SEP 2013,1,CATARACT OPERATION,UN MAY 2012,CATARACT OPERATION,CATARACT OPERATION,HLT_0432,HLGT_0058,SURGICAL AND MEDICAL PROCEDURES
704-1074,V1,19 JAN 2014,0,HYSTERECTOMY,UN UNK 1993,HYSTERECTOMY,HYSTERECTOMY,HLT_0675,HLGT_0657,SURGICAL AND MEDICAL PROCEDURES
704-1074,V1,19 JAN 2014,1,INTERNAL FIXATION OF FRACTURE,UN UNK 2007,INTERNAL FIXATION OF FRACTURE,INTERNAL FIXATION OF FRACTURE,HLT_0212,HLGT_0440,SURGICAL AND MEDICAL PROCEDURES
704-1093,V1,22 FEB 2013,0,INGUINAL HERNIA,UN MAY 1999,INGUINAL HERNIA,INGUINAL HERNIA,HLT_0388,HLGT_0368,GASTROINTESTINAL DISORDERS
704-1093,V1,22 FEB 2013,1,BLADDER TUMOR RESECTION,UN NOV 2006,BLADDER TUMOR RESECTION,BLADDER NEOPLASM SURGERY,HLT_0183,HLGT_0006,SURGICAL AND MEDICAL PROCEDURES
704-1114,V1,09 JAN 2013,0,APPENDECTOMY,UN MAY 1977,APPENDECTOMY,APPENDICECTOMY,HLT_0707,HLGT_0363,SURGICAL AND MEDICAL PROCEDURES
704-1114,V1,09 JAN 2013,1,CORONARY ANGIOPLASTY,UN DEC 2004,CORONARY ANGIOPLASTY,CORONARY ANGIOPLASTY,HLT_0042,HLGT_0042,SURGICAL AND MEDICAL PROCEDURES
704-1114,V1,09 JAN 2013,2,CORONARY ANGIOPLASTY,UN SEP 2011,CORONARY ANGIOPLASTY,CORONARY ANGIOPLASTY,HLT_0042,HLGT_0042,SURGICAL AND MEDICAL PROCEDURES
704-1114,V1,09 JAN 2013,3,CORONARY ANGIOPLASTY,28 DEC 2011,CORONARY ANGIOPLASTY,CORONARY ANGIOPLASTY,HLT_0042,HLGT_0042,SURGICAL AND MEDICAL PROCEDURES
704-1120,V1,18 NOV 2013,0,HYSTERECTOMY,UN UNK 1977,HYSTERECTOMY,HYSTERECTOMY,HLT_0675,HLGT_0657,SURGICAL AND MEDICAL PROCEDURES
704-1135,V1,23 OCT 2013,0,DIPHTHERIA,UN UNK 1962,DIPHTHERIA,DIPHTHERIA,HLT_0601,HLGT_0677,INFECTIONS AND INFESTATIONS
704-1135,V1,23 OCT 2013,1,BREAST REDUCTION,UN UNK 1987,BREAST REDUCTION,BREAST COSMETIC SURGERY,HLT_0080,HLGT_0143,SURGICAL AND MEDICAL PROCEDURES
704-1135,V1,23 OCT 2013,2,DISLOCATED SHOULDER,UN UNK 2010,DISLOCATED SHOULDER,JOINT DISLOCATION,HLT_0035,HLGT_0227,"INJURY, POISONING AND PROCEDURAL COMPLICATIONS"
704-1164,V1,11 SEP 2012,0,HEPATITIS,UN UNK 1964,HEPATITIS,HEPATITIS,HLT_0777,HLGT_0292,HEPATOBILIARY DISORDERS
704-1164,V1,11 SEP 2012,1,GUN SHOT WOUND,UN UNK 1986,GUN SHOT WOUND,GUN SHOT WOUND,HLT_0015,HLGT_0150,"INJURY, POISONING AND PROCEDURAL COMPLICATIONS"
704-1218,V1,11 NOV 2012,0,HEART ATTACK,UN UNK 1997,HEART ATTACK,MYOCARDIAL INFARCTION,HLT_0649,HLGT_0688,CARDIAC DISORDERS
704-1218,V1,11 NOV 2012,1,CORONARY ARTERY BYPASS,UN UNK 1997,CORONARY ARTERY BYPASS,CORONARY ARTERY SURGERY,HLT_0457,HLGT_0045,SURGICAL AND MEDICAL PROCEDURES
704-1218,V1,11 NOV 2012,2,ANGINA PECTORIS,UN AUG 2011,ANGINA PECTORIS,ANGINA PECTORIS,HLT_0033,HLGT_0063,CARDIAC DISORDERS
704-1218,V1,11 NOV 2012,3,STENT PLACEMENT,UN AUG 2011,STENT PLACEMENT,STENT PLACEMENT,HLT_0645,HLGT_0144,SURGICAL AND MEDICAL PROCEDURES
704-1218,V1,11 NOV 2012,4,CATARACT OPERATION,UN NOV 2011,CATARACT OPERATION,CATARACT OPERATION,HLT_0432,HLGT_0058,SURGICAL AND MEDICAL PROCEDURES
704-1233,V1,08 MAR 2013,0,APPENDECTOMY,UN UNK 1934,APPENDECTOMY,APPENDICECTOMY,HLT_0707,HLGT_0363,SURGICAL AND MEDICAL PROCEDURES
704-1233,V1,08 MAR 2013,1,HIP REPLACEMENT,UN UNK 2000,HIP REPLACEMENT,HIP ARTHROPLASTY,HLT_0709,HLGT_0449,SURGICAL AND MEDICAL PROCEDURES
704-1241,V1,14 AUG 2013,0,HYPERTENSION,UN NOV 2001,HYPERTENSION,HYPERTENSION,HLT_0228,HLGT_0476,VASCULAR DISORDERS
704-1260,V1,23 AUG 2012,0,REMOVAL OF KIDNEY STONE,UN UNK 1992,REMOVAL OF KIDNEY STONE,RENAL STONE REMOVAL,HLT_0303,HLGT_0633,SURGICAL AND MEDICAL PROCEDURES
704-1260,V1,23 AUG 2012,1,HIP REPLACEMENT,14 MAY 2012,HIP REPLACEMENT,HIP ARTHROPLASTY,HLT_0709,HLGT_0449,SURGICAL AND MEDICAL PROCEDURES
704-1266,V1,05 OCT 2013,0,BIOPSY PROSTATE NORMAL,UN MAR 1998,BIOPSY PROSTATE NORMAL,BIOPSY PROSTATE NORMAL,HLT_0691,HLGT_0607,INVESTIGATIONS
704-1266,V1,05 OCT 2013,1,BASAL CELL CARCINOMA,UN UNK 2002,BASAL CELL CARCINOMA,BASAL CELL CARCINOMA,HLT_0332,HLGT_0328,"NEOPLASMS BENIGN, MALIGNANT AND UNSPECIFIED (INCL CYSTS AND POLYPS)"
704-1266,V1,05 OCT 2013,2,HERNIA REPAIR,UN UNK 2007,HERNIA REPAIR,HERNIA REPAIR,HLT_0766,HLGT_0696,SURGICAL AND MEDICAL PROCEDURES
704-1266,V1,05 OCT 2013,3,HERNIA REPAIR,UN UNK 2012,HERNIA REPAIR,HERNIA REPAIR,HLT_0766,HLGT_0696,SURGICAL AND MEDICAL PROCEDURES
704-1323,V1,13 JUN 2013,0,BOWEL OBSTRUCTION,UN UNK 1986,BOWEL OBSTRUCTION,INTESTINAL OBSTRUCTION,HLT_0468,HLGT_0515,GASTROINTESTINAL DISORDERS
704-1323,V1,13 JUN 2013,1,HYSTERECTOMY,UN UNK 1986,HYSTERECTOMY,HYSTERECTOMY,HLT_0675,HLGT_0657,SURGICAL AND MEDICAL PROCEDURES
704-1323,V1,13 JUN 2013,2,STOMACH ULCER,UN UNK 2003,STOMACH ULCER,GASTRIC ULCER,HLT_0119,HLGT_0729,GASTROINTESTINAL DISORDERS
704-1325,V1,16 APR 2014,0,STOMACH ULCER,UN UNK 1975,STOMACH ULCER,GASTRIC ULCER,HLT_0119,HLGT_0729,GASTROINTESTINAL DISORDERS
704-1325,V1,16 APR 2014,1,PROSTATE TRANSURETHRAL RESECTION,UN UNK 2006,PROSTATE TRANSURETHRAL RESECTION,TRANSURETHRAL PROSTATECTOMY,HLT_0551,HLGT_0320,SURGICAL AND MEDICAL PROCEDURES
704-1325,V1,16 APR 2014,2,AORTIC ANEURYSM REPAIR,UN UNK 2008,AORTIC ANEURYSM REPAIR,AORTIC ANEURYSM REPAIR,HLT_0774,HLGT_0767,SURGICAL AND MEDICAL PROCEDURES
704-1332,V1,24 NOV 2013,0,HEAD INJURY,UN UNK 2007,HEAD INJURY,HEAD INJURY,HLT_0201,HLGT_0554,"INJURY, POISONING AND PROCEDURAL COMPLICATIONS"
704-1332,V1,24 NOV 2013,1,HERNIA REPAIR,23 JAN 2013,HERNIA REPAIR,HERNIA REPAIR,HLT_0766,HLGT_0696,SURGICAL AND MEDICAL PROCEDURES
704-1332,V1,24 NOV 2013,2,PROSTATE TRANSURETHRAL RESECTION,04 APR 2013,PROSTATE TRANSURETHRAL RESECTION,TRANSURETHRAL PROSTATECTOMY,HLT_0551,HLGT_0320,SURGICAL AND MEDICAL PROCEDURES
704-1351,V1,26 SEP 2013,0,HERNIA REPAIR,UN UNK 1973,HERNIA REPAIR,HERNIA REPAIR,HLT_0766,HLGT_0696,SURGICAL AND MEDICAL PROCEDURES
704-1351,V1,26 SEP 2013,1,HERNIA REPAIR,UN UNK 1986,HERNIA REPAIR,HERNIA REPAIR,HLT_0766,HLGT_0696,SURGICAL AND MEDICAL PROCEDURES
704-1351,V1,26 SEP 2013,2,MALIGNANT TUMOUR EXCISION,UN UNK 1991,MALIGNANT TUMOUR EXCISION,MALIGNANT TUMOUR EXCISION,HLT_0238,HLGT_0209,SURGICAL AND MEDICAL PROCEDURES
704-1351,V1,26 SEP 2013,3,SKIN GRAFT NOS,UN UNK 1992,SKIN GRAFT NOS,SKIN GRAFT,HLT_0392,HLGT_0390,SURGICAL AND MEDICAL PROCEDURES
704-1351,V1,26 SEP 2013,4,SKIN GRAFT NOS,UN UNK 1996,SKIN GRAFT NOS,SKIN GRAFT,HLT_0392,HLGT_0390,SURGICAL AND MEDICAL PROCEDURES
704-1351,V1,26 SEP 2013,5,MALIGNANT TUMOUR EXCISION,UN UNK 2011,MALIGNANT TUMOUR EXCISION,MALIGNANT TUMOUR EXCISION,HLT_0238,HLGT_0209,SURGICAL AND MEDICAL PROCEDURES
704-1388,V1,28 NOV 2012,0,APPENDECTOMY,UN UNK 1943,APPENDECTOMY,APPENDICECTOMY,HLT_0707,HLGT_0363,SURGICAL AND MEDICAL PROCEDURES
704-1388,V1,28 NOV 2012,1,CHOLECYSTECTOMY,UN UNK 1961,CHOLECYSTECTOMY,CHOLECYSTECTOMY,HLT_0149,HLGT_0074,SURGICAL AND MEDICAL PROCEDURES
704-1388,V1,28 NOV 2012,2,HEMORRHOIDS,UN UNK 1977,HEMORRHOIDS,HAEMORRHOIDS,HLT_0681,HLGT_0485,GASTROINTESTINAL DISORDERS
704-1388,V1,28 NOV 2012,3,GANGLION,UN UNK 1977,GANGLION,GANGLION,HLT_0674,HLGT_0046,MUSCULOSKELETAL AND CONNECTIVE TISSUE DISORDERS
704-1435,V1,01 NOV 2012,0,CATARACT EXTRACTION,UN JUN 2008,CATARACT EXTRACTION,CATARACT OPERATION,HLT_0432,HLGT_0058,SURGICAL AND MEDICAL PROCEDURES
704-1445,V1,01 MAY 2014,0,APPENDECTOMY,UN UNK 1953,APPENDECTOMY,APPENDICECTOMY,HLT_0707,HLGT_0363,SURGICAL AND MEDICAL PROCEDURES
704-1445,V1,01 MAY 2014,1,VAGOTOMY,UN UNK 1989,VAGOTOMY,VAGOTOMY,HLT_0181,HLGT_0228,SURGICAL AND MEDICAL PROCEDURES
704-1445,V1,01 MAY 2014,2,EYE LASER SURGERY,UN UNK 2010,EYE LASER SURGERY,EYE LASER SURGERY,HLT_0355,HLGT_0189,SURGICAL AND MEDICAL PROCEDURES
705-1018,V1,30 JUN 2013,0,APPENDECTOMY,UN UNK 1961,APPENDECTOMY,APPENDICECTOMY,HLT_0707,HLGT_0363,SURGICAL AND MEDICAL PROCEDURES
705-1018,V1,30 JUN 2013,1,EAR OPERATION,UN UNK 1998,EAR OPERATION,EAR OPERATION,HLT_0295,HLGT_0002,SURGICAL AND MEDICAL PROCEDURES
705-1031,V1,17 NOV 2013,0,HYSTERECTOMY,UN UNK 2001,HYSTERECTOMY,HYSTERECTOMY,HLT_0675,HLGT_0657,SURGICAL AND MEDICAL PROCEDURES
705-1059,V1,02 AUG 2013,0,HYSTERECTOMY,UN UNK 1994,HYSTERECTOMY,HYSTERECTOMY,HLT_0675,HLGT_0657,SURGICAL AND MEDICAL PROCEDURES
705-1186,V1,03 JAN 2014,0,HYSTERECTOMY,UN UNK 1987,HYSTERECTOMY,HYSTERECTOMY,HLT_0675,HLGT_0657,SURGICAL AND MEDICAL PROCEDURES
705-1199,V1,11 SEP 2013,0,LAPAROSCOPY,UN UNK 1987,LAPAROSCOPY,LAPAROSCOPY,HLT_0306,HLGT_0347,INVESTIGATIONS
705-1199,V1,11 SEP 2013,1,HEMORRHOIDECTOMY,UN UNK 1989,HEMORRHOIDECTOMY,HAEMORRHOID OPERATION,HLT_0300,HLGT_0468,SURGICAL AND MEDICAL PROCEDURES
705-1199,V1,11 SEP 2013,2,HERNIA REPAIR,UN UNK 1991,HERNIA REPAIR,HERNIA REPAIR,HLT_0766,HLGT_0696,SURGICAL AND MEDICAL PROCEDURES
705-1199,V1,11 SEP 2013,3,TRANSURETHRAL PROSTATECTOMY,UN UNK 2005,TRANSURETHRAL PROSTATECTOMY,TRANSURETHRAL PROSTATECTOMY,HLT_0551,HLGT_0320,SURGICAL AND MEDICAL PROCEDURES
705-1280,V1,11 JAN 2014,0,HEMORRHOIDECTOMY,UN UNK 1994,HEMORRHOIDECTOMY,HAEMORRHOID OPERATION,HLT_0300,HLGT_0468,SURGICAL AND MEDICAL PROCEDURES
705-1292,V1,11 OCT 2013,0,YAWS,,YAWS,YAWS,HLT_0266,HLGT_0690,INFECTIONS AND INFESTATIONS
705-1377,V1,29 DEC 2013,0,APPENDECTOMY,UN UNK 1963,APPENDECTOMY,APPENDICECTOMY,HLT_0707,HLGT_0363,SURGICAL AND MEDICAL PROCEDURES
705-1377,V1,29 DEC 2013,1,PARTIAL OOPHORECTOMY,UN UNK 1973,PARTIAL OOPHORECTOMY,OOPHORECTOMY PARTIAL,HLT_0534,HLGT_0027,SURGICAL AND MEDICAL PROCEDURES
705-1382,V1,09 MAY 2013,0,HERNIA REPAIR,UN UNK 1973,HERNIA REPAIR,HERNIA REPAIR,HLT_0766,HLGT_0696,SURGICAL AND MEDICAL PROCEDURES
705-1393,V1,02 SEP 2012,0,PARTIAL OOPHORECTOMY,UN UNK 1972,PARTIAL OOPHORECTOMY,OOPHORECTOMY PARTIAL,HLT_0534,HLGT_0027,SURGICAL AND MEDICAL PROCEDURES
705-1431,V1,16 JUN 2013,0,BENIGN BREAST LUMP REMOVAL,UN UNK 1994,BENIGN BREAST LUMP REMOVAL,BENIGN BREAST LUMP REMOVAL,HLT_0176,HLGT_0553,SURGICAL AND MEDICAL PROCEDURES
705-1431,V1,16 JUN 2013,1,HYSTERECTOMY,UN UNK 1995,HYSTERECTOMY,HYSTERECTOMY,HLT_0675,HLGT_0657,SURGICAL AND MEDICAL PROCEDURES
705-1431,V1,16 JUN 2013,2,LAMINECTOMY SPINAL,UN UNK 2003,LAMINECTOMY SPINAL,SPINAL LAMINECTOMY,HLT_0132,HLGT_0722,SURGICAL AND MEDICAL PROCEDURES
705-1431,V1,16 JUN 2013,3,GLAUCOMA,UN UNK 2007,GLAUCOMA,GLAUCOMA,HLT_0556,HLGT_0734,EYE DISORDERS
706-1049,V1,30 APR 2013,0,LUMP EXCISION,UN UNK 2000,LUMP EXCISION,MASS EXCISION,HLT_0184,HLGT_0194,SURGICAL AND MEDICAL PROCEDURES
706-1049,V1,30 APR 2013,1,CHEMOTHERAPY,UN UNK 2000,CHEMOTHERAPY,CHEMOTHERAPY,HLT_0405,HLGT_0114,SURGICAL AND MEDICAL PROCEDURES
706-1049,V1,30 APR 2013,2,DEPRESSION,UN APR 2013,DEPRESSION,DEPRESSION,HLT_0167,HLGT_0582,PSYCHIATRIC DISORDERS
706-1384,V1,25 AUG 2012,0,TUMOUR EXCISION,UN UNK 1971,TUMOUR EXCISION,TUMOUR EXCISION,HLT_0309,HLGT_0422,SURGICAL AND MEDICAL PROCEDURES
706-1384,V1,25 AUG 2012,1,CHOLECYSTECTOMY,UN UNK 1996,CHOLECYSTECTOMY,CHOLECYSTECTOMY,HLT_0149,HLGT_0074,SURGICAL AND MEDICAL PROCEDURES
706-1384,V1,25 AUG 2012,2,HIATAL HERNIA,UN NOV 2010,HIATAL HERNIA,HIATUS HERNIA,HLT_0159,HLGT_0109,GASTROINTESTINAL DISORDERS
706-1384,V1,25 AUG 2012,3,HERNIA REPAIR,UN JUL 2011,HERNIA REPAIR,HERNIA REPAIR,HLT_0766,HLGT_0696,SURGICAL AND MEDICAL PROCEDURES
707-1037,V1,12 DEC 2013,0,MIGRAINE,UN UNK 1982,MIGRAINE,MIGRAINE,HLT_0547,HLGT_0317,NERVOUS SYSTEM DISORDERS
707-1037,V1,12 DEC 2013,1,BREAST CYST,UN UNK 1987,BREAST CYST,BREAST CYST,HLT_0455,HLGT_0548,REPRODUCTIVE SYSTEM AND BREAST DISORDERS
707-1206,V1,20 OCT 2013,0,MASTOIDITIS,UN UNK 1956,MASTOIDITIS,MASTOIDITIS,HLT_0190,HLGT_0361,INFECTIONS AND INFESTATIONS
708-1019,V1,10 DEC 2013,0,NEPHRECTOMY,UN UNK 1977,NEPHRECTOMY,NEPHRECTOMY,HLT_0152,HLGT_0642,SURGICAL AND MEDICAL PROCEDURES
708-1087,V1,06 OCT 2012,0,EYE OPERATION,UN JAN 2007,EYE OPERATION,EYE OPERATION,HLT_0024,HLGT_0552,SURGICAL AND MEDICAL PROCEDURES
708-1087,V1,06 OCT 2012,1,EYE OPERATION,UN JUL 2007,EYE OPERATION,EYE OPERATION,HLT_0024,HLGT_0552,SURGICAL AND MEDICAL PROCEDURES
708-1087,V1,06 OCT 2012,2,HYSTERECTOMY,UN AUG 2008,HYSTERECTOMY,HYSTERECTOMY,HLT_0675,HLGT_0657,SURGICAL AND MEDICAL PROCEDURES
708-1087,V1,06 OCT 2012,3,CHOLECYSTECTOMY,UN AUG 2008,CHOLECYSTECTOMY,CHOLECYSTECTOMY,HLT_0149,HLGT_0074,SURGICAL AND MEDICAL PROCEDURES
708-1087,V1,06 OCT 2012,4,APPENDECTOMY,UN AUG 2008,APPENDECTOMY,APPENDICECTOMY,HLT_0707,HLGT_0363,SURGICAL AND MEDICAL PROCEDURES
708-1158,V1,01 FEB 2014,0,RENAL DISORDER,UN UNK 1957,RENAL DISORDER,RENAL DISORDER,HLT_0608,HLGT_0556,RENAL AND URINARY DISORDERS
708-1158,V1,01 FEB 2014,1,HYSTERECTOMY,UN UNK 1998,HYSTERECTOMY,HYSTERECTOMY,HLT_0675,HLGT_0657,SURGICAL AND MEDICAL PROCEDURES
708-1158,V1,01 FEB 2014,2,KNEE SURGERY NOS,UN UNK 2003,KNEE SURGERY NOS,KNEE OPERATION,HLT_0319,HLGT_0033,SURGICAL AND MEDICAL PROCEDURES
708-1213,V1,01 FEB 2013,0,ARRHYTHMIA,UN NOV 2011,ARRHYTHMIA,ARRHYTHMIA,HLT_0145,HLGT_0291,CARDIAC DISORDERS
708-1216,V1,14 OCT 2012,0,BYPASS SURGERY,UN JUL 2001,BYPASS SURGERY,VASCULAR BYPASS GRAFT,HLT_0361,HLGT_0088,SURGICAL AND MEDICAL PROCEDURES
708-1236,V1,08 SEP 2013,0,HYSTERECTOMY,UN UNK 1973,HYSTERECTOMY,HYSTERECTOMY,HLT_0675,HLGT_0657,SURGICAL AND MEDICAL PROCEDURES
708-1236,V1,08 SEP 2013,1,KIDNEY STONES,UN UNK 1977,KIDNEY STONES,NEPHROLITHIASIS,HLT_0439,HLGT_0546,RENAL AND URINARY DISORDERS
708-1236,V1,08 SEP 2013,2,CHOLECYSTECTOMY,UN UNK 1992,CHOLECYSTECTOMY,CHOLECYSTECTOMY,HLT_0149,HLGT_0074,SURGICAL AND MEDICAL PROCEDURES
708-1272,V1,22 JAN 2013,0,TUBERCULOSIS,UN UNK 1966,TUBERCULOSIS,TUBERCULOSIS,HLT_0344,HLGT_0774,INFECTIONS AND INFESTATIONS
708-1272,V1,22 JAN 2013,1,PROSTATIC HYPERTROPHY,UN UNK 2005,PROSTATIC HYPERTROPHY,BENIGN PROSTATIC HYPERPLASIA,HLT_0215,HLGT_0568,REPRODUCTIVE SYSTEM AND BREAST DISORDERS
708-1272,V1,22 JAN 2013,2,PROSTATIC OPERATION,UN UNK 2005,PROSTATIC OPERATION,PROSTATIC OPERATION,HLT_0385,HLGT_0342,SURGICAL AND MEDICAL PROCEDURES
708-1272,V1,22 JAN 2013,3,BACK PAIN,09 FEB 2010,BACK PAIN,BACK PAIN,HLT_0115,HLGT_0508,MUSCULOSKELETAL AND CONNECTIVE TISSUE DISORDERS
708-1272,V1,22 JAN 2013,4,HEAD INJURY,UN JAN 2011,HEAD INJURY,HEAD INJURY,HLT_0201,HLGT_0554,"INJURY, POISONING AND PROCEDURAL COMPLICATIONS"
708-1286,V1,25 AUG 2013,0,HERNIA REPAIR,UN UNK 1967,HERNIA REPAIR,HERNIA REPAIR,HLT_0766,HLGT_0696,SURGICAL AND MEDICAL PROCEDURES
708-1297,V1,15 JAN 2013,0,INTERVERTEBRAL DISC PROLAPSE,UN UNK 2005,INTERVERTEBRAL DISC PROLAPSE,INTERVERTEBRAL DISC PROTRUSION,HLT_0368,HLGT_0149,MUSCULOSKELETAL AND CONNECTIVE TISSUE DISORDERS
708-1336,V1,21 NOV 2012,0,HEPATITIS,UN SEP 1958,HEPATITIS,HEPATITIS,HLT_0777,HLGT_0292,HEPATOBILIARY DISORDERS
708-1336,V1,21 NOV 2012,1,ORCHIECTOMY,UN SEP 1961,ORCHIECTOMY,ORCHIDECTOMY,HLT_0689,HLGT_0771,SURGICAL AND MEDICAL PROCEDURES
708-1336,V1,21 NOV 2012,2,PITUITARY CYST,UN SEP 2007,PITUITARY CYST,PITUITARY CYST,HLT_0643,HLGT_0551,ENDOCRINE DISORDERS
708-1347,V1,11 APR 2013,0,DEPRESSION,UN UNK 2009,DEPRESSION,DEPRESSION,HLT_0167,HLGT_0582,PSYCHIATRIC DISORDERS
708-1348,V1,28 JUL 2013,0,SKIN CARCINOMA,UN UNK 1998,SKIN CARCINOMA,SKIN CANCER,HLT_0382,HLGT_0439,"NEOPLASMS BENIGN, MALIGNANT AND UNSPECIFIED (INCL CYSTS AND POLYPS)"
708-1348,V1,28 JUL 2013,1,UTERINE DILATION AND CURETTAGE,UN UNK 2010,UTERINE DILATION AND CURETTAGE,UTERINE DILATION AND CURETTAGE,HLT_0252,HLGT_0758,SURGICAL AND MEDICAL PROCEDURES
708-1348,V1,28 JUL 2013,2,SEIZURE,UN UNK 2010,SEIZURE,CONVULSION,HLT_0199,HLGT_0397,NERVOUS SYSTEM DISORDERS
708-1372,V1,03 APR 2013,0,CHEST PAIN,UN FEB 2013,CHEST PAIN,CHEST PAIN,HLT_0717,HLGT_0195,GENERAL DISORDERS AND ADMINISTRATION SITE CONDITIONS
708-1378,V1,24 AUG 2013,0,BLADDER INFECTION,UN JUN 2013,BLADDER INFECTION,CYSTITIS,HLT_0739,HLGT_0129,INFECTIONS AND INFESTATIONS
709-1020,V1,22 NOV 2012,0,HYSTERECTOMY,UN UNK 2003,HYSTERECTOMY,HYSTERECTOMY,HLT_0675,HLGT_0657,SURGICAL AND MEDICAL PROCEDURES
709-1081,V1,09 JAN 2014,0,MASTECTOMY,UN UNK 1978,MASTECTOMY,MASTECTOMY,HLT_0729,HLGT_0669,SURGICAL AND MEDICAL PROCEDURES
709-1081,V1,09 JAN 2014,1,HYSTERECTOMY,UN UNK 1983,HYSTERECTOMY,HYSTERECTOMY,HLT_0675,HLGT_0657,SURGICAL AND MEDICAL PROCEDURES
709-1081,V1,09 JAN 2014,2,PLATELET COUNT LOW,UN UNK 2010,PLATELET COUNT LOW,PLATELET COUNT DECREASED,HLT_0347,HLGT_0309,INVESTIGATIONS
709-1088,V1,30 MAR 2014,0,CATARACT OPERATION,18 SEP 2013,CATARACT OPERATION,CATARACT OPERATION,HLT_0432,HLGT_0058,SURGICAL AND MEDICAL PROCEDURES
709-1099,V1,14 OCT 2013,0,HYSTERECTOMY,UN UNK 1978,HYSTERECTOMY,HYSTERECTOMY,HLT_0675,HLGT_0657,SURGICAL AND MEDICAL PROCEDURES
709-1099,V1,14 OCT 2013,1,HYPERTENSION,UN UNK 2010,HYPERTENSION,HYPERTENSION,HLT_0228,HLGT_0476,VASCULAR DISORDERS
709-1102,V1,07 JAN 2013,0,BASAL CELL CARCINOMA,UN AUG 2012,BASAL CELL CARCINOMA,BASAL CELL CARCINOMA,HLT_0332,HLGT_0328,"NEOPLASMS BENIGN, MALIGNANT AND UNSPECIFIED (INCL CYSTS AND POLYPS)"
709-1238,V1,02 MAY 2013,0,RIGHT INGUINAL HERNIA,UN UNK 2007,RIGHT INGUINAL HERNIA,INGUINAL HERNIA,HLT_0388,HLGT_0368,GASTROINTESTINAL DISORDERS
709-1238,V1,02 MAY 2013,1,LENS IMPLANT,UN UNK 2009,LENS IMPLANT,LENS IMPLANT,HLT_0106,HLGT_0204,SURGICAL AND MEDICAL PROCEDURES
709-1259,V1,13 JAN 2013,0,ULCER,UN UNK 1972,ULCER,ULCER,HLT_0040,HLGT_0245,GENERAL DISORDERS AND ADMINISTRATION SITE CONDITIONS
709-1259,V1,13 JAN 2013,1,ASTHMA,UN UNK 2002,ASTHMA,ASTHMA,HLT_0254,HLGT_0380,"RESPIRATORY, THORACIC AND MEDIASTINAL DISORDERS"
709-1259,V1,13 JAN 2013,2,BILATERAL CATARACTS,UN UNK 2006,BILATERAL CATARACTS,CATARACT,HLT_0090,HLGT_0498,EYE DISORDERS
709-1259,V1,13 JAN 2013,3,PNEUMONIA,UN UNK 2011,PNEUMONIA,PNEUMONIA,HLT_0251,HLGT_0671,INFECTIONS AND INFESTATIONS
709-1259,V1,13 JAN 2013,4,BRONCHITIS,UN UNK 2011,BRONCHITIS,BRONCHITIS,HLT_0634,HLGT_0523,INFECTIONS AND INFESTATIONS
709-1285,V1,17 MAR 2013,0,MYOCARDIAL INFARCTION,UN UNK 2002,MYOCARDIAL INFARCTION,MYOCARDIAL INFARCTION,HLT_0649,HLGT_0688,CARDIAC DISORDERS
709-1301,V1,14 JUL 2013,0,HYPERTENSION,UN JUL 2012,HYPERTENSION,HYPERTENSION,HLT_0228,HLGT_0476,VASCULAR DISORDERS
709-1309,V1,09 JUN 2013,0,LENS IMPLANT,UN UNK 2003,LENS IMPLANT,LENS IMPLANT,HLT_0106,HLGT_0204,SURGICAL AND MEDICAL PROCEDURES
709-1309,V1,09 JUN 2013,1,URINARY TRACT INFECTION,UN MAR 2013,URINARY TRACT INFECTION,URINARY TRACT INFECTION,HLT_0161,HLGT_0093,INFECTIONS AND INFESTATIONS
709-1329,V1,01 AUG 2013,0,BREAST LUMP REMOVAL,UN UNK 1992,BREAST LUMP REMOVAL,BREAST LUMP REMOVAL,HLT_0100,HLGT_0742,SURGICAL AND MEDICAL PROCEDURES
709-1329,V1,01 AUG 2013,1,COLONIC POLYP,UN UNK 2007,COLONIC POLYP,COLONIC POLYP,HLT_0499,HLGT_0746,GASTROINTESTINAL DISORDERS
709-1329,V1,01 AUG 2013,2,FROZEN SHOULDER,UN UNK 2009,FROZEN SHOULDER,PERIARTHRITIS,HLT_0516,HLGT_0134,MUSCULOSKELETAL AND CONNECTIVE TISSUE DISORDERS
709-1329,V1,01 AUG 2013,3,COLONIC POLYP,UN UNK 2010,COLONIC POLYP,COLONIC POLYP,HLT_0499,HLGT_0746,GASTROINTESTINAL DISORDERS
709-1329,V1,01 AUG 2013,4,BIOPSY OF SKIN LESION,UN JUL 2013,BIOPSY OF SKIN LESION,BIOPSY SKIN,HLT_0318,HLGT_0443,INVESTIGATIONS
709-1339,V1,15 DEC 2012,0,KNEE TOTAL REPLACEMENT,UN UNK 1992,KNEE TOTAL REPLACEMENT,KNEE ARTHROPLASTY,HLT_0710,HLGT_0078,SURGICAL AND MEDICAL PROCEDURES
709-1339,V1,15 DEC 2012,1,HERNIA REPAIR,UN UNK 2002,HERNIA REPAIR,HERNIA REPAIR,HLT_0766,HLGT_0696,SURGICAL AND MEDICAL PROCEDURES
709-1424,V1,15 FEB 2013,0,MASTOIDECTOMY,UN UNK 1941,MASTOIDECTOMY,MASTOIDECTOMY,HLT_0648,HLGT_0544,SURGICAL AND MEDICAL PROCEDURES
709-1424,V1,15 FEB 2013,1,SHOULDER OPERATION,UN UNK 1987,SHOULDER OPERATION,SHOULDER OPERATION,HLT_0197,HLGT_0391,SURGICAL AND MEDICAL PROCEDURES
710-1002,V1,30 DEC 2013,0,BURN,UN UNK 1947,BURN,THERMAL BURN,HLT_0092,HLGT_0447,"INJURY, POISONING AND PROCEDURAL COMPLICATIONS"
710-1002,V1,30 DEC 2013,1,STOMACH ULCER,UN UNK 1981,STOMACH ULCER,GASTRIC ULCER,HLT_0119,HLGT_0729,GASTROINTESTINAL DISORDERS
710-1002,V1,30 DEC 2013,2,HEARING AID USER,UN UNK 2007,HEARING AID USER,HEARING AID USER,HLT_0350,HLGT_0202,SOCIAL CIRCUMSTANCES
710-1002,V1,30 DEC 2013,3,TRANSIENT ISCHEMIC ATTACKS,UN UNK 2007,TRANSIENT ISCHEMIC ATTACKS,TRANSIENT ISCHAEMIC ATTACK,HLT_0041,HLGT_0433,NERVOUS SYSTEM DISORDERS
710-1002,V1,30 DEC 2013,4,CATARACT OPERATION,UN UNK 2010,CATARACT OPERATION,CATARACT OPERATION,HLT_0432,HLGT_0058,SURGICAL AND MEDICAL PROCEDURES
710-1006,V1,27 JAN 2013,0,LARYNGEAL POLYPECTOMY,UN UNK 1990,LARYNGEAL POLYPECTOMY,LARYNGEAL POLYPECTOMY,HLT_0578,HLGT_0655,SURGICAL AND MEDICAL PROCEDURES
710-1006,V1,27 JAN 2013,1,RUPTURE OF SPLEEN,UN UNK 1991,RUPTURE OF SPLEEN,SPLENIC RUPTURE,HLT_0288,HLGT_0018,"INJURY, POISONING AND PROCEDURAL COMPLICATIONS"
710-1006,V1,27 JAN 2013,2,STOMACH ULCER,UN UNK 1991,STOMACH ULCER,GASTRIC ULCER,HLT_0119,HLGT_0729,GASTROINTESTINAL DISORDERS
710-1021,V1,19 SEP 2013,0,HERNIA REPAIR,UN UNK 2003,HERNIA REPAIR,HERNIA REPAIR,HLT_0766,HLGT_0696,SURGICAL AND MEDICAL PROCEDURES
710-1021,V1,19 SEP 2013,1,INTESTINAL ADHESIONS,UN UNK 2005,INTESTINAL ADHESIONS,ABDOMINAL ADHESIONS,HLT_0147,HLGT_0621,GASTROINTESTINAL DISORDERS
710-1021,V1,19 SEP 2013,2,INTESTINAL ADHESION LYSIS,UN UNK 2005,INTESTINAL ADHESION LYSIS,INTESTINAL ADHESION LYSIS,HLT_0594,HLGT_0723,SURGICAL AND MEDICAL PROCEDURES
710-1027,V1,03 FEB 2014,0,BYPASS SURGERY,UN UNK 1995,BYPASS SURGERY,VASCULAR BYPASS GRAFT,HLT_0361,HLGT_0088,SURGICAL AND MEDICAL PROCEDURES
710-1027,V1,03 FEB 2014,1,AORTIC VALVE REPLACEMENT,UN UNK 1995,AORTIC VALVE REPLACEMENT,AORTIC VALVE REPLACEMENT,HLT_0602,HLGT_0330,SURGICAL AND MEDICAL PROCEDURES
710-1027,V1,03 FEB 2014,2,HYDROCELE,UN UNK 1995,HYDROCELE,HYDROCELE,HLT_0327,HLGT_0415,"CONGENITAL, FAMILIAL AND GENETIC DISORDERS"
710-1027,V1,03 FEB 2014,3,HERNIA REPAIR,UN UNK 1995,HERNIA REPAIR,HERNIA REPAIR,HLT_0766,HLGT_0696,SURGICAL AND MEDICAL PROCEDURES
710-1027,V1,03 FEB 2014,4,ANGINA PECTORIS,UN UNK 1995,ANGINA PECTORIS,ANGINA PECTORIS,HLT_0033,HLGT_0063,CARDIAC DISORDERS
710-1027,V1,03 FEB 2014,5,CATARACT OPERATION,UN UNK 2009,CATARACT OPERATION,CATARACT OPERATION,HLT_0432,HLGT_0058,SURGICAL AND MEDICAL PROCEDURES
710-1027,V1,03 FEB 2014,6,MALIGNANT TUMOUR EXCISION NOS,UN UNK 2009,MALIGNANT TUMOUR EXCISION NOS,MALIGNANT TUMOUR EXCISION,HLT_0238,HLGT_0209,SURGICAL AND MEDICAL PROCEDURES
710-1027,V1,03 FEB 2014,7,HEAD INJURY,UN UNK 2012,HEAD INJURY,HEAD INJURY,HLT_0201,HLGT_0554,"INJURY, POISONING AND PROCEDURAL COMPLICATIONS"
710-1027,V1,03 FEB 2014,8,PNEUMONIA,UN UNK 2012,PNEUMONIA,PNEUMONIA,HLT_0251,HLGT_0671,INFECTIONS AND INFESTATIONS
710-1045,V1,20 MAY 2013,0,STOMACH ULCER,UN UNK 2011,STOMACH ULCER,GASTRIC ULCER,HLT_0119,HLGT_0729,GASTROINTESTINAL DISORDERS
710-1053,V1,15 DEC 2012,0,BLADDER SUSPENSION,UN UNK 2010,BLADDER SUSPENSION,CYSTOPEXY,HLT_0083,HLGT_0514,SURGICAL AND MEDICAL PROCEDURES
710-1060,V1,24 DEC 2012,0,POLIO,UN UNK 1932,POLIO,POLIOMYELITIS,HLT_0528,HLGT_0444,INFECTIONS AND INFESTATIONS
710-1060,V1,24 DEC 2012,1,ACCIDENT,UN UNK 1976,ACCIDENT,ACCIDENT,HLT_0461,HLGT_0232,"INJURY, POISONING AND PROCEDURAL COMPLICATIONS"
710-1060,V1,24 DEC 2012,2,BASAL CELL CARCINOMA,UN UNK 2009,BASAL CELL CARCINOMA,BASAL CELL CARCINOMA,HLT_0332,HLGT_0328,"NEOPLASMS BENIGN, MALIGNANT AND UNSPECIFIED (INCL CYSTS AND POLYPS)"
710-1070,V1,28 AUG 2012,0,BIOPSY BREAST,UN UNK 1973,BIOPSY BREAST,BIOPSY BREAST,HLT_0276,HLGT_0026,INVESTIGATIONS
710-1070,V1,28 AUG 2012,1,HYSTERECTOMY,UN UNK 1978,HYSTERECTOMY,HYSTERECTOMY,HLT_0675,HLGT_0657,SURGICAL AND MEDICAL PROCEDURES
710-1070,V1,28 AUG 2012,2,HIP SURGERY,UN MAR 2010,HIP SURGERY,HIP SURGERY,HLT_0531,HLGT_0626,SURGICAL AND MEDICAL PROCEDURES
710-1077,V1,03 NOV 2013,0,BRAIN OPERATION,UN UNK 1988,BRAIN OPERATION,BRAIN OPERATION,HLT_0518,HLGT_0418,SURGICAL AND MEDICAL PROCEDURES
710-1077,V1,03 NOV 2013,1,HYSTERECTOMY,UN UNK 2002,HYSTERECTOMY,HYSTERECTOMY,HLT_0675,HLGT_0657,SURGICAL AND MEDICAL PROCEDURES
710-1077,V1,03 NOV 2013,2,CATARACT OPERATION,UN UNK 2006,CATARACT OPERATION,CATARACT OPERATION,HLT_0432,HLGT_0058,SURGICAL AND MEDICAL PROCEDURES
710-1078,V1,06 SEP 2013,0,CHOLECYSTECTOMY,UN UNK 1997,CHOLECYSTECTOMY,CHOLECYSTECTOMY,HLT_0149,HLGT_0074,SURGICAL AND MEDICAL PROCEDURES
710-1083,V1,09 JUL 2013,0,MYOCARDIAL INFARCT,UN UNK 2006,MYOCARDIAL INFARCT,MYOCARDIAL INFARCTION,HLT_0649,HLGT_0688,CARDIAC DISORDERS
710-1083,V1,09 JUL 2013,1,ANGINA PECTORIS,UN UNK 2006,ANGINA PECTORIS,ANGINA PECTORIS,HLT_0033,HLGT_0063,CARDIAC DISORDERS
710-1137,V1,03 OCT 2013,0,ANGIOGRAM,UN UNK 2007,ANGIOGRAM,ANGIOGRAM,HLT_0611,HLGT_0409,INVESTIGATIONS
710-1142,V1,12 SEP 2012,0,APPENDECTOMY,UN UNK 1956,APPENDECTOMY,APPENDICECTOMY,HLT_0707,HLGT_0363,SURGICAL AND MEDICAL PROCEDURES
710-1142,V1,12 SEP 2012,1,HYPOTHYROIDISM,UN UNK 1992,HYPOTHYROIDISM,HYPOTHYROIDISM,HLT_0454,HLGT_0558,ENDOCRINE DISORDERS
710-1142,V1,12 SEP 2012,2,SMALL INTESTINE ULCER,UN UNK 2006,SMALL INTESTINE ULCER,SMALL INTESTINE ULCER,HLT_0087,HLGT_0348,GASTROINTESTINAL DISORDERS
710-1166,V1,10 NOV 2012,0,ULCERATIVE COLITIS,UN UNK 1998,ULCERATIVE COLITIS,COLITIS ULCERATIVE,HLT_0702,HLGT_0125,GASTROINTESTINAL DISORDERS
710-1166,V1,10 NOV 2012,1,COLECTOMY,UN UNK 1999,COLECTOMY,COLECTOMY,HLT_0054,HLGT_0052,SURGICAL AND MEDICAL PROCEDURES
710-1235,V1,13 SEP 2012,0,LEG INJURY,UN UNK 1994,LEG INJURY,LIMB INJURY,HLT_0476,HLGT_0667,"INJURY, POISONING AND PROCEDURAL COMPLICATIONS"
710-1235,V1,13 SEP 2012,1,BURN OF UNSPECIFIED DEGREE OF UNSPECIFIED SITE OF UPPER LIMB,UN UNK 2005,BURN OF UNSPECIFIED DEGREE OF UNSPECIFIED SITE OF UPPER LIMB,THERMAL BURN,HLT_0092,HLGT_0447,"INJURY, POISONING AND PROCEDURAL COMPLICATIONS"
710-1249,V1,19 DEC 2013,0,HEAD INJURY,UN UNK 1972,HEAD INJURY,HEAD INJURY,HLT_0201,HLGT_0554,"INJURY, POISONING AND PROCEDURAL COMPLICATIONS"
710-1249,V1,19 DEC 2013,1,CATARACT OPERATION,UN UNK 2007,CATARACT OPERATION,CATARACT OPERATION,HLT_0432,HLGT_0058,SURGICAL AND MEDICAL PROCEDURES
710-1249,V1,19 DEC 2013,2,KNEE TOTAL REPLACEMENT,UN UNK 2009,KNEE TOTAL REPLACEMENT,KNEE ARTHROPLASTY,HLT_0710,HLGT_0078,SURGICAL AND MEDICAL PROCEDURES
710-1249,V1,19 DEC 2013,3,KNEE TOTAL REPLACEMENT,UN UNK 2012,KNEE TOTAL REPLACEMENT,KNEE ARTHROPLASTY,HLT_0710,HLGT_0078,SURGICAL AND MEDICAL PROCEDURES
710-1249,V1,19 DEC 2013,4,CAROTID ENDARTERECTOMY,UN JUN 2012,CAROTID ENDARTERECTOMY,CAROTID ENDARTERECTOMY,HLT_0006,HLGT_0451,SURGICAL AND MEDICAL PROCEDURES
710-1249,V1,19 DEC 2013,5,CATARACT OPERATION,UN JUN 2012,CATARACT OPERATION,CATARACT OPERATION,HLT_0432,HLGT_0058,SURGICAL AND MEDICAL PROCEDURES
710-1264,V1,02 JUN 2013,0,SEIZURE,UN UNK 1986,SEIZURE,CONVULSION,HLT_0199,HLGT_0397,NERVOUS SYSTEM DISORDERS
710-1264,V1,02 JUN 2013,1,LIPOMA,UN UNK 1986,LIPOMA,LIPOMA,HLT_0487,HLGT_0591,"NEOPLASMS BENIGN, MALIGNANT AND UNSPECIFIED (INCL CYSTS AND POLYPS)"
710-1264,V1,02 JUN 2013,2,MYOCARDIAL INFARCT,UN UNK 1994,MYOCARDIAL INFARCT,MYOCARDIAL INFARCTION,HLT_0649,HLGT_0688,CARDIAC DISORDERS
710-1264,V1,02 JUN 2013,3,ANGINA PECTORIS,UN UNK 1994,ANGINA PECTORIS,ANGINA PECTORIS,HLT_0033,HLGT_0063,CARDIAC DISORDERS
710-1264,V1,02 JUN 2013,4,ESOPHAGEAL SPASM,UN UNK 1996,ESOPHAGEAL SPASM,OESOPHAGEAL SPASM,HLT_0112,HLGT_0697,GASTROINTESTINAL DISORDERS
710-1264,V1,02 JUN 2013,5,PROSTATIC CARCINOMA,UN UNK 2008,PROSTATIC CARCINOMA,PROSTATE CANCER,HLT_0412,HLGT_0190,"NEOPLASMS BENIGN, MALIGNANT AND UNSPECIFIED (INCL CYSTS AND POLYPS)"
710-1264,V1,02 JUN 2013,6,BASAL CELL CARCINOMA EXCISION,UN MAY 2013,BASAL CELL CARCINOMA EXCISION,SKIN NEOPLASM EXCISION,HLT_0482,HLGT_0467,SURGICAL AND MEDICAL PROCEDURES
710-1270,V1,01 FEB 2014,0,CHOLECYSTECTOMY,UN UNK 1977,CHOLECYSTECTOMY,CHOLECYSTECTOMY,HLT_0149,HLGT_0074,SURGICAL AND MEDICAL PROCEDURES
710-1271,V1,04 SEP 2012,0,HYSTERECTOMY,UN UNK 1981,HYSTERECTOMY,HYSTERECTOMY,HLT_0675,HLGT_0657,SURGICAL AND MEDICAL PROCEDURES
710-1271,V1,04 SEP 2012,1,FRACTURE TREATMENT,UN NOV 2011,FRACTURE TREATMENT,FRACTURE TREATMENT,HLT_0650,HLGT_0620,SURGICAL AND MEDICAL PROCEDURES
710-1271,V1,04 SEP 2012,2,FALL,UN JUN 2012,FALL,FALL,HLT_0168,HLGT_0446,"INJURY, POISONING AND PROCEDURAL COMPLICATIONS"
710-1271,V1,04 SEP 2012,3,CATARACT OPERATION,UN JUL 2012,CATARACT OPERATION,CATARACT OPERATION,HLT_0432,HLGT_0058,SURGICAL AND MEDICAL PROCEDURES
710-1278,V1,13 DEC 2012,0,CARPAL TUNNEL DECOMPRESSION,UN UNK 1986,CARPAL TUNNEL DECOMPRESSION,CARPAL TUNNEL DECOMPRESSION,HLT_0671,HLGT_0258,SURGICAL AND MEDICAL PROCEDURES
710-1278,V1,13 DEC 2012,1,DETACHMENT RETINAL,UN UNK 1986,DETACHMENT RETINAL,RETINAL DETACHMENT,HLT_0490,HLGT_0223,EYE DISORDERS
710-1278,V1,13 DEC 2012,2,RUPTURED INTERVERTEBRAL DISC,UN UNK 1993,RUPTURED INTERVERTEBRAL DISC,INTERVERTEBRAL DISC PROTRUSION,HLT_0368,HLGT_0149,MUSCULOSKELETAL AND CONNECTIVE TISSUE DISORDERS
710-1278,V1,13 DEC 2012,3,BACK SURGERY,UN UNK 1993,BACK SURGERY,SURGERY,HLT_0655,HLGT_0470,SURGICAL AND MEDICAL PROCEDURES
710-1278,V1,13 DEC 2012,4,LENS IMPLANT,UN UNK 2009,LENS IMPLANT,LENS IMPLANT,HLT_0106,HLGT_0204,SURGICAL AND MEDICAL PROCEDURES
710-1278,V1,13 DEC 2012,5,CATARACT OPERATION,UN UNK 2009,CATARACT OPERATION,CATARACT OPERATION,HLT_0432,HLGT_0058,SURGICAL AND MEDICAL PROCEDURES
710-1278,V1,13 DEC 2012,6,FALL,UN MAY 2011,FALL,FALL,HLT_0168,HLGT_0446,"INJURY, POISONING AND PROCEDURAL COMPLICATIONS"
710-1278,V1,13 DEC 2012,7,HERNIA REPAIR,UN NOV 2012,HERNIA REPAIR,HERNIA REPAIR,HLT_0766,HLGT_0696,SURGICAL AND MEDICAL PROCEDURES
710-1314,V1,21 APR 2013,0,HIP FRACTURE,UN JUN 2011,HIP FRACTURE,HIP FRACTURE,HLT_0097,HLGT_0131,"INJURY, POISONING AND PROCEDURAL COMPLICATIONS"
710-1354,V1,29 OCT 2012,0,HEMORRHOIDECTOMY,UN UNK 1956,HEMORRHOIDECTOMY,HAEMORRHOID OPERATION,HLT_0300,HLGT_0468,SURGICAL AND MEDICAL PROCEDURES
710-1354,V1,29 OCT 2012,1,MYOCARDIAL INFARCT,UN UNK 1999,MYOCARDIAL INFARCT,MYOCARDIAL INFARCTION,HLT_0649,HLGT_0688,CARDIAC DISORDERS
710-1354,V1,29 OCT 2012,2,ANGINA PECTORIS,UN UNK 1999,ANGINA PECTORIS,ANGINA PECTORIS,HLT_0033,HLGT_0063,CARDIAC DISORDERS
710-1354,V1,29 OCT 2012,3,HEPATITIS C,UN UNK 2004,HEPATITIS C,HEPATITIS C,HLT_0346,HLGT_0306,INFECTIONS AND INFESTATIONS
710-1354,V1,29 OCT 2012,4,OPERATION NOS,UN UNK 2004,OPERATION NOS,SURGERY,HLT_0655,HLGT_0470,SURGICAL AND MEDICAL PROCEDURES
710-1358,V1,02 SEP 2012,0,VARICOSE VEINS STRIPPING,UN UNK 1992,VARICOSE VEINS STRIPPING,VARICOSE VEINS STRIPPING,HLT_0411,HLGT_0219,SURGICAL AND MEDICAL PROCEDURES
710-1358,V1,02 SEP 2012,1,ORCHIECTOMY,UN UNK 2009,ORCHIECTOMY,ORCHIDECTOMY,HLT_0689,HLGT_0771,SURGICAL AND MEDICAL PROCEDURES
710-1358,V1,02 SEP 2012,2,CARCINOMA PROSTATE,UN UNK 2009,CARCINOMA PROSTATE,PROSTATE CANCER,HLT_0412,HLGT_0190,"NEOPLASMS BENIGN, MALIGNANT AND UNSPECIFIED (INCL CYSTS AND POLYPS)"
710-1358,V1,02 SEP 2012,3,SEBACEOUS CYST REMOVAL,UN UNK 2010,SEBACEOUS CYST REMOVAL,SEBACEOUS CYST EXCISION,HLT_0720,HLGT_0327,SURGICAL AND MEDICAL PROCEDURES
710-1368,V1,21 OCT 2013,0,APPENDECTOMY,UN UNK 1957,APPENDECTOMY,APPENDICECTOMY,HLT_0707,HLGT_0363,SURGICAL AND MEDICAL PROCEDURES
710-1368,V1,21 OCT 2013,1,FALL,UN APR 2013,FALL,FALL,HLT_0168,HLGT_0446,"INJURY, POISONING AND PROCEDURAL COMPLICATIONS"
710-1368,V1,21 OCT 2013,2,ARM FRACTURE,UN APR 2013,ARM FRACTURE,UPPER LIMB FRACTURE,HLT_0472,HLGT_0247,"INJURY, POISONING AND PROCEDURAL COMPLICATIONS"
710-1385,V1,21 OCT 2012,0,JAUNDICE,UN UNK 1956,JAUNDICE,JAUNDICE,HLT_0779,HLGT_0153,HEPATOBILIARY DISORDERS
710-1385,V1,21 OCT 2012,1,APPENDECTOMY,UN UNK 1956,APPENDECTOMY,APPENDICECTOMY,HLT_0707,HLGT_0363,SURGICAL AND MEDICAL PROCEDURES
710-1385,V1,21 OCT 2012,2,PRE-SYNCOPE,UN UNK 2009,PRE-SYNCOPE,DIZZINESS,HLT_0619,HLGT_0751,NERVOUS SYSTEM DISORDERS
710-1408,V1,26 DEC 2012,0,BACK SURGERY,UN UNK 1956,BACK SURGERY,SURGERY,HLT_0655,HLGT_0470,SURGICAL AND MEDICAL PROCEDURES
710-1408,V1,26 DEC 2012,1,WRIST INJURY,UN UNK 1986,WRIST INJURY,JOINT INJURY,HLT_0264,HLGT_0127,"INJURY, POISONING AND PROCEDURAL COMPLICATIONS"
710-1408,V1,26 DEC 2012,2,FOOT SURGERY,UN UNK 2008,FOOT SURGERY,FOOT OPERATION,HLT_0022,HLGT_0741,SURGICAL AND MEDICAL PROCEDURES
711-1012,V1,20 MAR 2013,0,VERTIGO,UN UNK 2004,VERTIGO,VERTIGO,HLT_0255,HLGT_0147,EAR AND LABYRINTH DISORDERS
711-1012,V1,20 MAR 2013,1,"UNQUALIFIED VISUAL LOSS, ONE EYE",UN UNK 2005,"UNQUALIFIED VISUAL LOSS, ONE EYE",BLINDNESS UNILATERAL,HLT_0492,HLGT_0445,EYE DISORDERS
711-1036,V1,20 JUL 2012,0,LEG INJURY,UN UNK 1985,LEG INJURY,LIMB INJURY,HLT_0476,HLGT_0667,"INJURY, POISONING AND PROCEDURAL COMPLICATIONS"
711-1036,V1,20 JUL 2012,1,PEPTIC ULCER DISEASE,UN UNK 2002,PEPTIC ULCER DISEASE,PEPTIC ULCER,HLT_0113,HLGT_0482,GASTROINTESTINAL DISORDERS
711-1036,V1,20 JUL 2012,2,GROIN ABSCESS,07 FEB 2007,GROIN ABSCESS,GROIN ABSCESS,HLT_0462,HLGT_0436,INFECTIONS AND INFESTATIONS
711-1036,V1,20 JUL 2012,3,DIVERTICULOSIS,07 MAR 2007,DIVERTICULOSIS,DIVERTICULUM,HLT_0069,HLGT_0141,GASTROINTESTINAL DISORDERS
711-1036,V1,20 JUL 2012,4,LUNG BIOPSY,21 APR 2007,LUNG BIOPSY,BIOPSY LUNG,HLT_0166,HLGT_0360,INVESTIGATIONS
711-1036,V1,20 JUL 2012,5,PNEUMONIA,12 OCT 2011,PNEUMONIA,PNEUMONIA,HLT_0251,HLGT_0671,INFECTIONS AND INFESTATIONS
711-1143,V1,30 MAR 2013,0,THYROIDECTOMY,UN UNK 1979,THYROIDECTOMY,THYROIDECTOMY,HLT_0526,HLGT_0714,SURGICAL AND MEDICAL PROCEDURES
711-1143,V1,30 MAR 2013,1,THYROID CARCINOMA,UN UNK 1979,THYROID CARCINOMA,THYROID GLAND CANCER,HLT_0422,HLGT_0661,"NEOPLASMS BENIGN, MALIGNANT AND UNSPECIFIED (INCL CYSTS AND POLYPS)"
711-1143,V1,30 MAR 2013,2,HYSTERECTOMY,UN UNK 1989,HYSTERECTOMY,HYSTERECTOMY,HLT_0675,HLGT_0657,SURGICAL AND MEDICAL PROCEDURES
711-1143,V1,30 MAR 2013,3,BREAST BIOPSY NORMAL,UN UNK 1990,BREAST BIOPSY NORMAL,BIOPSY BREAST NORMAL,HLT_0575,HLGT_0269,INVESTIGATIONS
711-1143,V1,30 MAR 2013,4,HAND TENDON INJURY,UN UNK 2001,HAND TENDON INJURY,TENDON INJURY,HLT_0079,HLGT_0072,"INJURY, POISONING AND PROCEDURAL COMPLICATIONS"
711-1143,V1,30 MAR 2013,5,HEARING DECREASED,UN OCT 2007,HEARING DECREASED,HYPOACUSIS,HLT_0174,HLGT_0589,EAR AND LABYRINTH DISORDERS
711-1143,V1,30 MAR 2013,6,BUNION,UN JUN 2010,BUNION,BUNION,HLT_0325,HLGT_0256,MUSCULOSKELETAL AND CONNECTIVE TISSUE DISORDERS
711-1433,V1,23 JAN 2013,0,APPENDECTOMY,UN UNK 1951,APPENDECTOMY,APPENDICECTOMY,HLT_0707,HLGT_0363,SURGICAL AND MEDICAL PROCEDURES
711-1433,V1,23 JAN 2013,1,HYSTERECTOMY,UN UNK 1972,HYSTERECTOMY,HYSTERECTOMY,HLT_0675,HLGT_0657,SURGICAL AND MEDICAL PROCEDURES
711-1433,V1,23 JAN 2013,2,BIOPSY BREAST NORMAL,UN UNK 1984,BIOPSY BREAST NORMAL,BIOPSY BREAST NORMAL,HLT_0575,HLGT_0269,INVESTIGATIONS
711-1433,V1,23 JAN 2013,3,CHOLECYSTECTOMY,UN UNK 1996,CHOLECYSTECTOMY,CHOLECYSTECTOMY,HLT_0149,HLGT_0074,SURGICAL AND MEDICAL PROCEDURES
711-1433,V1,23 JAN 2013,4,ANEMIA,UN UNK 2001,ANEMIA,ANAEMIA,HLT_0378,HLGT_0230,BLOOD AND LYMPHATIC SYSTEM DISORDERS
711-1433,V1,23 JAN 2013,5,ANOREXIA,UN UNK 2011,ANOREXIA,ANOREXIA,HLT_0187,HLGT_0262,METABOLISM AND NUTRITION DISORDERS
711-1433,V1,23 JAN 2013,6,UTI,UN MAR 2012,UTI,URINARY TRACT INFECTION,HLT_0161,HLGT_0093,INFECTIONS AND INFESTATIONS
711-1433,V1,23 JAN 2013,7,PNEUMONIA,UN MAR 2012,PNEUMONIA,PNEUMONIA,HLT_0251,HLGT_0671,INFECTIONS AND INFESTATIONS
711-1433,V1,23 JAN 2013,8,DEHYDRATION,UN MAR 2012,DEHYDRATION,DEHYDRATION,HLT_0533,HLGT_0011,METABOLISM AND NUTRITION DISORDERS
713-1043,V1,17 AUG 2013,0,RIGHT CATARACT EXTRACTION,UN UNK 2007,RIGHT CATARACT EXTRACTION,CATARACT OPERATION,HLT_0432,HLGT_0058,SURGICAL AND MEDICAL PROCEDURES
713-1141,V1,23 MAY 2013,0,KIDNEY STONES,UN UNK 2010,KIDNEY STONES,NEPHROLITHIASIS,HLT_0439,HLGT_0546,RENAL AND URINARY DISORDERS
713-1209,V1,16 MAY 2013,0,FIBROMYALGIA,UN UNK 2011,FIBROMYALGIA,FIBROMYALGIA,HLT_0467,HLGT_0770,MUSCULOSKELETAL AND CONNECTIVE TISSUE DISORDERS
713-1209,V1,16 MAY 2013,1,DIARRHEA,UN NOV 2012,DIARRHEA,DIARRHOEA,HLT_0148,HLGT_0588,GASTROINTESTINAL DISORDERS
713-1448,V1,05 JAN 2014,0,HYSTERECTOMY,UN UNK 1987,HYSTERECTOMY,HYSTERECTOMY,HLT_0675,HLGT_0657,SURGICAL AND MEDICAL PROCEDURES
713-1448,V1,05 JAN 2014,1,COLECTOMY,27 JUL 2012,COLECTOMY,COLECTOMY,HLT_0054,HLGT_0052,SURGICAL AND MEDICAL PROCEDURES
713-1448,V1,05 JAN 2014,2,DIVERTICULITIS,27 JUL 2012,DIVERTICULITIS,DIVERTICULITIS,HLT_0536,HLGT_0660,INFECTIONS AND INFESTATIONS
713-1448,V1,05 JAN 2014,3,LUMBAR DISCECTOMY,26 NOV 2013,LUMBAR DISCECTOMY,INTERVERTEBRAL DISC OPERATION,HLT_0062,HLGT_0337,SURGICAL AND MEDICAL PROCEDURES
714-1035,V1,03 APR 2014,0,RECTAL BLEEDING,UN UNK 2011,RECTAL BLEEDING,RECTAL HAEMORRHAGE,HLT_0353,HLGT_0755,GASTROINTESTINAL DISORDERS
714-1035,V1,03 APR 2014,1,PNEUMONIA,02 JUN 2011,PNEUMONIA,PNEUMONIA,HLT_0251,HLGT_0671,INFECTIONS AND INFESTATIONS
714-1035,V1,03 APR 2014,2,CONGESTIVE HEART FAILURE,UN UNK 2013,CONGESTIVE HEART FAILURE,CARDIAC FAILURE CONGESTIVE,HLT_0511,HLGT_0413,CARDIAC DISORDERS
714-1068,V1,31 JUL 2013,0,HYSTERECTOMY,UN UNK 1970,HYSTERECTOMY,HYSTERECTOMY,HLT_0675,HLGT_0657,SURGICAL AND MEDICAL PROCEDURES
714-1068,V1,31 JUL 2013,1,BLADDER REPAIR,UN UNK 1970,BLADDER REPAIR,BLADDER REPAIR,HLT_0443,HLGT_0711,SURGICAL AND MEDICAL PROCEDURES
714-1068,V1,31 JUL 2013,2,RECTAL POLYP,UN UNK 2004,RECTAL POLYP,RECTAL POLYP,HLT_0641,HLGT_0569,GASTROINTESTINAL DISORDERS
714-1195,V1,16 APR 2013,0,INGUINAL HERNIA REPAIR,UN UNK 1993,INGUINAL HERNIA REPAIR,INGUINAL HERNIA REPAIR,HLT_0320,HLGT_0772,SURGICAL AND MEDICAL PROCEDURES
714-1195,V1,16 APR 2013,1,PROSTATE TRANSURETHRAL RESECTION,UN UNK 2002,PROSTATE TRANSURETHRAL RESECTION,TRANSURETHRAL PROSTATECTOMY,HLT_0551,HLGT_0320,SURGICAL AND MEDICAL PROCEDURES
714-1195,V1,16 APR 2013,2,CATARACT OPERATION,UN MAR 2013,CATARACT OPERATION,CATARACT OPERATION,HLT_0432,HLGT_0058,SURGICAL AND MEDICAL PROCEDURES
714-1288,V1,24 NOV 2013,0,RENAL CALCULUS,UN UNK 1956,RENAL CALCULUS,NEPHROLITHIASIS,HLT_0439,HLGT_0546,RENAL AND URINARY DISORDERS
714-1288,V1,24 NOV 2013,1,APPENDECTOMY,UN UNK 1988,APPENDECTOMY,APPENDICECTOMY,HLT_0707,HLGT_0363,SURGICAL AND MEDICAL PROCEDURES
714-1288,V1,24 NOV 2013,2,GASTRIC ULCER SURGERY,UN UNK 1990,GASTRIC ULCER SURGERY,GASTRIC ULCER SURGERY,HLT_0049,HLGT_0374,SURGICAL AND MEDICAL PROCEDURES
714-1288,V1,24 NOV 2013,3,HERNIA REPAIR,UN UNK 2009,HERNIA REPAIR,HERNIA REPAIR,HLT_0766,HLGT_0696,SURGICAL AND MEDICAL PROCEDURES
714-1288,V1,24 NOV 2013,4,BRONCHITIS,24 OCT 2011,BRONCHITIS,BRONCHITIS,HLT_0634,HLGT_0523,INFECTIONS AND INFESTATIONS
714-1375,V1,23 FEB 2013,0,MENOPAUSE,UN UNK 1970,MENOPAUSE,MENOPAUSE,HLT_0723,HLGT_0632,SOCIAL CIRCUMSTANCES
714-1375,V1,23 FEB 2013,1,THYROID OPERATION,UN UNK 2001,THYROID OPERATION,THYROID OPERATION,HLT_0606,HLGT_0215,SURGICAL AND MEDICAL PROCEDURES
714-1375,V1,23 FEB 2013,2,SKIN LESION EXCISION,UN UNK 2012,SKIN LESION EXCISION,SKIN LESION EXCISION,HLT_0498,HLGT_0450,SURGICAL AND MEDICAL PROCEDURES
714-1425,V1,11 AUG 2013,0,HYPERTENSION,UN UNK 1993,HYPERTENSION,HYPERTENSION,HLT_0228,HLGT_0476,VASCULAR DISORDERS
714-1425,V1,11 AUG 2013,1,SPINAL LAMINECTOMY,UN UNK 1997,SPINAL LAMINECTOMY,SPINAL LAMINECTOMY,HLT_0132,HLGT_0722,SURGICAL AND MEDICAL PROCEDURES
714-1425,V1,11 AUG 2013,2,CERVICAL MYELOPATHY,UN UNK 1997,CERVICAL MYELOPATHY,CERVICAL MYELOPATHY,HLT_0548,HLGT_0358,NERVOUS SYSTEM DISORDERS
714-1425,V1,11 AUG 2013,3,BENIGN PROSTATIC HYPERTROPHY,UN UNK 2002,BENIGN PROSTATIC HYPERTROPHY,BENIGN PROSTATIC HYPERPLASIA,HLT_0215,HLGT_0568,REPRODUCTIVE SYSTEM AND BREAST DISORDERS
714-1425,V1,11 AUG 2013,4,URETHRAL OPERATION NOS,23 FEB 2002,URETHRAL OPERATION NOS,URETHRAL OPERATION,HLT_0249,HLGT_0156,SURGICAL AND MEDICAL PROCEDURES
714-1425,V1,11 AUG 2013,5,VITAMIN B12 DEFICIENCY,24 JUN 2013,VITAMIN B12 DEFICIENCY,VITAMIN B12 DEFICIENCY,HLT_0173,HLGT_0563,METABOLISM AND NUTRITION DISORDERS
715-1085,V1,03 FEB 2013,0,MENINGIOMA,08 AUG 2011,MENINGIOMA,MENINGIOMA,HLT_0599,HLGT_0214,"NEOPLASMS BENIGN, MALIGNANT AND UNSPECIFIED (INCL CYSTS AND POLYPS)"
715-1319,V1,03 FEB 2013,0,VASCULAR BYPASS GRAFT,13 JAN 2007,VASCULAR BYPASS GRAFT,VASCULAR BYPASS GRAFT,HLT_0361,HLGT_0088,SURGICAL AND MEDICAL PROCEDURES
715-1319,V1,03 FEB 2013,1,MYOCARDIAL ISCHEMIA,13 JAN 2007,MYOCARDIAL ISCHEMIA,MYOCARDIAL ISCHAEMIA,HLT_0753,HLGT_0727,CARDIAC DISORDERS
716-1024,V1,06 JUL 2012,0,CLAVICLE FRACTURE,UN UNK 2005,CLAVICLE FRACTURE,CLAVICLE FRACTURE,HLT_0504,HLGT_0617,"INJURY, POISONING AND PROCEDURAL COMPLICATIONS"
716-1024,V1,06 JUL 2012,1,HIP REPLACEMENT,UN UNK 2005,HIP REPLACEMENT,HIP ARTHROPLASTY,HLT_0709,HLGT_0449,SURGICAL AND MEDICAL PROCEDURES
716-1024,V1,06 JUL 2012,2,DEPRESSION,UN UNK 2010,DEPRESSION,DEPRESSION,HLT_0167,HLGT_0582,PSYCHIATRIC DISORDERS
716-1024,V1,06 JUL 2012,3,BASAL CELL CARCINOMA EXCISION,UN APR 2012,BASAL CELL CARCINOMA EXCISION,SKIN NEOPLASM EXCISION,HLT_0482,HLGT_0467,SURGICAL AND MEDICAL PROCEDURES
716-1030,V1,25 DEC 2013,0,MASTECTOMY,UN UNK 2002,MASTECTOMY,MASTECTOMY,HLT_0729,HLGT_0669,SURGICAL AND MEDICAL PROCEDURES
716-1030,V1,25 DEC 2013,1,BREAST CANCER,UN UNK 2002,BREAST CANCER,BREAST CANCER,HLT_0101,HLGT_0442,"NEOPLASMS BENIGN, MALIGNANT AND UNSPECIFIED (INCL CYSTS AND POLYPS)"
716-1030,V1,25 DEC 2013,2,CARTILAGE DISORDER,UN UNK 2007,CARTILAGE DISORDER,CHONDROPATHY,HLT_0277,HLGT_0400,MUSCULOSKELETAL AND CONNECTIVE TISSUE DISORDERS
716-1044,V1,20 APR 2013,0,PALPITATIONS,UN UNK 2007,PALPITATIONS,PALPITATIONS,HLT_0493,HLGT_0593,CARDIAC DISORDERS
716-1063,V1,06 MAY 2013,0,SLEEP APNEA,UN UNK 2003,SLEEP APNEA,SLEEP APNOEA SYNDROME,HLT_0437,HLGT_0117,"RESPIRATORY, THORACIC AND MEDIASTINAL DISORDERS"
716-1063,V1,06 MAY 2013,1,PROSTATE TRANSURETHRAL RESECTION,UN UNK 2007,PROSTATE TRANSURETHRAL RESECTION,TRANSURETHRAL PROSTATECTOMY,HLT_0551,HLGT_0320,SURGICAL AND MEDICAL PROCEDURES
716-1063,V1,06 MAY 2013,2,DIFFICULTY IN MICTURITION,UN UNK 2007,DIFFICULTY IN MICTURITION,DYSURIA,HLT_0637,HLGT_0210,RENAL AND URINARY DISORDERS
716-1063,V1,06 MAY 2013,3,BRADYCARDIA,UN UNK 2010,BRADYCARDIA,BRADYCARDIA,HLT_0640,HLGT_0294,CARDIAC DISORDERS
716-1071,V1,03 JUN 2013,0,CHOLELITHIASIS,UN UNK 1963,CHOLELITHIASIS,CHOLELITHIASIS,HLT_0084,HLGT_0177,HEPATOBILIARY DISORDERS
716-1071,V1,03 JUN 2013,1,HYSTERECTOMY,UN UNK 1973,HYSTERECTOMY,HYSTERECTOMY,HLT_0675,HLGT_0657,SURGICAL AND MEDICAL PROCEDURES
716-1071,V1,03 JUN 2013,2,HYPERTENSION,UN JUN 2013,HYPERTENSION,HYPERTENSION,HLT_0228,HLGT_0476,VASCULAR DISORDERS
716-1094,V1,16 DEC 2012,0,CORONARY ARTERY BYPASS,UN JUN 1997,CORONARY ARTERY BYPASS,CORONARY ARTERY SURGERY,HLT_0457,HLGT_0045,SURGICAL AND MEDICAL PROCEDURES
716-1094,V1,16 DEC 2012,1,INGUINAL HERNIA REPAIR,UN JUN 2002,INGUINAL HERNIA REPAIR,INGUINAL HERNIA REPAIR,HLT_0320,HLGT_0772,SURGICAL AND MEDICAL PROCEDURES
716-1094,V1,16 DEC 2012,2,BASAL CELL CARCINOMA EXCISION,UN JUN 2002,BASAL CELL CARCINOMA EXCISION,SKIN NEOPLASM EXCISION,HLT_0482,HLGT_0467,SURGICAL AND MEDICAL PROCEDURES
716-1094,V1,16 DEC 2012,3,TRANSURETHRAL PROSTATECTOMY,UN JUN 2007,TRANSURETHRAL PROSTATECTOMY,TRANSURETHRAL PROSTATECTOMY,HLT_0551,HLGT_0320,SURGICAL AND MEDICAL PROCEDURES
716-1103,V1,18 MAR 2014,0,SINUS OPERATION NOS,UN UNK 2007,SINUS OPERATION NOS,SINUS OPERATION,HLT_0259,HLGT_0573,SURGICAL AND MEDICAL PROCEDURES
716-1103,V1,18 MAR 2014,1,SKIN NEOPLASM EXCISION,UN UNK 2009,SKIN NEOPLASM EXCISION,SKIN NEOPLASM EXCISION,HLT_0482,HLGT_0467,SURGICAL AND MEDICAL PROCEDURES
716-1103,V1,18 MAR 2014,2,THROMBECTOMY,UN UNK 2010,THROMBECTOMY,THROMBECTOMY,HLT_0179,HLGT_0024,SURGICAL AND MEDICAL PROCEDURES
716-1108,V1,04 FEB 2013,0,BROKEN ELBOW,UN AUG 1986,BROKEN ELBOW,UPPER LIMB FRACTURE,HLT_0472,HLGT_0247,"INJURY, POISONING AND PROCEDURAL COMPLICATIONS"
716-1108,V1,04 FEB 2013,1,CATARACT EXTRACTION,UN AUG 2004,CATARACT EXTRACTION,CATARACT OPERATION,HLT_0432,HLGT_0058,SURGICAL AND MEDICAL PROCEDURES
716-1157,V1,23 SEP 2013,0,GASTRECTOMY,UN APR 1977,GASTRECTOMY,GASTRECTOMY,HLT_0728,HLGT_0616,SURGICAL AND MEDICAL PROCEDURES
716-1157,V1,23 SEP 2013,1,PEPTIC ULCER,UN APR 1977,PEPTIC ULCER,PEPTIC ULCER,HLT_0113,HLGT_0482,GASTROINTESTINAL DISORDERS
716-1167,V1,30 SEP 2012,0,APPENDECTOMY,UN UNK 1954,APPENDECTOMY,APPENDICECTOMY,HLT_0707,HLGT_0363,SURGICAL AND MEDICAL PROCEDURES
716-1167,V1,30 SEP 2012,1,DUODENAL ULCER,UN APR 1983,DUODENAL ULCER,DUODENAL ULCER,HLT_0322,HLGT_0349,GASTROINTESTINAL DISORDERS
716-1167,V1,30 SEP 2012,2,RUPTURED INTERVERTEBRAL DISC,UN APR 1988,RUPTURED INTERVERTEBRAL DISC,INTERVERTEBRAL DISC PROTRUSION,HLT_0368,HLGT_0149,MUSCULOSKELETAL AND CONNECTIVE TISSUE DISORDERS
716-1167,V1,30 SEP 2012,3,CARPAL TUNNEL DECOMPRESSION,UN JUL 1992,CARPAL TUNNEL DECOMPRESSION,CARPAL TUNNEL DECOMPRESSION,HLT_0671,HLGT_0258,SURGICAL AND MEDICAL PROCEDURES
716-1167,V1,30 SEP 2012,4,BACK SURGERY,UN APR 1997,BACK SURGERY,SURGERY,HLT_0655,HLGT_0470,SURGICAL AND MEDICAL PROCEDURES
716-1167,V1,30 SEP 2012,5,BIOPSY PROSTATE NORMAL,UN APR 2005,BIOPSY PROSTATE NORMAL,BIOPSY PROSTATE NORMAL,HLT_0691,HLGT_0607,INVESTIGATIONS
716-1167,V1,30 SEP 2012,6,KIDNEY STONE,UN APR 2011,KIDNEY STONE,NEPHROLITHIASIS,HLT_0439,HLGT_0546,RENAL AND URINARY DISORDERS
716-1167,V1,30 SEP 2012,7,BASAL CELL CARCINOMA EXCISION,UN AUG 2012,BASAL CELL CARCINOMA EXCISION,SKIN NEOPLASM EXCISION,HLT_0482,HLGT_0467,SURGICAL AND MEDICAL PROCEDURES
716-1167,V1,30 SEP 2012,8,TUBERCULOSIS,UN SEP 2012,TUBERCULOSIS,TUBERCULOSIS,HLT_0344,HLGT_0774,INFECTIONS AND INFESTATIONS
716-1177,V1,29 AUG 2014,0,DUODENAL ULCER,UN UNK 1964,DUODENAL ULCER,DUODENAL ULCER,HLT_0322,HLGT_0349,GASTROINTESTINAL DISORDERS
716-1177,V1,29 AUG 2014,1,CEREBRAL HEMORRHAGE,UN UNK 1967,CEREBRAL HEMORRHAGE,CEREBRAL HAEMORRHAGE,HLT_0046,HLGT_0191,NERVOUS SYSTEM DISORDERS
716-1177,V1,29 AUG 2014,2,LEG FRACTURE,UN UNK 1968,LEG FRACTURE,LOWER LIMB FRACTURE,HLT_0348,HLGT_0435,"INJURY, POISONING AND PROCEDURAL COMPLICATIONS"
716-1189,V1,07 OCT 2012,0,CHOLECYSTECTOMY,UN DEC 2007,CHOLECYSTECTOMY,CHOLECYSTECTOMY,HLT_0149,HLGT_0074,SURGICAL AND MEDICAL PROCEDURES
716-1189,V1,07 OCT 2012,1,BIOPSY PROSTATE NORMAL,UN APR 2008,BIOPSY PROSTATE NORMAL,BIOPSY PROSTATE NORMAL,HLT_0691,HLGT_0607,INVESTIGATIONS
716-1189,V1,07 OCT 2012,2,AORTIC ANEURYSM REPAIR,UN DEC 2008,AORTIC ANEURYSM REPAIR,AORTIC ANEURYSM REPAIR,HLT_0774,HLGT_0767,SURGICAL AND MEDICAL PROCEDURES
716-1189,V1,07 OCT 2012,3,COLON POLYPECTOMY,UN DEC 2011,COLON POLYPECTOMY,COLON POLYPECTOMY,HLT_0032,HLGT_0022,SURGICAL AND MEDICAL PROCEDURES
716-1229,V1,14 FEB 2013,0,HYSTERECTOMY,UN UNK 1986,HYSTERECTOMY,HYSTERECTOMY,HLT_0675,HLGT_0657,SURGICAL AND MEDICAL PROCEDURES
716-1229,V1,14 FEB 2013,1,BASAL CELL CARCINOMA,UN UNK 2012,BASAL CELL CARCINOMA,BASAL CELL CARCINOMA,HLT_0332,HLGT_0328,"NEOPLASMS BENIGN, MALIGNANT AND UNSPECIFIED (INCL CYSTS AND POLYPS)"
716-1229,V1,14 FEB 2013,2,HIGH CHOLESTEROL,UN OCT 2012,HIGH CHOLESTEROL,BLOOD CHOLESTEROL INCREASED,HLT_0210,HLGT_0430,INVESTIGATIONS
716-1298,V1,04 APR 2013,0,FOOT FRACTURE,UN UNK 1938,FOOT FRACTURE,FOOT FRACTURE,HLT_0768,HLGT_0287,"INJURY, POISONING AND PROCEDURAL COMPLICATIONS"
716-1298,V1,04 APR 2013,1,HYPOTHYROIDISM,UN MAY 1999,HYPOTHYROIDISM,HYPOTHYROIDISM,HLT_0454,HLGT_0558,ENDOCRINE DISORDERS
716-1298,V1,04 APR 2013,2,LENS IMPLANT,UN MAY 2001,LENS IMPLANT,LENS IMPLANT,HLT_0106,HLGT_0204,SURGICAL AND MEDICAL PROCEDURES
716-1298,V1,04 APR 2013,3,DETACHED RETINA,UN MAY 2003,DETACHED RETINA,RETINAL DETACHMENT,HLT_0490,HLGT_0223,EYE DISORDERS
716-1298,V1,04 APR 2013,4,FRACTURED COCCYX,UN MAR 2008,FRACTURED COCCYX,FRACTURED COCCYX,HLT_0068,HLGT_0429,"INJURY, POISONING AND PROCEDURAL COMPLICATIONS"
716-1308,V1,23 AUG 2013,0,VERTIGO,UN JUN 2012,VERTIGO,VERTIGO,HLT_0255,HLGT_0147,EAR AND LABYRINTH DISORDERS
716-1308,V1,23 AUG 2013,1,BENIGN TUMOR EXCISION,UN JUL 2013,BENIGN TUMOR EXCISION,BENIGN TUMOUR EXCISION,HLT_0150,HLGT_0284,SURGICAL AND MEDICAL PROCEDURES
716-1311,V1,08 MAY 2014,0,CORONARY ARTERY BYPASS,UN JUN 1997,CORONARY ARTERY BYPASS,CORONARY ARTERY SURGERY,HLT_0457,HLGT_0045,SURGICAL AND MEDICAL PROCEDURES
716-1311,V1,08 MAY 2014,1,HIP REPLACEMENT,UN JUN 2005,HIP REPLACEMENT,HIP ARTHROPLASTY,HLT_0709,HLGT_0449,SURGICAL AND MEDICAL PROCEDURES
716-1311,V1,08 MAY 2014,2,CAROTID ENDARTERECTOMY,UN JUN 2006,CAROTID ENDARTERECTOMY,CAROTID ENDARTERECTOMY,HLT_0006,HLGT_0451,SURGICAL AND MEDICAL PROCEDURES
716-1311,V1,08 MAY 2014,3,HIP REPLACEMENT,UN JUN 2008,HIP REPLACEMENT,HIP ARTHROPLASTY,HLT_0709,HLGT_0449,SURGICAL AND MEDICAL PROCEDURES
716-1364,V1,27 JUN 2013,0,EAR OPERATION,UN UNK 1968,EAR OPERATION,EAR OPERATION,HLT_0295,HLGT_0002,SURGICAL AND MEDICAL PROCEDURES
716-1364,V1,27 JUN 2013,1,KNEE FRACTURE,UN UNK 1998,KNEE FRACTURE,LOWER LIMB FRACTURE,HLT_0348,HLGT_0435,"INJURY, POISONING AND PROCEDURAL COMPLICATIONS"
716-1364,V1,27 JUN 2013,2,HIP REPLACEMENT,UN UNK 2003,HIP REPLACEMENT,HIP ARTHROPLASTY,HLT_0709,HLGT_0449,SURGICAL AND MEDICAL PROCEDURES
716-1364,V1,27 JUN 2013,3,LEFT CATARACT EXTRACTION,UN AUG 2006,LEFT CATARACT EXTRACTION,CATARACT OPERATION,HLT_0432,HLGT_0058,SURGICAL AND MEDICAL PROCEDURES
716-1364,V1,27 JUN 2013,4,RIGHT CATARACT EXTRACTION,UN AUG 2007,RIGHT CATARACT EXTRACTION,CATARACT OPERATION,HLT_0432,HLGT_0058,SURGICAL AND MEDICAL PROCEDURES
716-1364,V1,27 JUN 2013,5,FRACTURED HIP,UN UNK 2008,FRACTURED HIP,HIP FRACTURE,HLT_0097,HLGT_0131,"INJURY, POISONING AND PROCEDURAL COMPLICATIONS"
716-1364,V1,27 JUN 2013,6,FRACTURED WRIST,UN UNK 2011,FRACTURED WRIST,WRIST FRACTURE,HLT_0537,HLGT_0281,"INJURY, POISONING AND PROCEDURAL COMPLICATIONS"
716-1373,V1,24 NOV 2012,0,TRANSURETHRAL PROSTATECTOMY,UN MAY 2003,TRANSURETHRAL PROSTATECTOMY,TRANSURETHRAL PROSTATECTOMY,HLT_0551,HLGT_0320,SURGICAL AND MEDICAL PROCEDURES
716-1418,V1,27 APR 2013,0,KIDNEY STONE,UN UNK 2007,KIDNEY STONE,NEPHROLITHIASIS,HLT_0439,HLGT_0546,RENAL AND URINARY DISORDERS
716-1418,V1,27 APR 2013,1,HEAD INJURY,UN UNK 2010,HEAD INJURY,HEAD INJURY,HLT_0201,HLGT_0554,"INJURY, POISONING AND PROCEDURAL COMPLICATIONS"
716-1441,V1,13 JAN 2014,0,BASAL CELL CARCINOMA EXCISION,UN MAY 1977,BASAL CELL CARCINOMA EXCISION,SKIN NEOPLASM EXCISION,HLT_0482,HLGT_0467,SURGICAL AND MEDICAL PROCEDURES
716-1441,V1,13 JAN 2014,1,HIP REPLACEMENT,12 SEP 2001,HIP REPLACEMENT,HIP ARTHROPLASTY,HLT_0709,HLGT_0449,SURGICAL AND MEDICAL PROCEDURES
716-1441,V1,13 JAN 2014,2,CATARACT OPERATION,UN NOV 2010,CATARACT OPERATION,CATARACT OPERATION,HLT_0432,HLGT_0058,SURGICAL AND MEDICAL PROCEDURES
716-1447,V1,10 DEC 2013,0,APPENDECTOMY,UN UNK 1974,APPENDECTOMY,APPENDICECTOMY,HLT_0707,HLGT_0363,SURGICAL AND MEDICAL PROCEDURES
716-1447,V1,10 DEC 2013,1,NEUROMA,UN MAY 2002,NEUROMA,NEUROMA,HLT_0177,HLGT_0123,"NEOPLASMS BENIGN, MALIGNANT AND UNSPECIFIED (INCL CYSTS AND POLYPS)"
717-1004,V1,01 JAN 2014,0,HYSTERECTOMY,UN UNK 2010,HYSTERECTOMY,HYSTERECTOMY,HLT_0675,HLGT_0657,SURGICAL AND MEDICAL PROCEDURES
717-1004,V1,01 JAN 2014,1,CONSTIPATION,UN JAN 2013,CONSTIPATION,CONSTIPATION,HLT_0402,HLGT_0635,GASTROINTESTINAL DISORDERS
717-1004,V1,01 JAN 2014,2,COMPRESSION FRACTURE,UN JAN 2013,COMPRESSION FRACTURE,COMPRESSION FRACTURE,HLT_0224,HLGT_0495,"INJURY, POISONING AND PROCEDURAL COMPLICATIONS"
717-1109,V1,20 JAN 2014,0,TRANSIENT GLOBAL AMNESIA,24 MAY 2001,TRANSIENT GLOBAL AMNESIA,GLOBAL AMNESIA,HLT_0009,HLGT_0768,NERVOUS SYSTEM DISORDERS
717-1109,V1,20 JAN 2014,1,DIVERTICULITIS,25 FEB 2006,DIVERTICULITIS,DIVERTICULITIS,HLT_0536,HLGT_0660,INFECTIONS AND INFESTATIONS
717-1201,V1,12 DEC 2013,0,CORNEAL TRANSPLANT,UN UNK 2003,CORNEAL TRANSPLANT,CORNEAL TRANSPLANT,HLT_0503,HLGT_0735,SURGICAL AND MEDICAL PROCEDURES
717-1357,V1,21 APR 2013,0,TACHYCARDIA,10 APR 1994,TACHYCARDIA,TACHYCARDIA,HLT_0082,HLGT_0574,CARDIAC DISORDERS
717-1446,V1,20 AUG 2013,0,CATARACT EXTRACTION,UN UNK 1997,CATARACT EXTRACTION,CATARACT OPERATION,HLT_0432,HLGT_0058,SURGICAL AND MEDICAL PROCEDURES
718-1066,V1,28 JUN 2013,0,MASTECTOMY RADICAL,UN SEP 2006,MASTECTOMY RADICAL,RADICAL MASTECTOMY,HLT_0697,HLGT_0545,SURGICAL AND MEDICAL PROCEDURES
718-1079,V1,11 SEP 2012,0,CYST REMOVAL,UN UNK 2009,CYST REMOVAL,CYST REMOVAL,HLT_0219,HLGT_0509,SURGICAL AND MEDICAL PROCEDURES
718-1079,V1,11 SEP 2012,1,DISCECTOMY,UN SEP 2010,DISCECTOMY,INTERVERTEBRAL DISC OPERATION,HLT_0062,HLGT_0337,SURGICAL AND MEDICAL PROCEDURES
718-1079,V1,11 SEP 2012,2,CORRECTION HAMMER TOE,UN SEP 2011,CORRECTION HAMMER TOE,TOE OPERATION,HLT_0162,HLGT_0205,SURGICAL AND MEDICAL PROCEDURES
718-1101,V1,01 FEB 2013,0,CATARACT (RIGHT),UN APR 2008,CATARACT (RIGHT),CATARACT,HLT_0090,HLGT_0498,EYE DISORDERS
718-1101,V1,01 FEB 2013,1,CORNEAL OPERATION,UN AUG 2008,CORNEAL OPERATION,CORNEAL OPERATION,HLT_0607,HLGT_0740,SURGICAL AND MEDICAL PROCEDURES
718-1139,V1,03 MAY 2013,0,DUODENAL ULCER,UN JUL 1999,DUODENAL ULCER,DUODENAL ULCER,HLT_0322,HLGT_0349,GASTROINTESTINAL DISORDERS
718-1139,V1,03 MAY 2013,1,PROSTATE CANCER,UN AUG 2008,PROSTATE CANCER,PROSTATE CANCER,HLT_0412,HLGT_0190,"NEOPLASMS BENIGN, MALIGNANT AND UNSPECIFIED (INCL CYSTS AND POLYPS)"
718-1139,V1,03 MAY 2013,2,BIOPSY OF PROSTATE,09 MAY 2009,BIOPSY OF PROSTATE,BIOPSY PROSTATE,HLT_0553,HLGT_0725,INVESTIGATIONS
718-1150,V1,12 JAN 2013,0,CATARACTS,UN UNK 2010,CATARACTS,CATARACT,HLT_0090,HLGT_0498,EYE DISORDERS
718-1150,V1,12 JAN 2013,1,CATARACT EXTRACTION,UN UNK 2010,CATARACT EXTRACTION,CATARACT OPERATION,HLT_0432,HLGT_0058,SURGICAL AND MEDICAL PROCEDURES
718-1170,V1,25 AUG 2013,0,HYSTERECTOMY,UN UNK 1981,HYSTERECTOMY,HYSTERECTOMY,HLT_0675,HLGT_0657,SURGICAL AND MEDICAL PROCEDURES
718-1170,V1,25 AUG 2013,1,BIOPSY BREAST NORMAL,UN UNK 2003,BIOPSY BREAST NORMAL,BIOPSY BREAST NORMAL,HLT_0575,HLGT_0269,INVESTIGATIONS
718-1170,V1,25 AUG 2013,2,VERTIGO,UN MAY 2010,VERTIGO,VERTIGO,HLT_0255,HLGT_0147,EAR AND LABYRINTH DISORDERS
718-1170,V1,25 AUG 2013,3,VERTIGO,UN MAY 2012,VERTIGO,VERTIGO,HLT_0255,HLGT_0147,EAR AND LABYRINTH DISORDERS
718-1170,V1,25 AUG 2013,4,TOOTH EXTRACTION,22 JUL 2013,TOOTH EXTRACTION,TOOTH EXTRACTION,HLT_0209,HLGT_0762,SURGICAL AND MEDICAL PROCEDURES
718-1172,V1,15 SEP 2013,0,HERNIA REPAIR,UN UNK 2007,HERNIA REPAIR,HERNIA REPAIR,HLT_0766,HLGT_0696,SURGICAL AND MEDICAL PROCEDURES
718-1172,V1,15 SEP 2013,1,GLAUCOMA SURGERY,UN JUL 2011,GLAUCOMA SURGERY,GLAUCOMA SURGERY,HLT_0323,HLGT_0586,SURGICAL AND MEDICAL PROCEDURES
718-1172,V1,15 SEP 2013,2,HERNIA REPAIR,UN MAR 2013,HERNIA REPAIR,HERNIA REPAIR,HLT_0766,HLGT_0696,SURGICAL AND MEDICAL PROCEDURES
718-1250,V1,21 AUG 2013,0,GASTROINTESTINAL ULCER,UN UNK 2003,GASTROINTESTINAL ULCER,GASTROINTESTINAL ULCER,HLT_0072,HLGT_0493,GASTROINTESTINAL DISORDERS
718-1250,V1,21 AUG 2013,1,OPERATION NOS,UN UNK 2003,OPERATION NOS,SURGERY,HLT_0655,HLGT_0470,SURGICAL AND MEDICAL PROCEDURES
718-1254,V1,28 JUN 2013,0,OPERATION NOS,UN AUG 1961,OPERATION NOS,SURGERY,HLT_0655,HLGT_0470,SURGICAL AND MEDICAL PROCEDURES
718-1254,V1,28 JUN 2013,1,WOUND,UN AUG 1961,WOUND,WOUND,HLT_0542,HLGT_0540,"INJURY, POISONING AND PROCEDURAL COMPLICATIONS"
718-1328,V1,28 JAN 2013,0,BENIGN PROSTATIC HYPERTROPHY,UN UNK 2009,BENIGN PROSTATIC HYPERTROPHY,BENIGN PROSTATIC HYPERPLASIA,HLT_0215,HLGT_0568,REPRODUCTIVE SYSTEM AND BREAST DISORDERS
718-1328,V1,28 JAN 2013,1,PROSTATE TRANSURETHRAL RESECTION,UN UNK 2009,PROSTATE TRANSURETHRAL RESECTION,TRANSURETHRAL PROSTATECTOMY,HLT_0551,HLGT_0320,SURGICAL AND MEDICAL PROCEDURES
718-1355,V1,12 FEB 2013,0,INTESTINAL ULCER,UN UNK 1962,INTESTINAL ULCER,INTESTINAL ULCER,HLT_0687,HLGT_0401,GASTROINTESTINAL DISORDERS
718-1355,V1,12 FEB 2013,1,INGUINAL HERNIA REPAIR,UN UNK 1983,INGUINAL HERNIA REPAIR,INGUINAL HERNIA REPAIR,HLT_0320,HLGT_0772,SURGICAL AND MEDICAL PROCEDURES
718-1355,V1,12 FEB 2013,2,HYPERTENSION,UN UNK 1994,HYPERTENSION,HYPERTENSION,HLT_0228,HLGT_0476,VASCULAR DISORDERS
718-1371,V1,11 APR 2013,0,HIATAL HERNIA,UN UNK 1993,HIATAL HERNIA,HIATUS HERNIA,HLT_0159,HLGT_0109,GASTROINTESTINAL DISORDERS
718-1371,V1,11 APR 2013,1,GASTRIC ULCER SURGERY,UN UNK 1999,GASTRIC ULCER SURGERY,GASTRIC ULCER SURGERY,HLT_0049,HLGT_0374,SURGICAL AND MEDICAL PROCEDURES
718-1427,V1,13 DEC 2012,0,RUPTURED INTERVERTEBRAL DISC,UN AUG 2006,RUPTURED INTERVERTEBRAL DISC,INTERVERTEBRAL DISC PROTRUSION,HLT_0368,HLGT_0149,MUSCULOSKELETAL AND CONNECTIVE TISSUE DISORDERS
