SUBJECT,FOLDER,VISIT_DATE,NOT_OBTAINED,ITEM01,ITEM02,ITEM03,ITEM04,ITEM05,ITEM06,ITEM07,ITEM08,ITEM09,ITEM10,ITEM11,ITEM12,ITEM13,ITEM14
701-1015,V10,07 MAY 2014,,4,0,1,0,2,0,0,1,34,4,1,1,1,1
701-1015,V12,18 JUN 2014,,3,0,2,0,3,0,1,1,39,3,0,0,0,0
701-1015,V3,02 JAN 2014,,3,1,3,0,3,0,1,1,23,3,1,1,1,1
701-1015,V8,05 MAR 2014,,2,0,3,0,2,0,0,0,27,4,1,1,1,1
701-1023,ET,02 SEP 2012,,2,2,2,0,2,0,1,1,40,5,0,0,0,0
701-1023,V201,18 FEB 2013,,3,0,3,0,4,0,0,1,37,3,1,1,1,1
701-1023,V3,05 AUG 2012,,4,2,2,0,3,0,2,2,39,5,0,0,0,0
701-1028,V10,06 NOV 2013,,3,0,4,0,0,0,0,1,34,5,0,0,0,0
701-1028,V12,06 JAN 2014,,2,0,1,0,0,0,0,1,26,5,0,0,0,0
701-1028,V3,19 JUL 2013,,1,0,1,0,0,0,0,2,24,4,0,0,0,0
701-1028,V8,10 SEP 2013,,1,0,0,0,0,0,0,1,25,5,0,0,0,0
701-1033,ET,14 APR 2014,,5,0,3,0,1,0,0,2,24,6,0,0,0,0
701-1033,V201,15 SEP 2014,,6,0,6,0,0,0,0,1,27,4,0,0,0,0
701-1033,V3,18 MAR 2014,,5,0,6,0,1,0,0,1,30,7,0,0,0,0
701-1034,V10,21 OCT 2014,,6,1,10,0,3,0,0,4,27,5,0,0,0,0
701-1034,V12,17 DEC 2014,,6,1,10,0,2,0,0,2,31,7,0,0,0,0
701-1034,V3,01 JUL 2014,,5,0,9,0,2,1,0,3,20,5,0,0,0,0
701-1034,V8,26 AUG 2014,,5,1,7,0,1,0,0,4,20,4,0,0,1,0
701-1047,ET,29 MAR 2013,,7,0,10,0,0,1,1,5,37,5,0,0,0,0
701-1047,V201,28 JUL 2013,,7,0,10,0,1,0,2,3,33,5,1,2,1,2
701-1047,V3,12 FEB 2013,,6,0,10,0,1,0,0,3,26,7,0,0,0,0
701-1097,V10,23 APR 2014,,9,5,10,1,4,4,7,10,4,41,3,2,2,2
701-1097,V12,18 JUN 2014,,9,5,10,3,2,5,7,9,5,11,2,3,2,4
701-1097,V3,01 JAN 2014,,10,5,10,3,4,5,7,,0,240,3,3,4,3
701-1097,V8,26 FEB 2014,,9,5,10,1,3,4,7,12,5,240,3,2,4,4
701-1111,ET,17 SEP 2012,,4,0,4,0,0,0,0,1,24,7,0,0,0,0
701-1111,V201,22 FEB 2013,,5,0,5,0,0,0,1,3,31,7,0,0,0,0
701-1111,V3,07 SEP 2012,,5,0,6,0,0,1,0,1,31,3,0,0,0,0
701-1115,ET,23 JAN 2013,,6,1,6,0,1,0,1,5,23,6,0,0,0,0
701-1115,V201,20 MAY 2013,,6,0,7,0,1,0,2,1,24,7,0,0,0,0
701-1115,V3,30 NOV 2012,,6,0,6,0,1,1,1,1,26,3,0,0,0,0
701-1118,V10,02 JUL 2014,,4,0,6,0,2,0,1,10,11,9,0,0,0,0
701-1118,V12,27 AUG 2014,,5,0,8,0,2,0,1,7,18,7,0,0,0,0
701-1118,V3,12 MAR 2014,,5,1,10,0,3,1,4,10,12,6,0,0,1,1
701-1118,V8,08 MAY 2014,,5,0,7,0,3,0,1,10,10,7,0,0,0,0
701-1130,V10,07 JUN 2014,,5,0,10,0,0,1,3,3,24,7,0,0,0,0
701-1130,V12,02 AUG 2014,,4,0,10,0,1,1,3,5,28,5,0,0,0,0
701-1130,V3,15 FEB 2014,,4,0,10,0,0,2,5,8,25,4,0,0,0,0
701-1130,V8,12 APR 2014,,4,0,10,0,1,1,3,3,19,8,0,0,0,0
701-1133,V10,18 FEB 2013,,6,0,8,0,1,0,5,5,21,16,1,2,1,1
701-1133,V12,18 APR 2013,,6,0,10,1,3,0,4,4,22,14,0,0,0,0
701-1133,V3,28 OCT 2012,,7,0,9,0,1,0,2,2,24,12,0,0,1,0
701-1133,V8,24 DEC 2012,,6,0,9,0,1,0,4,3,22,240,1,2,1,2
701-1146,ET,30 JUN 2013,,4,0,9,0,0,1,0,3,19,13,0,0,0,2
701-1146,V3,20 MAY 2013,,5,0,9,0,0,1,0,4,17,3,1,0,0,0
701-1148,V10,13 DEC 2013,,4,0,4,0,2,0,0,0,34,3,0,0,0,0
701-1148,V12,08 FEB 2014,,6,0,5,0,1,0,0,0,39,2,0,0,0,0
701-1148,V3,23 AUG 2013,,4,0,3,0,0,0,0,1,29,4,0,0,0,0
701-1148,V8,18 OCT 2013,X,,,,,,,,,,,,,,
701-1153,V10,08 JAN 2014,,10,5,10,2,2,1,8,12,3,20,4,3,3,5
701-1153,V12,11 MAR 2014,,10,4,10,1,2,1,8,11,5,28,4,3,3,5
701-1153,V3,23 SEP 2013,,10,4,10,3,2,1,6,10,1,15,2,2,3,5
701-1153,V8,18 NOV 2013,,10,4,10,2,1,0,7,12,4,17,2,2,2,5
701-1180,ET,23 MAR 2013,,5,5,9,3,4,0,0,9,9,2,0,1,1,3
701-1180,V3,12 FEB 2013,,7,2,8,2,4,0,2,9,16,5,1,1,1,1
701-1181,ET,12 DEC 2013,,9,2,10,1,1,2,7,12,25,22,0,1,1,3
701-1181,V201,23 MAY 2014,,8,3,10,1,1,3,7,9,21,8,1,1,2,2
701-1181,V3,05 DEC 2013,,7,3,10,1,1,3,5,7,0,10,1,1,0,3
701-1188,ET,25 MAR 2013,,4,0,5,0,1,0,0,3,36,4,0,0,0,0
701-1188,V201,04 AUG 2013,,5,0,7,0,0,0,0,2,34,6,0,0,0,0
701-1188,V3,15 FEB 2013,,5,0,6,0,0,0,0,3,26,4,0,0,0,0
701-1192,V10,15 NOV 2012,,4,0,8,0,3,0,2,2,33,10,1,1,1,1
701-1192,V12,11 JAN 2013,,4,0,7,0,3,0,2,1,37,5,1,1,0,0
701-1192,V3,22 JUL 2012,,3,0,4,0,2,0,3,1,35,3,0,0,0,0
701-1192,V8,23 SEP 2012,,5,2,6,0,1,0,3,1,34,4,0,0,0,0
701-1203,V10,25 MAY 2013,,6,1,10,0,2,0,3,8,27,7,0,0,0,0
701-1203,V12,22 JUL 2013,,6,1,10,0,1,0,1,6,21,4,0,1,0,0
701-1203,V3,02 FEB 2013,,5,1,10,1,2,0,2,8,30,10,0,1,1,1
701-1203,V8,30 MAR 2013,,6,1,10,0,2,1,2,4,24,6,1,1,1,1
701-1211,V3,15 NOV 2012,,10,3,10,4,3,3,6,11,9,27,3,4,3,5
701-1211,V8,08 JAN 2013,,9,4,10,5,4,5,7,11,2,82,4,4,4,5
701-1234,V10,27 JUL 2013,,3,0,3,0,1,0,0,1,34,2,0,0,0,0
701-1234,V12,10 SEP 2013,,4,0,6,0,1,0,0,1,36,2,0,0,0,0
701-1234,V3,30 MAR 2013,,4,0,6,0,1,0,0,2,38,3,0,0,0,0
701-1234,V8,26 MAY 2013,,3,0,4,0,2,0,0,1,38,2,1,0,0,0
701-1239,V10,02 MAY 2014,,2,0,1,0,1,0,0,3,39,4,0,0,0,0
701-1239,V12,27 JUN 2014,,3,0,1,1,0,0,0,1,36,6,0,0,0,0
701-1239,V3,11 JAN 2014,,2,0,4,1,2,1,0,3,24,4,0,0,0,0
701-1239,V8,06 MAR 2014,,4,0,2,0,2,0,0,3,32,4,0,0,0,0
701-1275,ET,14 JUN 2014,,5,1,5,2,0,0,3,1,32,2,1,0,1,0
701-1275,V3,07 FEB 2014,,6,2,9,0,0,0,0,2,37,2,1,0,1,0
701-1275,V8,05 APR 2014,,5,2,6,0,0,0,2,2,24,2,1,0,0,0
701-1287,V10,15 MAY 2014,,4,1,2,0,2,0,0,0,38,5,0,0,0,1
701-1287,V12,12 JUL 2014,,4,1,4,0,1,0,0,1,37,240,0,0,0,0
701-1287,V3,25 JAN 2014,,4,1,4,0,1,0,0,1,36,9,0,0,0,2
701-1287,V8,21 MAR 2014,,5,1,4,0,3,0,0,1,32,3,0,1,1,1
701-1294,ET,14 JUN 2013,,3,0,5,0,0,0,0,1,34,2,0,1,1,0
701-1294,V201,08 OCT 2013,,5,0,8,0,2,0,0,2,28,1,0,0,0,0
701-1294,V3,24 MAR 2013,,3,2,5,0,2,0,1,1,28,2,0,0,0,0
701-1294,V8,22 MAY 2013,,4,0,4,4,0,0,1,1,28,2,1,1,1,1
701-1302,ET,05 NOV 2013,,5,0,7,0,0,0,0,4,34,2,0,0,0,0
701-1302,V201,13 FEB 2014,,4,0,7,0,0,0,0,2,34,5,0,0,0,0
701-1302,V3,29 AUG 2013,,5,0,8,0,0,0,0,2,33,3,0,0,0,0
701-1302,V8,22 OCT 2013,,5,0,6,0,0,0,1,4,22,4,0,0,0,0
701-1317,V10,11 SEP 2014,,5,0,7,0,3,0,1,3,32,2,0,0,0,0
701-1317,V12,06 NOV 2014,,7,0,9,0,3,0,2,5,35,4,0,0,0,1
701-1317,V3,22 MAY 2014,,5,1,10,0,2,1,1,3,23,5,0,0,0,0
701-1317,V8,22 JUL 2014,,6,1,10,1,3,0,2,4,33,2,0,2,1,2
701-1324,V10,22 JAN 2013,,5,1,7,0,0,0,1,2,30,6,0,0,1,0
701-1324,V12,19 MAR 2013,,5,0,10,0,0,0,0,6,36,6,0,0,0,0
701-1324,V3,02 OCT 2012,,5,0,9,0,0,1,1,3,32,5,0,0,0,0
701-1324,V8,25 NOV 2012,,6,1,7,0,0,0,1,6,29,9,0,0,0,0
701-1341,ET,07 FEB 2013,,3,0,2,0,0,0,2,1,36,2,0,0,0,0
701-1341,V3,05 JAN 2013,,4,0,4,0,0,0,0,3,32,2,0,0,0,0
701-1345,ET,18 MAR 2014,,7,0,10,0,1,0,3,4,20,4,1,1,0,2
701-1345,V10,27 JAN 2014,,6,0,9,0,1,0,2,4,23,20,0,0,0,0
701-1345,V3,08 OCT 2013,,6,1,10,0,1,0,1,4,20,3,0,0,0,0
701-1345,V8,03 DEC 2013,,7,0,10,0,1,1,2,6,20,6,0,0,0,0
701-1360,ET,14 AUG 2013,,5,0,6,0,1,1,1,1,26,4,0,0,0,0
701-1360,V201,11 FEB 2014,,5,0,8,0,2,0,1,3,26,6,0,0,0,0
701-1360,V3,31 JUL 2013,,4,0,6,0,1,1,2,3,24,2,0,0,0,1
701-1363,V10,18 SEP 2013,,6,1,10,0,3,1,2,5,15,30,1,1,1,1
701-1363,V12,13 NOV 2013,,6,1,10,0,4,0,4,3,8,20,0,0,0,0
701-1363,V3,30 MAY 2013,,7,0,10,0,1,1,2,4,15,11,0,0,0,0
701-1363,V8,24 JUL 2013,,7,1,9,0,3,0,1,5,14,9,0,0,1,0
701-1383,V10,30 MAY 2013,,6,0,9,0,2,0,0,5,31,5,0,0,0,0
701-1383,V12,30 JUL 2013,,3,0,7,0,1,0,2,3,35,3,0,0,0,0
701-1383,V3,04 FEB 2013,,4,0,6,0,1,0,4,2,31,3,0,0,0,0
701-1383,V8,02 APR 2013,,4,0,7,0,1,0,3,4,20,4,0,0,0,0
701-1387,ET,25 MAR 2014,,8,3,10,3,4,3,5,9,0,240,1,3,1,4
701-1387,V201,27 AUG 2014,,9,3,10,3,5,5,7,10,0,240,4,4,4,5
701-1387,V3,12 MAR 2014,,9,4,10,2,4,2,7,6,0,240,1,3,2,4
701-1392,V10,17 FEB 2013,,4,0,7,0,2,0,2,8,30,12,1,0,0,1
701-1392,V12,15 APR 2013,,4,1,5,0,2,0,2,6,33,5,1,1,0,0
701-1392,V3,28 OCT 2012,,5,0,6,0,1,0,2,4,32,4,0,0,0,0
701-1392,V8,20 DEC 2012,,5,0,5,0,1,0,1,6,32,4,0,0,0,0
701-1415,V10,14 JAN 2014,,7,0,10,0,1,2,7,11,9,7,0,0,0,1
701-1415,V12,10 MAR 2014,,7,0,10,0,1,3,6,11,10,7,0,1,1,2
701-1415,V3,23 SEP 2013,,8,0,10,0,2,0,5,5,12,6,1,0,0,0
701-1415,V8,21 NOV 2013,,8,0,8,0,2,2,4,9,13,7,1,0,0,0
701-1429,ET,30 APR 2013,,7,1,10,1,1,1,7,8,10,240,0,3,2,3
701-1429,V3,19 MAR 2013,,8,2,10,1,2,1,6,4,0,15,0,2,2,5
701-1440,V10,27 NOV 2013,,7,1,10,0,2,2,1,2,33,10,0,0,0,0
701-1440,V12,22 JAN 2014,,7,1,10,1,2,0,3,5,36,9,2,1,1,3
701-1440,V3,08 AUG 2013,,6,1,10,0,1,0,1,1,32,5,1,0,1,0
701-1440,V8,03 OCT 2013,,8,1,9,1,2,1,2,4,29,5,1,0,0,0
701-1442,V10,15 FEB 2014,,6,1,7,3,2,1,3,7,22,6,0,3,1,3
701-1442,V12,17 APR 2014,,4,0,3,2,3,0,3,6,21,11,0,1,0,1
701-1442,V3,26 OCT 2013,,6,1,10,3,2,1,3,8,11,7,0,1,1,3
701-1442,V8,26 DEC 2013,,5,1,6,3,3,1,6,8,10,7,1,3,2,3
701-1444,ET,13 FEB 2013,,5,0,5,0,0,0,0,2,30,2,0,0,0,1
701-1444,V201,20 JUN 2013,,6,0,6,0,0,0,1,1,24,2,0,0,0,1
701-1444,V3,05 JAN 2013,,5,0,6,0,0,0,0,1,21,1,0,0,0,0
702-1082,ET,17 NOV 2013,,4,0,4,0,2,0,0,0,23,4,0,0,2,0
702-1082,V3,26 JUL 2013,,4,0,4,0,1,0,1,1,28,6,0,0,2,0
702-1082,V8,28 SEP 2013,,4,0,4,0,2,0,2,1,36,4,0,0,2,0
703-1042,V10,22 JUN 2013,,4,1,2,0,1,0,0,0,34,25,0,1,0,0
703-1042,V12,09 AUG 2013,,4,0,6,0,1,0,0,4,36,2,0,0,0,0
703-1042,V3,02 MAR 2013,,4,0,7,0,2,0,1,6,35,6,0,0,0,1
703-1042,V8,27 APR 2013,,6,0,6,0,2,0,0,1,23,7,0,0,0,0
703-1076,ET,24 DEC 2013,,6,0,10,0,1,0,1,2,31,12,0,1,0,0
703-1076,V3,25 OCT 2013,,4,0,5,0,1,0,0,1,26,4,0,0,0,0
703-1076,V8,17 DEC 2013,,4,0,5,0,1,0,1,2,28,17,1,0,1,0
703-1086,ET,24 DEC 2012,,10,3,10,2,0,2,4,7,27,20,2,1,3,5
703-1086,V201,26 MAR 2013,,10,2,10,2,0,1,4,8,36,5,2,2,3,5
703-1086,V3,02 SEP 2012,,9,2,10,2,1,1,4,10,38,5,2,2,4,5
703-1086,V8,27 OCT 2012,,8,3,10,1,1,1,5,6,26,5,2,1,3,5
703-1096,V3,25 JAN 2013,,4,0,9,0,3,0,4,3,39,4,0,0,1,1
703-1100,V10,03 JUL 2013,,5,0,7,1,1,0,2,3,33,15,0,0,0,2
703-1100,V12,28 AUG 2013,,7,0,10,2,2,0,6,3,20,32,0,0,0,3
703-1100,V3,13 MAR 2013,,6,0,9,0,2,0,5,11,28,6,1,2,1,3
703-1100,V8,08 MAY 2013,,5,1,9,0,1,0,6,4,38,8,0,1,0,1
703-1119,ET,13 JUN 2013,,8,0,10,1,2,0,6,11,19,24,0,1,1,1
703-1119,V201,24 AUG 2013,,9,1,10,1,2,0,5,7,10,72,0,0,0,1
703-1119,V3,20 FEB 2013,,8,1,9,3,3,1,7,6,13,20,1,2,1,2
703-1119,V8,19 APR 2013,,7,1,9,1,0,0,5,7,16,11,0,1,0,1
703-1175,ET,31 DEC 2013,,10,5,10,5,4,5,6,,0,21,4,3,4,5
703-1175,V3,20 DEC 2013,,9,5,10,3,4,5,7,12,2,63,4,3,4,5
703-1182,ET,12 DEC 2013,,4,0,9,0,1,0,5,3,36,3,0,0,1,0
703-1182,V3,17 OCT 2013,,5,0,10,0,1,0,4,1,40,4,0,0,0,0
703-1197,ET,22 JUL 2013,,7,1,10,2,3,4,4,5,10,40,4,3,4,5
703-1197,V3,16 JUN 2013,,8,1,10,2,3,4,4,6,10,40,4,3,4,5
703-1210,V10,05 JUL 2013,,7,0,10,0,1,0,4,7,19,7,1,1,0,0
703-1210,V12,24 AUG 2013,,7,2,9,0,0,0,4,5,21,8,1,1,0,0
703-1210,V3,16 MAR 2013,,9,0,10,0,1,0,5,5,27,4,1,1,0,1
703-1210,V8,10 MAY 2013,,8,0,10,0,0,0,5,6,20,8,1,1,2,4
703-1258,V10,05 NOV 2012,,9,2,10,2,3,5,6,,1,240,1,0,1,5
703-1258,V12,31 DEC 2012,,9,2,10,3,4,5,6,,0,240,0,0,1,5
703-1258,V3,20 JUL 2012,,7,3,10,2,4,5,7,12,3,90,0,1,3,5
703-1258,V8,14 SEP 2012,,7,2,10,2,3,5,7,12,0,240,0,1,2,5
703-1279,V3,13 MAY 2013,,9,3,10,1,1,2,6,3,29,7,0,1,1,1
703-1295,V10,13 MAR 2014,,7,1,10,0,2,0,3,4,15,30,0,1,0,1
703-1295,V3,21 NOV 2013,,7,1,10,0,3,0,1,4,21,30,0,1,1,1
703-1295,V8,15 JAN 2014,,6,1,10,0,2,0,2,6,25,28,0,0,1,0
703-1299,V10,02 JAN 2013,,5,1,6,0,0,0,2,1,27,20,1,1,1,0
703-1299,V12,01 MAR 2013,,2,0,4,0,2,0,3,0,21,8,1,1,2,0
703-1299,V3,12 SEP 2012,,3,0,3,0,0,0,0,1,40,20,0,1,0,0
703-1299,V8,07 NOV 2012,,2,1,3,0,1,0,0,1,17,75,0,1,1,0
703-1335,ET,24 MAY 2014,,10,3,10,4,3,4,7,,0,240,5,5,5,5
703-1335,V3,17 MAR 2014,,10,2,10,3,4,5,6,12,0,35,4,4,4,3
703-1379,V10,11 JAN 2014,,10,2,10,3,3,2,7,,0,35,4,4,4,5
703-1379,V12,08 MAR 2014,,9,2,10,2,1,2,7,9,7,80,1,3,1,3
703-1379,V3,22 SEP 2013,,8,2,10,2,2,2,7,11,9,240,4,4,4,5
703-1379,V8,17 NOV 2013,,9,2,10,3,2,1,7,12,0,25,4,4,4,5
703-1403,V3,12 DEC 2012,,6,0,7,0,1,0,1,6,31,4,0,0,0,0
703-1439,V10,30 JUN 2014,,8,1,10,0,1,0,3,8,24,10,0,0,1,5
703-1439,V12,28 AUG 2014,,8,1,10,0,1,0,2,3,38,20,0,0,0,4
703-1439,V3,12 MAR 2014,,7,2,10,0,2,0,3,7,36,14,0,1,1,2
703-1439,V8,05 MAY 2014,,7,4,10,0,1,0,4,6,28,5,0,0,0,2
704-1008,ET,25 FEB 2013,,6,0,8,2,2,0,3,3,10,240,1,1,3,0
704-1008,V3,13 JAN 2013,,7,0,6,1,3,0,0,0,13,11,0,2,1,1
704-1009,ET,02 OCT 2013,,7,3,9,0,1,2,2,4,10,7,1,2,2,2
704-1009,V3,27 AUG 2013,,8,2,10,2,0,1,1,4,16,15,1,1,2,0
704-1010,ET,09 JUL 2014,,8,1,10,0,2,1,6,10,15,7,0,0,2,0
704-1010,V10,13 JUN 2014,,8,1,10,0,1,1,6,9,13,6,2,1,1,0
704-1010,V3,21 FEB 2014,,8,0,10,1,1,0,6,7,13,4,0,2,1,0
704-1010,V8,24 APR 2014,,8,0,10,0,1,0,5,8,18,16,0,1,0,0
704-1017,ET,24 NOV 2013,,8,0,10,1,1,1,6,11,7,19,0,1,0,1
704-1017,V3,06 OCT 2013,,8,0,10,1,2,2,5,6,15,7,0,1,2,0
704-1025,ET,29 NOV 2013,,9,2,9,0,2,1,3,4,9,27,1,0,3,0
704-1025,V3,27 SEP 2013,,8,2,8,0,2,1,0,2,15,5,0,0,4,0
704-1065,ET,24 DEC 2013,,8,0,10,2,1,1,6,7,19,5,2,2,3,3
704-1065,V3,24 OCT 2013,,8,0,9,1,1,1,4,3,12,3,0,2,1,0
704-1065,V8,20 DEC 2013,,8,0,10,2,1,1,5,8,19,7,2,2,2,3
704-1074,ET,31 MAR 2014,,7,0,10,0,3,2,4,8,13,6,0,0,0,0
704-1074,V3,22 JAN 2014,,8,1,10,0,2,1,6,7,18,5,0,0,1,0
704-1093,ET,20 JUN 2013,,7,1,9,0,1,0,3,6,29,5,0,0,2,0
704-1093,V201,25 DEC 2013,,5,1,10,0,0,0,4,6,26,3,0,0,2,0
704-1093,V3,15 MAR 2013,,6,1,10,0,0,0,4,6,29,4,0,0,0,0
704-1093,V8,11 MAY 2013,,7,1,10,0,0,0,5,6,23,5,0,0,2,0
704-1114,ET,08 JUL 2013,,6,0,10,0,1,1,3,8,23,23,0,0,1,0
704-1114,V10,14 MAY 2013,,5,0,10,0,1,0,5,8,21,19,0,0,0,0
704-1114,V3,23 JAN 2013,,6,0,9,1,1,1,5,6,19,4,0,1,0,0
704-1114,V8,26 MAR 2013,,7,0,10,0,1,1,4,7,19,7,1,0,1,0
704-1120,ET,03 FEB 2014,,8,0,10,1,0,1,6,7,,6,0,1,1,0
704-1120,V3,02 DEC 2013,,8,0,10,2,1,1,5,7,3,5,0,2,0,1
704-1120,V8,27 JAN 2014,,8,0,10,1,2,1,6,4,40,240,2,3,2,1
704-1127,V10,21 JAN 2014,,7,0,10,0,1,0,3,5,31,12,0,0,1,0
704-1127,V12,17 MAR 2014,,6,0,10,1,2,0,6,9,32,240,0,1,0,0
704-1127,V3,02 OCT 2013,,7,0,10,0,2,0,6,4,27,8,0,0,0,0
704-1127,V8,26 NOV 2013,,7,0,10,0,1,0,5,9,25,6,1,0,1,0
704-1135,V10,19 FEB 2014,,6,0,9,0,1,1,3,9,23,7,0,0,2,0
704-1135,V12,01 MAY 2014,,6,0,10,0,1,0,5,6,24,15,0,1,1,0
704-1135,V3,31 OCT 2013,,7,1,10,0,1,0,2,4,31,4,1,1,0,2
704-1135,V8,25 DEC 2013,,8,0,10,0,0,0,1,5,20,5,1,0,1,0
704-1164,V10,14 JAN 2013,,7,0,10,0,0,0,4,10,31,9,0,0,0,0
704-1164,V12,17 MAR 2013,,8,0,10,0,0,1,5,10,29,11,1,0,0,0
704-1164,V3,19 SEP 2012,,7,0,10,0,2,1,5,6,26,7,0,0,0,0
704-1164,V8,15 NOV 2012,,6,0,10,0,0,0,4,6,27,11,0,0,0,0
704-1218,V10,18 MAR 2013,,7,2,10,0,2,2,6,6,17,6,0,0,0,0
704-1218,V12,13 MAY 2013,,8,0,10,1,2,1,5,6,13,240,0,0,1,0
704-1218,V3,19 NOV 2012,,8,1,10,0,2,1,6,2,22,9,0,1,1,0
704-1218,V8,14 JAN 2013,,8,1,10,1,2,2,6,4,28,14,0,1,1,0
704-1233,V10,11 JUL 2013,,8,2,10,1,2,2,6,8,14,240,2,3,4,0
704-1233,V3,21 MAR 2013,,8,2,10,1,2,0,3,5,19,240,2,2,4,3
704-1233,V8,16 MAY 2013,,9,3,10,1,2,2,4,7,15,23,2,3,4,0
704-1241,ET,31 OCT 2013,,6,1,10,0,1,0,4,4,27,2,1,2,0,0
704-1241,V3,25 AUG 2013,,7,1,10,0,1,0,3,5,24,6,0,0,0,0
704-1260,V3,30 AUG 2012,,6,0,10,1,1,5,7,1,7,36,1,1,2,0
704-1260,V8,24 OCT 2012,,6,0,10,0,1,4,8,1,10,107,0,2,2,0
704-1266,ET,06 DEC 2013,,6,0,9,0,1,1,7,6,11,40,1,1,1,0
704-1266,V3,13 OCT 2013,,7,0,10,0,1,1,3,5,7,12,1,0,0,0
704-1323,V3,08 JUL 2013,,6,1,9,0,3,1,2,3,15,11,0,1,0,0
704-1325,ET,06 AUG 2014,,9,2,10,1,1,0,5,8,26,12,3,2,1,0
704-1325,V3,23 APR 2014,,7,1,10,0,1,0,3,6,13,5,0,2,0,0
704-1325,V8,18 JUN 2014,,7,2,10,0,0,0,2,10,26,6,2,0,3,0
704-1332,V3,09 DEC 2013,,7,0,9,0,2,0,2,3,28,8,0,0,0,0
704-1332,V8,03 FEB 2014,,6,0,10,0,1,0,1,3,26,240,1,0,0,0
704-1351,V10,26 JAN 2014,,7,0,9,0,2,1,3,3,26,240,0,0,1,0
704-1351,V12,04 APR 2014,,7,0,8,0,2,1,2,4,29,3,0,2,0,0
704-1351,V3,12 OCT 2013,,6,2,10,0,2,1,2,2,22,240,0,1,1,0
704-1351,V8,02 DEC 2013,,6,0,9,0,2,1,3,5,21,240,0,1,1,0
704-1388,V10,27 MAR 2013,,6,0,10,0,2,0,5,5,33,17,0,0,0,0
704-1388,V12,23 MAY 2013,,6,0,10,0,2,0,5,6,18,6,0,0,0,0
704-1388,V3,07 DEC 2012,,6,0,10,0,1,0,6,4,21,3,0,0,0,0
704-1388,V8,30 JAN 2013,,6,0,10,0,2,1,4,4,16,7,0,0,0,0
704-1435,ET,12 JAN 2013,,6,3,8,1,2,0,3,3,1,7,0,2,0,1
704-1435,V3,17 NOV 2012,,6,1,4,1,2,0,5,3,16,5,1,1,0,0
704-1445,V10,03 SEP 2014,,7,0,8,0,1,0,2,3,7,6,0,0,2,0
704-1445,V3,11 MAY 2014,,6,0,6,0,0,0,1,1,11,4,0,0,0,0
704-1445,V8,09 JUL 2014,,7,1,10,0,0,0,2,3,10,6,0,0,0,0
705-1018,V3,05 JUL 2013,,6,3,7,1,1,0,1,7,35,2,0,0,1,1
705-1031,ET,11 MAY 2014,,4,1,2,0,2,0,0,1,37,3,0,0,0,0
705-1031,V10,20 MAR 2014,,4,1,2,0,2,0,0,1,37,2,0,0,0,0
705-1031,V3,27 NOV 2013,,3,1,0,0,1,0,0,0,36,2,0,0,0,0
705-1031,V8,23 JAN 2014,,4,0,4,0,1,0,0,0,35,2,0,0,0,0
705-1059,ET,05 DEC 2013,,7.3,2,10,1,2,1,6,3,17,5,0,0,1,0
705-1059,V201,06 FEB 2014,,8,2,0,0,3,1,5,8,,6,0,0,1,0
705-1059,V3,05 AUG 2013,,8,1,10,0,2,1,7,6,15,10,0,1,1,2
705-1059,V8,03 OCT 2013,,7,1,10,1,2,1,7,4,13,7,0,0,0,0
705-1186,V3,08 JAN 2014,,7,2,10,0,2,2,4,9,,9,0,0,2,0
705-1199,ET,29 SEP 2013,,4,0,7,0,0,0,1,3,30,5,0,0,0,0
705-1199,V3,16 SEP 2013,,6,0,10,0,0,0,2,2,12,3,0,0,0,0
705-1280,V10,16 MAY 2014,,3,0,2,0,1,0,0,2,35,2,0,0,0,0
705-1280,V12,11 JUL 2014,,2,0,3,0,1,0,0,1,37,2,0,0,0,0
705-1280,V3,17 JAN 2014,,3,0,1,0,1,0,0,1,33,2,0,0,0,0
705-1280,V8,21 MAR 2014,,1,0,2,0,1,1,0,2,30,2,0,0,0,0
705-1281,ET,17 MAR 2014,,5,1,4,0,0,0,1,10,34,7,0,0,0,0
705-1281,V3,28 NOV 2013,,7,2,7,0,1,1,2,1,37,14,0,0,0,0
705-1281,V8,21 JAN 2014,,4,1,7,0,0,0,1,2,30,21,0,0,0,0
705-1282,V10,16 APR 2013,,9,4,10,4,3,2,8,12,17,29,0,2,3,5
705-1282,V12,11 JUN 2013,,10,4,10,4,3,5,8,10,1,,0,3,4,5
705-1282,V3,26 DEC 2012,,9,4,10,4,4,2,7,11,4,35,0,2,2,5
705-1282,V8,20 FEB 2013,,9,3,10,3,2,1,6,9,9,12,0,2,2,5
705-1292,V10,03 MAR 2014,,4,1,2,0,2,0,3,0,27,13,0,0,0,0
705-1292,V12,28 APR 2014,,4,1,2,0,1,0,1,1,29,10,0,0,0,0
705-1292,V3,14 OCT 2013,,4,2,4,0,2,0,3,4,18,9,0,1,1,0
705-1292,V8,02 JAN 2014,,2,1,1,0,2,0,1,2,30,8,0,0,0,0
705-1303,V10,07 APR 2014,,7,1,10,0,0,0,2,7,24,5,0,0,0,0
705-1303,V3,16 DEC 2013,,7,1,10,0,0,0,2,4,23,9,0,0,0,0
705-1303,V8,10 FEB 2014,,7,1,8,0,0,1,3,4,21,3,0,0,0,0
705-1310,ET,23 JAN 2014,,7,1,10,0,1,1,6,12,15,22,0,0,1,0
705-1310,V3,02 NOV 2013,,7,1,9,1,1,2,2,12,23,7,0,0,1,0
705-1310,V8,26 DEC 2013,,6,1,8,1,1,0,5,12,22,10,0,0,0,0
705-1349,V10,25 JUN 2013,,8,2,10,3,3,5,6,12,,,3,2,3,0
705-1349,V12,25 AUG 2013,,5,1,5,1,1,0,2,8,,5,3,0,3,0
705-1349,V3,10 MAR 2013,,6,1,7,3,2,2,4,5,,6,1,0,0,0
705-1349,V8,01 MAY 2013,,6,0,6,1,3,0,2,4,,2,1,0,0,0
705-1377,V3,04 JAN 2014,,6,2,10,0,1,1,6,3,11,26,0,1,0,0
705-1382,V3,13 MAY 2013,,6,2,9,0,1,1,6,6,20,5,1,0,1,0
705-1393,ET,20 FEB 2013,,7,2,10,1,3,1,7,7,,,0,0,1,0
705-1393,V10,02 JAN 2013,,7,1,10,0,3,0,5,3,,20,0,0,0,0
705-1393,V3,07 SEP 2012,,7,1,8,0,3,0,6,3,9,31,0,0,0,0
705-1393,V8,02 NOV 2012,,6,1,9,0,3,0,7,3,,33,0,0,1,0
705-1431,V10,17 OCT 2013,,4,3,3,3,0,1,1,2,31,10,0,0,0,0
705-1431,V12,05 DEC 2013,,2,3,3,3,0,0,2,1,33,6,0,0,0,0
705-1431,V3,23 JUN 2013,,7,3,4,4,0,1,2,1,31,4,0,0,1,0
705-1431,V8,21 AUG 2013,,3,3,6,3,2,2,2,4,28,3,0,0,0,0
706-1041,V10,06 MAY 2014,,8.33,0,10,3,2,3,6,9,6,240,1,3,2,3
706-1041,V12,15 JUL 2014,,8,1,10,3,3,3,5,5,8,240,0,2,2,3
706-1041,V3,31 DEC 2013,,7,1,10,0,3,3,4,7,14,63,1,3,1,1
706-1041,V8,04 MAR 2014,,9,1,,3,1,3,4,7,,,1,2,2,2
706-1049,ET,25 JUN 2013,,8,0,8,1,2,0,3,4,15,48,0,1,0,2
706-1049,V201,26 NOV 2013,,8,0,8,2,2,1,6,6,28,65,1,1,2,2
706-1049,V3,14 MAY 2013,,7,0,8,2,3,1,0,3,15,74,0,1,0,1
706-1384,ET,29 SEP 2012,,6,1,10,0,3,1,5,9,20,18,1,1,2,2
706-1384,V201,22 JUN 2013,,6,1,10,0,2,0,3,6,20,11,1,0,2,2
706-1384,V3,15 SEP 2012,,7,2,10,2,1,2,4,6,20,63,0,2,1,2
707-1037,ET,08 JAN 2014,,7,0,6,0,1,0,0,12,37,40,0,0,0,0
707-1037,V3,20 DEC 2013,,7,0,5,0,0,0,1,9,40,10,0,0,0,0
707-1206,V10,16 FEB 2014,,9,2,7,0,0,1,5,12,35,5,0,0,0,0
707-1206,V12,13 APR 2014,,8,5,6,1,0,1,6,12,36,3,1,1,1,1
707-1206,V3,28 OCT 2013,,8,1,9,1,1,2,4,4,38,30,0,0,0,0
707-1206,V8,23 DEC 2013,,8,0,6,0,1,1,5,5,38,240,0,0,0,0
708-1019,ET,23 JAN 2014,,8,1,10,1,3,3,7,9,4,2,1,2,1,3
708-1019,V3,20 DEC 2013,,6,1,10,0,3,0,6,6,10,8,0,1,1,1
708-1032,ET,09 MAR 2013,,4,0,8,0,1,0,3,3,20,3,0,0,0,0
708-1032,V3,09 FEB 2013,,4,0,8,0,1,0,2,5,19,2,0,0,0,0
708-1084,V10,01 SEP 2013,,6,1,7,0,1,0,2,4,14,5,0,1,0,1
708-1084,V12,28 OCT 2013,,7,1,10,0,2,0,4,6,27,4,1,1,1,1
708-1084,V3,09 MAY 2013,,6,1,10,0,2,0,2,2,18,7,1,1,1,1
708-1084,V8,07 JUL 2013,,7,0,10,0,1,0,3,5,18,5,0,1,1,1
708-1087,V10,16 FEB 2013,,7,1,7,2,3,2,6,6,18,15,1,1,1,2
708-1087,V12,10 APR 2013,,6,1,9,2,3,1,5,7,19,240,0,0,0,1
708-1087,V3,22 OCT 2012,,7,1,10,0,3,1,2,8,22,20,0,0,1,3
708-1087,V8,22 DEC 2012,,7,0,7,2,2,0,6,3,15,35,2,2,2,2
708-1158,ET,22 MAR 2014,,8,1,10,0,2,1,6,10,11,20,0,0,0,1
708-1158,V3,08 FEB 2014,,8,0,10,0,2,1,3,3,,30,0,0,0,1
708-1171,V10,25 MAR 2013,,8,2,10,1,3,0,7,4,10,45,0,1,1,3
708-1171,V12,20 MAY 2013,,8,1,10,2,2,0,6,6,4,50,0,2,1,2
708-1171,V3,06 DEC 2012,,8,2,10,1,2,0,7,8,9,30,2,2,2,3
708-1171,V8,28 JAN 2013,,7,2,7,2,2,1,6,6,13,240,2,3,2,3
708-1178,ET,06 APR 2014,,9,2,10,0,4,2,7,11,1,35,2,2,3,2
708-1178,V3,29 DEC 2013,,9,2,10,2,4,5,4,11,1,240,2,3,2,3
708-1178,V8,09 MAR 2014,,7,2,10,1,3,2,5,12,3,240,3,3,3,3
708-1213,V3,09 FEB 2013,,6,1,10,0,1,2,8,10,9,30,3,2,3,2
708-1216,ET,06 DEC 2012,,8,2,7,0,1,1,7,4,25,3,0,1,1,2
708-1216,V3,24 OCT 2012,,6,1,10,0,1,1,6,5,30,2,0,1,1,1
708-1236,V3,21 SEP 2013,,5,1,10,0,1,0,2,2,39,3,0,0,0,0
708-1253,V10,02 SEP 2013,,8,3,9,4,3,5,6,10,2,240,2,2,3,3
708-1253,V12,27 OCT 2013,,8,3,10,4,4,5,6,9,1,240,1,2,2,3
708-1253,V3,07 MAY 2013,,9,2,10,4,3,5,5,10,2,14,2,3,2,3
708-1253,V8,09 JUL 2013,,10,2,10,3,3,5,6,10,,240,2,3,2,3
708-1272,ET,04 APR 2013,,7,1,8,0,2,0,5,6,14,8,0,2,1,1
708-1272,V3,06 FEB 2013,,7,1,10,0,1,0,3,5,6,9,1,1,1,2
708-1286,V10,29 DEC 2013,,9,2,10,3,2,3,7,,2,28,2,1,2,5
708-1286,V12,23 FEB 2014,,10,2,10,3,3,3,8,,,,3,4,4,5
708-1286,V3,10 SEP 2013,,10,2,10,1,3,3,6,,4,240,1,2,1,3
708-1286,V8,03 NOV 2013,,9,2,10,2,3,2,7,12,7,210,1,1,1,4
708-1296,V10,02 OCT 2013,,9,2,10,1,1,1,3,8,34,7,3,2,4,2
708-1296,V12,27 NOV 2013,,10,2,10,1,1,1,4,6,36,10,2,2,3,2
708-1296,V3,14 JUN 2013,,9,2,9,0,1,0,3,6,18,240,2,2,3,1
708-1296,V8,07 AUG 2013,,9,1,10,1,1,1,2,6,16,4,3,2,2,2
708-1297,ET,08 MAY 2013,,7,1,9,0,1,1,4,7,33,2,1,1,1,1
708-1297,V3,25 JAN 2013,,6,1,8,0,1,1,1,2,29,2,0,0,0,0
708-1297,V8,19 MAR 2013,,6,0,8,0,1,0,2,4,27,2,0,0,0,1
708-1316,V10,21 DEC 2013,,7,2,9,1,2,1,4,7,18,4,1,1,1,1
708-1316,V12,15 FEB 2014,,8,2,10,0,0,1,4,9,7,3,0,1,0,2
708-1316,V3,23 AUG 2013,,9,1,10,0,1,1,5,7,15,3,1,1,1,1
708-1316,V8,25 OCT 2013,,7,1,9,0,0,1,4,7,11,4,0,1,1,2
708-1336,V10,27 MAR 2013,,8,0,10,2,2,0,7,6,18,20,1,1,1,3
708-1336,V12,22 MAY 2013,,8,1,10,2,2,0,6,11,12,5,0,1,1,2
708-1336,V3,07 DEC 2012,,8,0,10,3,1,0,5,6,19,7,1,1,2,3
708-1336,V8,29 JAN 2013,,8,1,10,2,1,0,5,7,19,7,1,2,3,4
708-1342,V10,20 APR 2013,,7,0,9,0,1,0,0,3,16,3,0,0,0,0
708-1342,V12,15 JUN 2013,,7,0,9,0,1,0,0,3,16,3,0,0,0,0
708-1342,V3,29 DEC 2012,,6,0,10,0,1,0,1,3,21,2,0,1,0,1
708-1342,V8,23 FEB 2013,,7,0,9,2,1,0,2,2,17,3,0,0,0,0
708-1347,ET,18 JUN 2013,,5,0,8,0,1,0,2,4,35,3,0,0,0,0
708-1347,V3,20 APR 2013,,8,1,10,0,1,0,3,5,32,3,0,0,0,0
708-1347,V8,13 JUN 2013,,7,0,10,1,1,0,1,8,25,5,0,0,0,0
708-1348,V10,01 DEC 2013,,8,2,10,3,4,4,6,6,4,240,3,3,2,2
708-1348,V12,03 FEB 2014,,8,2,10,2,3,3,5,9,15,240,1,2,1,1
708-1348,V3,05 AUG 2013,,9,5,10,3,3,2,6,6,36,7,1,2,1,3
708-1348,V8,06 OCT 2013,,8,3,10,2,3,1,6,5,10,240,3,3,3,3
708-1353,ET,10 SEP 2013,,8,2,10,0,0,2,5,6,13,240,1,1,1,2
708-1353,V3,04 JUL 2013,,8,3,10,0,0,0,5,6,9,240,0,1,1,2
708-1372,V3,12 APR 2013,,7,2,8,0,1,3,4,9,15,15,1,1,2,1
708-1378,ET,28 JAN 2014,,5,1,7,0,2,0,2,3,23,17,0,0,0,1
708-1378,V10,12 JAN 2014,,5,1,6,0,2,1,4,8,23,16,1,0,1,1
708-1378,V3,03 SEP 2013,,6,0,7,1,1,0,2,8,21,240,1,0,0,0
708-1378,V8,05 NOV 2013,,7,1,6,0,3,0,1,7,18,30,0,0,1,1
708-1406,V10,16 APR 2014,,7,0,10,0,1,2,5,7,14,3,0,1,1,1
708-1406,V12,16 JUN 2014,,6,1,10,0,1,1,7,8,16,240,0,1,0,2
708-1406,V3,26 DEC 2013,,5,1,10,0,1,0,6,8,17,3,0,1,1,1
708-1406,V8,24 FEB 2014,,6,0,10,0,2,0,6,9,14,6,1,1,1,2
708-1428,ET,31 JAN 2014,,6,0,8,0,2,1,3,7,24,20,0,0,0,1
708-1428,V3,09 NOV 2013,,5,1,9,0,1,1,5,4,22,3,0,0,0,0
709-1001,V10,28 JAN 2014,,8,3,10,3,2,1,5,10,20,55,1,1,3,4
709-1001,V12,17 MAR 2014,,8,2,9,2,3,0,5,,12,20,1,1,1,5
709-1001,V3,08 OCT 2013,,8,2,10,2,1,0,6,4,20,3,0,0,2,3
709-1001,V8,03 DEC 2013,,8,2,10,3,1,0,4,9,15,13,0,0,2,5
709-1007,ET,01 SEP 2012,,10,3,10,3,3,3,7,,0,240,4,3,4,
709-1007,V3,31 JUL 2012,,10,3,10,4,3,5,7,12,0,240,4,3,4,5
709-1020,V10,23 MAR 2013,,7,0,10,0,1,0,3,6,22,7,0,0,1,0
709-1020,V12,18 MAY 2013,,5,0,10,0,2,0,3,4,31,15,0,0,1,0
709-1020,V3,01 DEC 2012,,6,0,10,0,1,0,6,4,26,5,0,0,0,0
709-1020,V8,26 JAN 2013,,6,0,8,0,1,0,3,4,26,12,0,0,0,0
709-1029,V10,16 APR 2013,,9,0,10,1,2,1,6,7,15,9,0,1,2,0
709-1029,V12,12 JUN 2013,,8,2,10,0,2,1,6,9,17,9,1,2,2,2
709-1029,V3,25 DEC 2012,,10,0,10,0,2,1,5,3,19,5,2,1,2,0
709-1029,V8,19 FEB 2013,,9,1,10,0,3,0,4,8,16,7,0,1,0,0
709-1081,ET,10 MAY 2014,,8,1,8,0,1,0,2,9,19,11,0,1,1,1
709-1081,V3,18 JAN 2014,,6,2,9,1,1,0,1,12,12,4,0,1,0,0
709-1081,V8,15 MAR 2014,,7,1,8,0,2,0,0,12,11,8,1,1,1,1
709-1088,V10,02 AUG 2014,,7,0,9,1,3,0,2,6,15,240,1,1,0,0
709-1088,V12,27 SEP 2014,,8,0,9,2,3,0,1,4,21,5,1,1,1,0
709-1088,V3,12 APR 2014,,7,1,10,0,2,0,2,5,17,10,0,0,0,0
709-1088,V8,01 JUN 2014,,8,0,9,1,1,0,1,6,16,12,0,0,0,0
709-1099,V10,14 FEB 2014,,7,1,9,3,3,3,5,6,15,26,2,0,2,3
709-1099,V12,11 APR 2014,,8,1,10,3,3,1,7,8,8,20,2,0,2,3
709-1099,V3,25 OCT 2013,,9,1,9,1,4,1,4,3,12,12,0,0,1,1
709-1099,V8,26 DEC 2013,,9,2,9,1,4,1,5,4,12,20,1,0,2,0
709-1102,ET,31 MAR 2013,,9,1,10,3,4,1,6,,2,3,0,4,3,5
709-1102,V3,15 JAN 2013,,9,1,9,2,1,0,6,,0,240,2,4,3,5
709-1102,V8,12 MAR 2013,,9,1,10,3,1,0,6,,1,5,2,4,3,5
709-1168,ET,27 SEP 2013,,7,1,8,0,2,0,2,3,19,5,0,0,1,1
709-1168,V3,02 AUG 2013,,7,1,9,0,2,0,4,3,21,5,0,0,0,1
709-1217,ET,25 JUN 2013,,7,2,10,3,0,1,5,7,14,4,0,1,2,2
709-1217,V3,04 MAR 2013,,6,1,10,2,0,0,5,7,17,4,0,2,2,0
709-1217,V8,29 APR 2013,,8,3,10,3,0,1,5,7,13,6,0,2,2,3
709-1238,ET,07 AUG 2013,,5,0,9,0,3,1,0,1,35,3,0,0,0,0
709-1238,V3,15 MAY 2013,,4,2,8,0,4,5,0,2,39,3,0,0,0,0
709-1238,V8,02 JUL 2013,,4,1,6,0,2,0,0,3,31,6,0,0,1,0
709-1259,ET,13 JUN 2013,,8,1,8,1,0,0,5,8,29,8,0,0,0,0
709-1259,V10,11 MAY 2013,,8,1,9,1,0,0,5,4,26,7,0,0,0,0
709-1259,V3,26 JAN 2013,,6,0,10,1,0,0,3,5,32,3,0,0,0,0
709-1259,V8,23 MAR 2013,,7,1,9,1,1,0,4,7,21,3,0,0,0,0
709-1285,V3,24 MAR 2013,,8,2,10,3,1,0,2,9,,,0,0,1,3
709-1285,V8,19 MAY 2013,,9,2,10,1,1,1,4,7,9,6,0,0,0,0
709-1301,V10,08 NOV 2013,,10,5,10,4,3,5,8,12,2,240,3,4,4,5
709-1301,V12,04 JAN 2014,,10,3,10,4,3,4,7,12,0,240,3,3,4,5
709-1301,V3,19 JUL 2013,,9,3,10,4,3,5,6,9,0,240,2,2,3,5
709-1301,V8,13 SEP 2013,,10,4,10,4,3,5,7,11,0,240,3,4,4,5
709-1306,V10,28 MAY 2014,,7,0,0,2,3,1,3,10,,35,2,2,2,1
709-1306,V3,03 FEB 2014,,8,0,9,2,3,1,3,7,16,10,2,2,2,1
709-1306,V8,02 APR 2014,,6,0,9,0,3,3,1,10,16,45,2,2,2,1
709-1309,V10,16 OCT 2013,,5,1,8,2,3,0,4,4,0,240,0,1,1,2
709-1309,V12,05 DEC 2013,,6,0,9,3,3,3,4,8,5,15,0,0,2,0
709-1309,V3,19 JUN 2013,,7,1,9,3,3,2,4,3,8,3,0,0,1,2
709-1309,V8,15 AUG 2013,,6,1,8,1,3,0,6,4,2,6,1,2,0,5
709-1312,V10,10 AUG 2014,,8,2,9,2,3,0,2,8,24,10,0,0,2,0
709-1312,V12,05 OCT 2014,,8,1,10,3,1,0,2,7,23,4,0,0,1,0
709-1312,V3,20 APR 2014,,8,2,10,1,2,0,3,4,25,3,0,0,1,0
709-1312,V8,13 JUN 2014,,8,1,9,1,3,0,1,10,17,6,0,0,1,1
709-1326,V10,26 JUL 2013,,10,4,10,4,1,2,8,,,5,2,2,2,5
709-1326,V12,20 SEP 2013,,9,4,10,3,1,2,8,,0,6,2,2,2,5
709-1326,V3,05 APR 2013,,9,3,10,3,1,1,7,,9,6,2,3,2,5
709-1326,V8,01 JUN 2013,,9,4,10,3,1,2,8,,1,12,2,2,2,5
709-1329,ET,29 AUG 2013,,10,2,10,3,2,4,7,,1,25,3,3,3,5
709-1329,V3,15 AUG 2013,,10,1,10,4,2,3,7,10,9,13,3,3,3,5
709-1339,V10,14 APR 2013,,8,1,10,0,0,0,1,3,13,13,0,1,2,0
709-1339,V12,08 JUN 2013,,8,1,10,1,1,0,0,3,16,6,0,2,1,0
709-1339,V3,23 DEC 2012,,7,4,1,0,1,0,2,1,33,,0,1,1,1
709-1339,V8,19 FEB 2013,,7,1,10,0,0,0,0,3,17,9,0,1,1,0
709-1424,ET,08 MAR 2013,,8,1,10,1,1,0,6,12,,4,1,0,1,0
709-1424,V3,03 MAR 2013,,8,1,10,1,1,0,5,12,24,2,1,0,1,0
710-1002,ET,18 JAN 2014,,8,2,8,1,1,0,3,3,16,76,0,1,1,0
710-1002,V3,14 JAN 2014,,7,1,7,1,2,0,2,2,24,4,0,0,1,0
710-1006,V10,01 JUN 2013,,8,3,10,2,2,0,7,11,14,34,1,1,2,0
710-1006,V12,27 JUL 2013,,7,2,10,1,1,1,7,7,10,25,1,1,2,1
710-1006,V3,10 FEB 2013,,8,2,10,2,1,0,5,9,12,21,0,1,2,0
710-1006,V8,06 APR 2013,,8,1,10,3,1,1,7,12,4,18,0,1,2,0
710-1021,V3,27 SEP 2013,,8,2,10,3,1,1,5,10,6,53,2,2,2,5
710-1027,V10,20 JUN 2014,,6,1,6,0,3,0,4,5,11,26,0,2,2,0
710-1027,V12,19 AUG 2014,,6,1,7,1,3,0,1,3,12,22,0,2,2,0
710-1027,V3,28 FEB 2014,,5,1,5,1,3,0,4,2,19,12,0,2,1,0
710-1027,V8,24 APR 2014,,6,1,6,1,3,0,0,3,7,16,0,2,1,0
710-1045,ET,17 AUG 2013,,8,2,10,2,2,0,5,12,13,52,0,2,1,5
710-1045,V3,03 JUN 2013,,8,2,10,0,1,0,5,8,20,59,1,2,1,1
710-1045,V8,29 JUL 2013,,8,2,10,1,2,0,4,9,16,26,1,2,1,1
710-1053,ET,15 FEB 2013,,7,1,7,1,1,0,1,8,35,45,1,1,1,0
710-1053,V3,26 DEC 2012,,4,0,9,0,0,0,3,7,34,19,1,0,0,0
710-1060,V10,23 APR 2013,,5,1,9,1,1,0,5,3,19,14,0,0,1,0
710-1060,V12,21 JUN 2013,,6,0,10,0,1,0,5,1,11,11,0,0,1,0
710-1060,V3,01 JAN 2013,,6,0,8,0,1,0,4,3,13,7,0,0,1,0
710-1060,V8,26 FEB 2013,,6,0,8,0,1,1,2,5,15,26,0,0,1,0
710-1070,V10,28 DEC 2012,,8,3,10,3,1,1,7,12,6,14,3,3,3,5
710-1070,V3,08 SEP 2012,,8,3,10,5,1,1,7,8,0,13,3,3,2,5
710-1070,V8,05 NOV 2012,,9,3,10,4,1,0,7,12,8,240,3,4,2,5
710-1077,V10,09 MAR 2014,,7,1,9,0,1,1,5,7,22,6,0,0,1,0
710-1077,V12,03 MAY 2014,,6,0,10,0,1,1,5,9,21,10,0,0,1,0
710-1077,V3,17 NOV 2013,,7,1,8,0,1,1,5,5,20,9,0,0,1,0
710-1077,V8,12 JAN 2014,,6,0,10,0,1,1,6,7,20,9,0,0,1,0
710-1078,V10,12 JAN 2014,,8,3,10,0,2,2,3,6,15,240,0,0,1,0
710-1078,V12,08 MAR 2014,,8,2,10,0,1,2,5,10,9,18,0,1,1,1
710-1078,V3,17 SEP 2013,,7,2,10,1,1,1,4,6,15,60,0,1,1,1
710-1078,V8,17 NOV 2013,,8,2,10,1,1,2,5,10,18,57,0,0,1,1
710-1083,V3,22 JUL 2013,,7,1,10,0,1,0,4,5,17,8,0,1,1,0
710-1137,V3,11 OCT 2013,,9,0,10,0,1,0,5,11,14,11,0,2,1,2
710-1142,ET,23 OCT 2012,,6,0,8,0,1,0,0,4,38,7,0,0,0,0
710-1142,V3,02 OCT 2012,,7,0,8,0,1,0,1,1,38,3,0,0,0,0
710-1154,ET,09 MAY 2014,,10,5,10,4,1,2,4,12,8,50,3,3,3,3
710-1154,V3,29 MAR 2014,,9,5,10,4,2,1,5,12,17,32,3,3,3,2
710-1166,V3,30 NOV 2012,,6,0,10,1,1,0,3,6,31,5,0,1,0,0
710-1166,V8,25 JAN 2013,,7,0,10,0,2,0,3,9,25,4,0,1,0,0
710-1183,V10,10 MAR 2014,,6,0,9,0,1,0,2,2,13,21,0,0,0,0
710-1183,V12,03 MAY 2014,,6,0,8,0,1,0,4,0,14,15,0,1,1,0
710-1183,V3,16 NOV 2013,,7,0,10,0,1,0,6,0,21,14,0,1,0,0
710-1183,V8,11 JAN 2014,,6,0,9,0,1,0,4,1,14,15,0,1,0,0
710-1187,V10,02 MAR 2013,,9,4,10,3,3,1,5,12,3,58,1,3,2,1
710-1187,V12,28 APR 2013,,8,4,10,1,2,1,5,9,13,240,0,3,2,2
710-1187,V3,10 NOV 2012,,8,3,10,3,1,0,5,8,16,49,1,3,2,2
710-1187,V8,06 JAN 2013,,8,4,10,1,2,0,7,10,8,30,1,3,2,3
710-1235,V10,15 JAN 2013,,2,0,6,0,2,0,0,3,38,15,1,0,0,0
710-1235,V12,13 MAR 2013,,4,0,6,0,2,0,1,2,37,6,1,0,0,0
710-1235,V3,26 SEP 2012,,4,0,9,0,1,0,3,2,39,5,1,0,0,0
710-1235,V8,21 NOV 2012,,3,0,5,0,1,0,0,3,37,12,1,0,0,0
710-1249,V10,19 APR 2014,,7,0,8,0,2,0,3,6,20,11,0,0,0,0
710-1249,V12,14 JUN 2014,,7,0,10,0,1,1,4,8,22,9,0,0,0,0
710-1249,V3,28 DEC 2013,,8,1,9,0,1,0,1,3,19,23,0,0,0,0
710-1249,V8,22 FEB 2014,,7,0,9,0,1,0,1,4,15,6,1,0,1,0
710-1264,ET,12 OCT 2013,,8,3,10,1,1,1,6,10,21,12,0,3,2,0
710-1264,V10,01 OCT 2013,,8,3,10,2,1,1,7,9,27,10,0,3,1,0
710-1264,V3,13 JUN 2013,,8,3,10,1,1,2,4,10,29,5,0,2,1,0
710-1264,V8,08 AUG 2013,,8,2,10,2,1,1,4,11,25,3,0,2,1,0
710-1270,ET,01 MAR 2014,,9,2,10,3,2,0,5,10,8,240,0,3,1,5
710-1270,V3,12 FEB 2014,,9,1,10,3,2,0,6,8,9,151,0,3,1,5
710-1271,V3,27 SEP 2012,,6,1,10,2,1,0,4,2,17,25,0,1,1,0
710-1278,ET,03 MAR 2013,,9,1,10,1,1,1,4,7,8,7,0,2,2,1
710-1278,V3,24 DEC 2012,,7,1,10,3,1,2,5,5,13,6,0,2,2,2
710-1278,V8,21 FEB 2013,,7,1,10,1,2,2,6,5,9,14,0,2,2,3
710-1300,ET,19 FEB 2013,,8,3,10,2,3,1,7,8,12,42,1,2,1,5
710-1300,V3,15 DEC 2012,,8,3,10,2,1,1,6,7,17,8,1,2,1,5
710-1300,V8,11 FEB 2013,,9,3,10,2,1,1,7,8,13,7,1,1,1,5
710-1314,V3,24 APR 2013,,7,2,10,1,1,1,5,5,29,22,2,3,2,4
710-1315,ET,16 JUL 2013,,8,3,10,2,1,2,4,8,11,11,1,1,1,0
710-1315,V10,18 JUN 2013,,7,2,10,2,2,1,6,6,11,14,0,1,1,0
710-1315,V3,27 FEB 2013,,7,2,10,2,1,1,4,8,13,15,0,2,1,0
710-1315,V8,23 APR 2013,,8,3,10,2,2,2,4,8,8,13,0,1,1,1
710-1354,V10,02 MAR 2013,,7,1,10,0,2,0,1,3,27,6,0,0,1,0
710-1354,V12,21 APR 2013,,7,0,8,0,3,0,2,4,33,6,0,1,1,0
710-1354,V3,11 NOV 2012,,7,2,8,0,2,0,1,3,32,3,0,1,1,0
710-1354,V8,06 JAN 2013,,7,1,10,0,1,0,3,3,30,8,0,0,1,0
710-1358,V10,09 JAN 2013,,9,3,10,0,0,1,7,10,22,77,1,2,1,2
710-1358,V3,17 SEP 2012,,8,2,9,1,0,1,6,6,14,10,0,2,1,1
710-1358,V8,14 NOV 2012,,8,2,10,0,0,1,7,10,20,57,0,2,1,2
710-1368,V10,12 FEB 2014,,9,3,10,3,1,5,7,11,4,30,0,3,2,5
710-1368,V12,09 APR 2014,,8,3,10,1,2,3,7,10,8,35,1,3,3,5
710-1368,V3,23 OCT 2013,,7,3,10,1,1,3,7,11,10,27,0,2,2,5
710-1368,V8,19 DEC 2013,,9,3,10,3,1,0,6,12,2,33,1,2,2,5
710-1385,ET,18 FEB 2013,,7,1,6,0,0,1,1,10,27,5,0,0,1,0
710-1385,V3,29 OCT 2012,,7,2,9,0,1,0,5,9,19,6,0,1,1,1
710-1385,V8,25 DEC 2012,,6,2,8,0,2,0,3,6,20,10,0,1,1,1
710-1408,V10,03 MAY 2013,,4,0,7,0,0,0,3,2,40,7,0,0,0,0
710-1408,V12,28 JUN 2013,,4,0,8,0,0,0,2,2,40,4,0,0,0,0
710-1408,V3,05 JAN 2013,,4,0,7,0,0,0,2,2,40,5,0,0,0,0
710-1408,V8,07 MAR 2013,,5,0,8,0,0,0,1,3,39,7,0,0,1,0
711-1012,ET,02 MAY 2013,,7,0,9,0,1,0,4,8,17,15,0,0,2,1
711-1012,V201,18 SEP 2013,,8,0,,1,2,,4,,,,0,0,1,
711-1012,V3,03 APR 2013,,8,0,10,0,2,1,5,12,27,3,0,0,0,0
711-1036,V10,17 NOV 2012,,5,1,8,2,1,0,5,3,19,14,0,0,1,0
711-1036,V12,13 JAN 2013,,7,1,8,2,2,2,3,6,22,40,0,0,1,0
711-1036,V3,29 JUL 2012,,7,0,10,2,2,0,2,11,24,9,0,0,1,0
711-1036,V8,23 SEP 2012,,6,0,9,2,2,0,3,6,18,22,0,0,0,1
711-1143,ET,01 JUN 2013,,7,0,9,0,2,0,0,1,24,9,0,0,0,0
711-1143,V201,22 SEP 2013,,6,0,8,0,1,0,0,2,29,4,0,0,0,0
711-1143,V3,03 APR 2013,,6,2,7,0,1,0,0,2,31,4,0,0,0,0
711-1143,V8,28 MAY 2013,,5,0,7,0,2,0,0,3,28,4,0,0,0,0
711-1433,V3,27 JAN 2013,,9,1,10,3,4,2,4,10,1,12,0,0,2,4
713-1043,V10,03 JAN 2014,,9,3,10,1,0,1,5,6,22,20,0,0,0,0
713-1043,V12,28 FEB 2014,,8,2,10,1,0,1,6,8,21,63,2,1,2,1
713-1043,V3,15 SEP 2013,,8,1,10,1,1,1,4,4,21,7,0,0,0,0
713-1043,V8,11 NOV 2013,,9,2,10,1,0,0,5,6,16,16,0,0,0,0
713-1073,V10,21 JUL 2014,,8,1,9,0,1,0,6,9,13,40,0,1,1,2
713-1073,V12,21 SEP 2014,,8,1,10,0,2,0,6,9,2,40,1,2,1,2
713-1073,V3,30 MAR 2014,,6,2,0,1,1,0,6,8,6,14,0,2,1,3
713-1073,V8,25 MAY 2014,,7,2,10,0,2,0,7,10,2,45,0,1,1,1
713-1106,V10,27 FEB 2013,,5,0,7,0,0,0,2,0,32,6,0,0,0,0
713-1106,V12,22 APR 2013,,7,0,8,1,0,0,7,1,31,6,0,0,0,0
713-1106,V3,31 OCT 2012,,6,0,9,0,0,0,4,7,37,3,0,0,0,0
713-1106,V8,27 DEC 2012,,5,0,7,0,0,0,3,2,28,4,0,0,0,0
713-1141,V3,31 MAY 2013,,8,4,10,2,1,0,3,7,40,15,0,1,1,1
713-1179,V10,26 NOV 2013,,6,0,9,0,2,0,4,5,20,6,0,0,0,0
713-1179,V12,24 JAN 2014,,5,0,9,0,2,0,2,4,27,8,0,0,0,1
713-1179,V3,09 AUG 2013,,5,0,8,0,0,0,4,3,25,5,0,0,0,0
713-1179,V8,04 OCT 2013,,6,0,10,0,2,0,1,7,22,6,0,0,0,0
713-1209,V10,15 SEP 2013,,6,1,10,0,1,0,2,4,17,9,0,0,1,1
713-1209,V12,14 NOV 2013,,6,1,10,0,1,0,4,3,25,15,0,1,1,1
713-1209,V3,27 MAY 2013,,5,1,9,1,1,0,1,3,17,11,1,1,1,1
713-1209,V8,22 JUL 2013,,7,1,10,0,0,0,2,3,12,9,0,0,1,1
713-1256,V10,08 JAN 2013,,10,4,10,3,0,0,7,12,,24,5,2,5,5
713-1256,V12,09 MAR 2013,,10,5,10,3,0,1,7,12,5,39,5,4,5,5
713-1256,V3,19 SEP 2012,,10,3,10,2,0,0,6,12,5,20,4,2,4,4
713-1256,V8,14 NOV 2012,,10,4,10,1,0,0,7,12,3,28,5,4,5,5
713-1269,V10,19 MAY 2014,,5,0,8,0,0,0,1,6,27,4,0,0,0,0
713-1269,V12,13 JUL 2014,,5,0,10,1,1,0,3,3,33,2,0,1,0,0
713-1269,V3,27 JAN 2014,,5,0,10,0,0,0,2,2,26,3,0,0,1,0
713-1269,V8,23 MAR 2014,,4,0,0,0,1,0,1,3,16,3,0,0,0,0
713-1448,ET,17 MAY 2014,,6,0,9,0,0,0,3,7,29,3,0,1,1,0
713-1448,V201,27 JUL 2014,,7,0,9,0,0,0,3,6,33,9,0,1,1,0
713-1448,V3,19 JAN 2014,,7,0,10,0,1,0,2,6,33,3,0,0,2,1
713-1448,V8,17 MAR 2014,,6,1,10,0,1,0,1,9,30,5,0,1,2,1
714-1035,V10,06 AUG 2014,,6,1,10,0,1,0,2,9,13,11,3,0,4,0
714-1035,V12,02 OCT 2014,,7,0,8,0,1,0,2,8,18,30,0,0,0,0
714-1035,V3,17 APR 2014,,8,1,9,1,2,0,5,8,25,7,0,0,0,0
714-1035,V8,17 JUN 2014,,8,1,10,0,1,0,4,7,9,13,0,0,0,1
714-1068,ET,16 OCT 2013,,8,0,9,1,1,0,4,11,18,10,0,0,0,0
714-1068,V3,08 AUG 2013,,8,0,9,0,1,0,2,10,32,106,0,0,0,0
714-1068,V8,03 OCT 2013,,8,1,8,2,0,0,5,12,19,28,0,0,0,0
714-1195,V10,09 AUG 2013,,7,1,10,0,2,0,6,9,8,9,0,2,1,0
714-1195,V12,10 OCT 2013,,7,1,10,0,1,0,5,8,22,25,0,0,1,0
714-1195,V3,26 APR 2013,,8,1,10,1,1,1,5,6,17,4,0,0,1,1
714-1195,V8,20 JUN 2013,,8,2,10,0,1,0,3,9,7,10,0,0,3,1
714-1288,V10,01 APR 2014,,4,1,8,1,1,0,4,12,15,14,0,0,1,0
714-1288,V12,27 MAY 2014,,5,0,8,0,1,1,1,11,19,20,0,0,1,1
714-1288,V3,04 DEC 2013,,6,1,9,1,0,0,2,11,11,11,0,0,1,3
714-1288,V8,02 FEB 2014,,6,1,7,0,0,0,2,9,13,11,0,0,0,0
714-1375,V10,22 JUN 2013,,7,0,8,1,3,0,6,11,21,8,0,0,2,3
714-1375,V12,23 AUG 2013,,8,0,10,1,1,3,5,10,19,35,0,0,0,3
714-1375,V3,26 FEB 2013,,7,1,10,0,2,1,6,11,16,11,0,1,0,2
714-1375,V8,26 APR 2013,,6,1,8,0,2,1,4,10,14,6,0,0,0,0
714-1425,ET,22 AUG 2013,,5,1,9,0,0,1,2,6,34,11,0,0,0,0
714-1425,V3,15 AUG 2013,,6,1,9,0,0,1,2,7,35,3,0,0,0,0
715-1085,V10,09 JUN 2013,,5,1,6,0,1,0,0,4,15,13,0,0,1,0
715-1085,V12,04 AUG 2013,,6,1,6,1,1,0,1,5,19,8,0,1,1,3
715-1085,V3,16 FEB 2013,,6,1,9,1,2,0,1,3,17,7,0,0,0,0
715-1085,V8,14 APR 2013,,6,0,10,2,1,0,1,10,19,8,0,1,0,0
715-1107,ET,13 MAY 2013,,8,0,9,0,1,0,2,3,20,2,0,1,1,0
715-1107,V201,14 AUG 2013,,7,0,9,0,1,0,1,5,12,1,0,0,1,0
715-1107,V3,26 FEB 2013,,8,0,10,0,0,0,2,2,13,5,0,0,2,0
715-1107,V8,23 APR 2013,,8,0,10,0,2,0,2,5,12,5,0,0,1,0
715-1155,V3,13 DEC 2013,,9,1,10,4,3,2,6,11,3,26,4,1,4,5
715-1207,V10,10 MAR 2013,,5,1,6,0,1,0,2,3,19,6,0,0,1,0
715-1207,V12,05 MAY 2013,,6,1,7,0,2,0,2,4,0,23,0,2,1,3
715-1207,V3,18 NOV 2012,,7,1,8,1,1,0,3,2,30,5,0,0,1,0
715-1207,V8,13 JAN 2013,,7,1,8,1,2,0,4,5,21,17,0,0,0,3
715-1319,ET,18 MAR 2013,,8,0,10,1,3,2,3,9,7,15,0,1,2,2
715-1319,V3,17 FEB 2013,,7,0,10,1,3,2,4,8,10,4,0,1,2,3
715-1321,ET,22 APR 2014,,5,0,8,0,1,0,1,1,22,5,0,0,1,0
715-1321,V3,11 FEB 2014,,6,1,9,0,0,0,1,0,24,10,0,0,0,0
715-1321,V8,09 APR 2014,,4,1,7,0,0,0,2,1,24,5,0,0,1,0
715-1397,V10,24 JUL 2013,,6,1,9,0,1,0,1,7,17,18,0,0,1,0
715-1397,V12,18 SEP 2013,,7,1,10,0,1,0,3,7,18,14,0,2,1,2
715-1397,V3,03 APR 2013,,8,1,9,0,1,0,1,7,17,15,0,0,0,0
715-1397,V8,29 MAY 2013,,8,0,10,0,1,0,2,7,18,25,0,0,1,0
715-1405,ET,13 JUL 2013,,10,1,10,1,2,4,7,12,2,11,4,2,3,5
715-1405,V201,11 JAN 2014,,10,2,10,4,2,2,7,11,4,7,3,1,4,5
715-1405,V3,06 JUL 2013,,10,1,10,1,1,5,8,11,5,25,3,2,4,5
716-1024,V10,01 NOV 2012,,5,0,10,0,1,0,3,3,20,13,0,0,0,0
716-1024,V12,30 DEC 2012,,6,1,9,0,0,0,1,6,29,7,0,0,1,1
716-1024,V3,09 JUL 2012,,8,1,10,0,2,0,3,1,24,1,0,0,0,0
716-1024,V8,03 SEP 2012,,7,1,10,0,0,0,4,6,15,10,0,0,0,0
716-1026,V10,31 JUL 2014,,10,2,10,2,3,5,5,12,1,240,0,0,4,5
716-1026,V12,27 SEP 2014,,9,4,10,3,3,4,6,11,4,240,2,2,3,5
716-1026,V3,02 APR 2014,,9,2,10,2,3,2,7,8,5,240,0,0,3,5
716-1026,V8,29 MAY 2014,,10,2,10,3,5,5,6,10,1,240,0,0,4,5
716-1030,ET,10 JAN 2014,,7,1,10,1,2,1,4,4,25,28,0,0,1,0
716-1030,V3,28 DEC 2013,,6,0,9,0,3,1,5,6,23,10,0,0,3,0
716-1044,V10,16 AUG 2013,,7,0,8,2,2,2,4,3,19,240,0,0,0,0
716-1044,V12,16 OCT 2013,,7,0,8,3,2,4,3,8,12,240,0,0,3,0
716-1044,V3,27 APR 2013,,7,0,9,3,3,3,1,4,23,15,0,0,0,0
716-1044,V8,28 JUN 2013,,6,0,8,2,4,5,3,3,15,240,0,0,0,1
716-1063,ET,28 AUG 2013,,8,2,10,0,1,1,2,10,6,24,0,0,1,2
716-1063,V201,17 NOV 2013,,9,2,10,4,2,1,6,11,2,19,1,0,1,5
716-1063,V3,09 MAY 2013,,9,1,10,2,3,1,3,8,10,20,1,0,1,1
716-1063,V8,04 JUL 2013,,8,2,10,2,1,1,6,10,9,240,0,0,1,0
716-1071,ET,01 AUG 2013,,7,1,8,0,2,0,4,5,26,5,0,0,0,0
716-1071,V201,16 DEC 2013,,6,0,8,0,1,0,1,3,31,3,0,0,1,0
716-1071,V3,08 JUN 2013,,8,1,10,0,1,0,2,4,27,4,0,0,0,0
716-1094,ET,26 JAN 2013,,10,4,10,3,3,1,7,12,0,22,0,0,4,5
716-1094,V201,22 JUN 2013,,10,5,10,2,3,5,6,,0,129,3,4,4,5
716-1094,V3,19 DEC 2012,,10,4,10,2,3,4,6,12,2,110,0,0,2,5
716-1103,V10,23 JUL 2014,,7,0,9,0,1,0,6,11,22,2,0,0,1,0
716-1103,V12,30 AUG 2014,,6,0,9,0,0,0,3,8,23,4,0,0,1,0
716-1103,V3,20 MAR 2014,,7,0,8,0,0,0,4,9,21,4,0,0,0,0
716-1103,V8,22 MAY 2014,,7,0,9,1,0,0,3,8,13,3,0,0,1,0
716-1108,V10,07 JUN 2013,,6,0,7,0,1,0,1,3,31,5,0,0,1,0
716-1108,V12,02 AUG 2013,,5,1,9,0,1,0,2,3,31,240,0,0,1,0
716-1108,V3,12 FEB 2013,,6,0,5,0,2,0,1,2,38,2,0,0,1,0
716-1108,V8,12 APR 2013,,6,1,7,0,1,0,0,3,35,2,0,0,1,0
716-1151,ET,07 JUN 2013,,3,1,10,0,1,0,6,11,25,2,0,0,1,2
716-1151,V201,13 AUG 2013,,7,1,10,1,4,0,7,10,28,1,0,0,1,0
716-1151,V3,01 FEB 2013,,6,1,9,1,1,0,5,11,15,3,0,0,1,1
716-1151,V8,02 APR 2013,,8,1,10,0,3,0,5,11,23,1,0,0,1,1
716-1157,V10,20 JAN 2014,,7,0,9,0,1,0,4,4,22,5,0,0,1,0
716-1157,V12,26 MAR 2014,,7,0,10,0,1,0,5,6,12,5,0,0,3,0
716-1157,V3,02 OCT 2013,,6,0,9,0,0,0,2,2,21,3,0,0,0,0
716-1157,V8,26 NOV 2013,,5,0,8,0,3,0,5,4,13,4,0,0,3,0
716-1160,V10,27 JUL 2013,,6,0,10,0,0,0,2,3,24,5,0,0,1,0
716-1160,V12,27 SEP 2013,,8,0,10,1,1,0,2,3,35,4,0,0,1,0
716-1160,V3,05 APR 2013,,9,0,10,0,1,0,2,2,26,3,0,0,1,0
716-1160,V8,12 JUN 2013,,8,0,10,0,0,0,1,3,32,5,0,0,0,0
716-1167,V10,28 JAN 2013,,8,0,9,3,1,1,3,11,22,7,0,0,1,3
716-1167,V12,24 MAR 2013,,8,1,9,1,1,1,1,10,19,5,1,0,1,2
716-1167,V3,08 OCT 2012,,9,1,2,2,1,1,3,11,17,2,0,0,1,3
716-1167,V8,03 DEC 2012,,7,0,9,2,0,0,2,11,15,4,1,0,1,4
716-1177,V10,01 JAN 2015,,3,0,3,0,0,0,0,2,38,4,0,0,1,0
716-1177,V12,17 FEB 2015,,3,0,3,0,0,0,1,1,39,2,0,0,0,0
716-1177,V3,02 SEP 2014,,2,0,4,0,0,0,1,1,35,1,0,0,1,0
716-1177,V8,30 OCT 2014,,3,0,3,0,0,0,1,0,35,2,0,0,1,0
716-1189,ET,03 MAR 2013,,7,1,10,0,1,0,4,5,22,3,0,0,1,1
716-1189,V10,03 FEB 2013,,7,0,10,0,0,0,4,6,17,5,0,0,2,1
716-1189,V201,08 APR 2013,,7,0,10,0,1,0,6,4,12,3,0,0,3,2
716-1189,V3,09 OCT 2012,,7,1,10,0,1,1,3,2,27,8,0,1,0,0
716-1189,V8,08 DEC 2012,,6,0,10,0,0,0,5,4,12,12,0,0,1,1
716-1229,ET,02 APR 2013,,6,0,6,1,2,0,2,4,18,8,0,0,1,0
716-1229,V3,20 FEB 2013,,5,0,7,0,2,0,1,1,27,7,0,0,1,0
716-1298,ET,06 JUL 2013,,8,2,10,2,3,4,7,9,8,86,0,0,3,0
716-1298,V201,07 OCT 2013,,8,2,10,3,3,5,7,9,0,240,0,2,3,3
716-1298,V3,08 APR 2013,,9,2,10,3,1,4,5,8,7,240,0,1,2,1
716-1298,V8,07 JUN 2013,,9,2,10,4,3,1,6,9,9,240,0,0,3,2
716-1308,ET,07 OCT 2013,,9,1,10,2,3,1,7,12,40,240,5,3,5,5
716-1308,V3,28 AUG 2013,,8,0,10,1,2,0,7,11,10,47,0,1,2,5
716-1311,V10,10 SEP 2014,,9,3,10,4,1,3,7,11,5,17,0,1,2,5
716-1311,V201,15 NOV 2014,,9,3,10,4,2,3,7,12,3,240,0,3,4,5
716-1311,V3,14 MAY 2014,,9,2,10,4,2,1,7,9,4,4,1,1,3,5
716-1311,V8,08 JUL 2014,,9,3,10,4,4,1,6,10,5,33,0,1,3,5
716-1364,V10,07 NOV 2013,,6,0,9,0,1,0,5,10,6,11,0,0,2,4
716-1364,V12,23 DEC 2013,,7,0,10,0,1,0,4,8,40,27,0,0,1,2
716-1364,V3,04 JUL 2013,,7,0,9,1,1,0,5,4,8,21,0,0,1,0
716-1364,V8,02 SEP 2013,,6,0,10,0,1,0,4,8,12,7,0,0,1,0
716-1373,ET,28 FEB 2013,,7,0,10,0,3,0,1,5,22,10,0,0,1,0
716-1373,V3,14 DEC 2012,,6,0,8,0,3,0,5,3,15,26,0,0,1,0
716-1373,V8,09 FEB 2013,,6,0,10,1,2,1,3,4,21,21,0,0,1,0
716-1418,V10,05 SEP 2013,,6,0,10,0,2,1,1,5,29,17,0,1,1,1
716-1418,V12,06 NOV 2013,,6,1,10,0,2,0,1,6,31,240,0,0,1,1
716-1418,V3,05 MAY 2013,,6,0,9,0,2,0,1,4,28,8,0,0,0,0
716-1418,V8,11 JUL 2013,,7,0,9,0,1,0,2,4,19,2,0,0,2,0
716-1441,V10,19 MAY 2014,,6,0,9,0,1,0,1,6,33,6,0,0,2,0
716-1441,V12,08 JUL 2014,,7,0,9,0,1,1,1,6,34,9,0,0,3,1
716-1441,V3,22 JAN 2014,,5,0,9,0,1,0,2,3,27,3,0,0,1,0
716-1441,V8,19 MAR 2014,,7,0,10,0,1,0,0,5,27,5,0,0,2,0
716-1447,V10,12 APR 2014,,5,0,6,0,2,0,2,1,24,7,0,0,0,1
716-1447,V12,07 JUN 2014,,7,0,8,1,1,0,2,4,19,26,0,0,1,0
716-1447,V3,16 DEC 2013,,6,0,9,2,4,0,4,3,12,10,0,0,1,2
716-1447,V8,10 FEB 2014,,6,0,8,1,2,0,1,3,20,8,0,0,1,0
717-1004,V10,06 MAY 2014,,9,3,10,3,4,1,7,10,11,75,4,3,4,5
717-1004,V12,01 JUL 2014,,9,4,10,2,2,1,7,12,39,39,0,1,4,5
717-1004,V3,14 JAN 2014,,10,4,10,3,2,0,7,12,32,44,4,1,4,5
717-1004,V8,11 MAR 2014,,10,4,10,1,2,1,7,12,2,86,4,4,4,5
717-1109,V10,19 MAY 2014,,8,1,9,1,1,0,7,8,38,12,2,2,4,3
717-1109,V12,18 JUL 2014,,9,1,10,2,1,1,6,8,21,27,2,1,4,3
717-1109,V3,27 JAN 2014,,9,2,10,1,3,1,3,6,34,2,1,2,3,1
717-1109,V8,24 MAR 2014,,8,1,10,0,2,1,5,10,39,10,1,1,3,2
717-1174,V10,18 MAY 2013,,5,0,6,0,0,1,0,3,37,15,0,0,1,0
717-1174,V12,07 JUL 2013,,6,1,8,0,1,1,2,3,37,8,0,0,1,0
717-1174,V3,22 JAN 2013,,8,0,8,0,0,0,2,5,38,20,0,1,1,0
717-1174,V8,19 MAR 2013,,5,0,9,0,0,1,3,3,37,9,0,0,1,0
717-1201,ET,21 FEB 2014,,7,1,10,0,1,0,4,9,40,56,0,0,1,1
717-1201,V3,19 DEC 2013,,6,1,10,0,1,1,5,7,38,42,0,0,0,0
717-1344,ET,14 MAR 2014,,7,0,10,0,0,1,4,8,35,8,0,0,0,4
717-1344,V3,11 JAN 2014,,6,0,9,1,2,2,2,5,25,2,0,0,0,1
717-1357,ET,20 OCT 2013,,8,3,10,3,0,2,7,11,30,70,0,2,4,2
717-1357,V10,21 AUG 2013,,8,3,10,2,0,3,6,9,34,39,0,1,3,5
717-1357,V3,01 MAY 2013,,9,2,10,2,0,1,6,8,25,23,0,2,2,5
717-1357,V8,19 JUN 2013,,8,3,10,2,0,1,7,11,29,70,0,0,4,4
717-1446,V10,29 DEC 2013,,8,1,8,0,0,0,2,5,39,37,0,0,0,2
717-1446,V12,16 FEB 2014,,7,1,10,0,0,0,2,11,39,22,0,0,1,2
717-1446,V3,01 SEP 2013,,7,2,10,0,2,0,3,3,39,15,0,0,0,2
717-1446,V8,30 OCT 2013,,7,1,10,1,0,0,1,5,39,14,0,0,0,0
718-1066,ET,30 JUL 2013,,8,0,9,1,3,2,5,4,1,240,0,1,2,3
718-1066,V201,13 JAN 2014,,6,2,10,2,3,5,6,7,8,20,2,2,2,3
718-1066,V3,07 JUL 2013,,7,1,10,1,3,0,4,4,8,155,0,1,2,0
718-1079,ET,06 NOV 2012,,8,1,10,0,0,1,7,11,16,16,0,0,3,1
718-1079,V201,05 MAR 2013,,9,1,10,2,0,0,6,12,12,30,0,2,1,3
718-1079,V3,19 SEP 2012,,9,2,10,1,0,1,7,8,6,19,0,1,2,4
718-1101,ET,02 AUG 2013,,9,4,10,2,3,0,7,12,6,35,0,0,2,5
718-1101,V10,14 JUN 2013,,8,3,10,2,1,2,7,12,8,29,0,0,0,4
718-1101,V3,17 FEB 2013,,9,2,10,4,2,1,5,10,6,35,0,2,2,5
718-1101,V8,13 APR 2013,,9,2,10,0,2,1,7,11,4,38,0,3,2,5
718-1139,V10,08 SEP 2013,,8,3,10,2,0,2,6,10,12,4,3,0,4,5
718-1139,V12,03 NOV 2013,,8,2,10,2,0,1,6,9,14,13,0,1,1,0
718-1139,V3,19 MAY 2013,,8,2,10,1,0,2,7,9,15,4,3,0,3,5
718-1139,V8,14 JUL 2013,,8,3,10,0,0,2,4,9,15,4,3,0,4,5
718-1150,V10,10 MAY 2013,,6,1,9,0,2,0,2,6,24,2,0,0,0,0
718-1150,V12,07 JUL 2013,,7,1,8,0,2,1,4,5,31,4,0,0,0,0
718-1150,V3,19 JAN 2013,,8,1,9,0,2,0,2,1,28,6,0,0,0,0
718-1150,V8,17 MAR 2013,,8,0,9,0,2,0,1,7,25,5,0,0,0,0
718-1170,ET,03 NOV 2013,,8,0,10,1,1,1,4,8,21,9,0,0,1,0
718-1170,V201,15 MAR 2014,,7,1,10,0,0,1,3,7,22,10,0,2,2,2
718-1170,V3,16 SEP 2013,,7,0,10,1,0,3,4,3,19,15,0,0,1,1
718-1172,ET,29 NOV 2013,,10,5,9,2,2,4,7,11,2,95,4,2,5,2
718-1172,V201,21 MAR 2014,,9,5,10,3,3,4,7,7,1,86,4,0,5,3
718-1172,V3,21 SEP 2013,,9,4,10,3,1,2,6,10,2,104,4,3,4,3
718-1172,V8,16 NOV 2013,,9,4,10,4,2,2,7,10,0,135,4,3,5,2
718-1250,ET,08 FEB 2014,,7,3,8,2,1,1,1,8,24,20,0,3,3,2
718-1250,V10,11 JAN 2014,,7,3,10,5,1,1,1,4,22,4,0,1,1,0
718-1250,V201,08 MAR 2014,,7,3,8,3,1,1,0,8,15,3,0,2,0,0
718-1250,V3,21 SEP 2013,,7,3,9,2,2,1,1,3,19,8,0,0,0,1
718-1250,V8,16 NOV 2013,,7,3,9,4,2,1,2,4,17,12,0,3,2,1
718-1254,V10,31 OCT 2013,,7,1,10,0,0,1,4,7,24,15,1,2,1,2
718-1254,V12,26 DEC 2013,,7,2,10,0,0,2,5,5,23,18,1,2,2,2
718-1254,V3,10 JUL 2013,,8,1,10,0,0,1,5,6,13,13,0,2,1,1
718-1254,V8,05 SEP 2013,,8,1,10,1,0,2,3,4,21,12,0,2,1,1
718-1328,V201,24 JUL 2013,,9,2,10,2,1,2,6,12,8,90,2,3,3,3
718-1328,V3,01 FEB 2013,,9,2,0,1,1,1,6,12,9,30,1,2,2,3
718-1328,V8,04 APR 2013,,9,2,10,4,2,3,5,9,10,20,2,3,2,3
718-1355,V10,20 JUN 2013,,9,1,10,0,0,1,6,8,15,3,0,0,0,3
718-1355,V12,15 AUG 2013,,10,1,10,1,1,1,6,11,16,26,0,0,1,0
718-1355,V3,28 FEB 2013,,9,2,10,2,3,1,7,6,12,6,0,1,1,5
718-1355,V8,25 APR 2013,,9,1,10,1,2,1,7,10,13,12,0,0,0,0
718-1371,ET,08 AUG 2013,,7,1,10,0,1,0,5,9,19,22,0,0,0,1
718-1371,V3,26 APR 2013,,8,1,10,1,3,0,4,9,15,5,0,0,0,1
718-1371,V8,04 JUL 2013,,8,1,10,1,2,1,6,9,13,10,0,0,0,0
718-1427,ET,18 FEB 2013,,7,0,10,0,1,0,3,5,32,4,0,0,0,0
718-1427,V201,03 JUN 2013,,5,0,10,0,1,1,4,7,32,1.3,0,1,0,3
718-1427,V3,17 DEC 2012,,7,0,8,0,0,0,6,2,38,3,0,0,0,0
