SUBJECT,FOLDER,VISIT_DATE,NOT_OBTAINED,CIBIC
701-1015,V10,07 MAY 2014,,4
701-1015,V12,18 JUN 2014,,4
701-1015,V8,05 MAR 2014,,4
701-1023,ET,02 SEP 2012,,3
701-1023,V201,18 FEB 2013,,5
701-1028,V10,06 NOV 2013,,4
701-1028,V12,06 JAN 2014,,4
701-1028,V8,10 SEP 2013,,4
701-1033,ET,14 APR 2014,,4
701-1033,V201,15 SEP 2014,,4
701-1034,V10,21 OCT 2014,,3
701-1034,V12,17 DEC 2014,,4
701-1034,V8,26 AUG 2014,,4
701-1047,ET,29 MAR 2013,,4
701-1047,V201,28 JUL 2013,,5
701-1097,V10,23 APR 2014,,4
701-1097,V12,18 JUN 2014,,3
701-1097,V8,26 FEB 2014,,3
701-1111,ET,17 SEP 2012,,4
701-1111,V201,22 FEB 2013,,5
701-1115,ET,23 JAN 2013,,4
701-1115,V201,20 MAY 2013,,5
701-1118,V10,02 JUL 2014,,4
701-1118,V12,27 AUG 2014,,4
701-1118,V8,08 MAY 2014,,4
701-1130,V10,07 JUN 2014,,3
701-1130,V12,02 AUG 2014,,3
701-1130,V8,12 APR 2014,,3
701-1133,V10,18 FEB 2013,,5
701-1133,V12,18 APR 2013,,5
701-1133,V8,24 DEC 2012,,4
701-1146,ET,30 JUN 2013,,4
701-1148,V10,13 DEC 2013,,4
701-1148,V12,08 FEB 2014,,5
701-1148,V8,18 OCT 2013,,5
701-1153,V10,08 JAN 2014,,4
701-1153,V12,11 MAR 2014,,4
701-1153,V8,18 NOV 2013,,4
701-1180,ET,23 MAR 2013,,5
701-1181,ET,12 DEC 2013,,4
701-1181,V201,23 MAY 2014,,5
701-1188,ET,25 MAR 2013,,4
701-1188,V201,04 AUG 2013,,4
701-1192,V10,15 NOV 2012,,4
701-1192,V12,11 JAN 2013,,4
701-1192,V8,23 SEP 2012,,5
701-1203,V10,25 MAY 2013,,4
701-1203,V12,22 JUL 2013,,4
701-1203,V8,30 MAR 2013,,4
701-1211,V8,08 JAN 2013,,5
701-1234,V10,27 JUL 2013,,4
701-1234,V12,10 SEP 2013,,4
701-1234,V8,26 MAY 2013,,3
701-1239,V10,02 MAY 2014,,2
701-1239,V12,27 JUN 2014,,3
701-1239,V8,06 MAR 2014,,3
701-1275,ET,14 JUN 2014,,4
701-1275,V8,05 APR 2014,,3
701-1287,V10,15 MAY 2014,,4
701-1287,V12,12 JUL 2014,,4
701-1287,V8,21 MAR 2014,,4
701-1294,ET,14 JUN 2013,,4
701-1294,V201,08 OCT 2013,,5
701-1294,V8,22 MAY 2013,,5
701-1302,ET,05 NOV 2013,,5
701-1302,V201,13 FEB 2014,,4
701-1302,V8,22 OCT 2013,,4
701-1317,V10,11 SEP 2014,,4
701-1317,V12,06 NOV 2014,,4
701-1317,V8,22 JUL 2014,,4
701-1324,V10,22 JAN 2013,,4
701-1324,V12,19 MAR 2013,,5
701-1324,V8,25 NOV 2012,,4
701-1341,ET,07 FEB 2013,,4
701-1345,ET,18 MAR 2014,,5
701-1345,V10,27 JAN 2014,,5
701-1345,V8,03 DEC 2013,,4
701-1360,ET,14 AUG 2013,,4
701-1360,V201,11 FEB 2014,,4
701-1363,V10,18 SEP 2013,,4
701-1363,V12,13 NOV 2013,,5
701-1363,V8,24 JUL 2013,,5
701-1383,V10,30 MAY 2013,,4
701-1383,V12,30 JUL 2013,,5
701-1383,V8,02 APR 2013,,4
701-1387,ET,25 MAR 2014,,3
701-1387,V201,27 AUG 2014,,6
701-1392,V10,17 FEB 2013,,5
701-1392,V12,15 APR 2013,,4
701-1392,V8,20 DEC 2012,,4
701-1415,V10,14 JAN 2014,,4
701-1415,V12,10 MAR 2014,,4
701-1415,V8,21 NOV 2013,,5
701-1429,ET,30 APR 2013,,3
701-1440,V10,27 NOV 2013,,5
701-1440,V12,22 JAN 2014,,5
701-1440,V8,03 OCT 2013,,3
701-1442,V10,15 FEB 2014,,4
701-1442,V12,17 APR 2014,,4
701-1442,V8,26 DEC 2013,,4
701-1444,ET,13 FEB 2013,,5
701-1444,V201,20 JUN 2013,,5
702-1082,ET,17 NOV 2013,,4
702-1082,V8,28 SEP 2013,,4
703-1042,V10,22 JUN 2013,,4
703-1042,V12,09 AUG 2013,,4
703-1076,ET,24 DEC 2013,,3
703-1076,V8,17 DEC 2013,,3
703-1086,ET,24 DEC 2012,,3
703-1086,V201,26 MAR 2013,,3
703-1086,V8,27 OCT 2012,,3
703-1100,V10,03 JUL 2013,,4
703-1100,V12,28 AUG 2013,,5
703-1100,V8,08 MAY 2013,,4
703-1119,ET,13 JUN 2013,,5
703-1119,V201,24 AUG 2013,,5
703-1119,V8,19 APR 2013,,4
703-1175,ET,31 DEC 2013,,4
703-1182,ET,12 DEC 2013,,4
703-1197,ET,22 JUL 2013,,4
703-1210,V10,05 JUL 2013,,4
703-1210,V12,24 AUG 2013,,5
703-1210,V8,10 MAY 2013,,5
703-1258,V10,05 NOV 2012,,4
703-1258,V12,31 DEC 2012,,5
703-1258,V8,14 SEP 2012,,5
703-1295,V10,13 MAR 2014,,4
703-1295,V8,15 JAN 2014,,5
703-1299,V10,02 JAN 2013,,4
703-1299,V12,01 MAR 2013,,4
703-1299,V8,07 NOV 2012,,3
703-1335,ET,24 MAY 2014,,5
703-1379,V10,11 JAN 2014,,4
703-1379,V12,08 MAR 2014,,5
703-1379,V8,17 NOV 2013,,4
703-1439,V10,30 JUN 2014,,5
703-1439,V12,28 AUG 2014,,5
703-1439,V8,05 MAY 2014,,4
704-1008,ET,25 FEB 2013,,5
704-1009,ET,02 OCT 2013,,4
704-1010,ET,09 JUL 2014,,3
704-1010,V10,13 JUN 2014,,3
704-1010,V8,24 APR 2014,,4
704-1017,ET,24 NOV 2013,,4
704-1025,ET,29 NOV 2013,,4
704-1065,ET,24 DEC 2013,,5
704-1065,V8,20 DEC 2013,,4
704-1074,ET,31 MAR 2014,,4
704-1093,ET,20 JUN 2013,,4
704-1093,V201,25 DEC 2013,,6
704-1093,V8,11 MAY 2013,,4
704-1114,ET,08 JUL 2013,,4
704-1114,V10,14 MAY 2013,,4
704-1114,V8,26 MAR 2013,,4
704-1120,ET,03 FEB 2014,,4
704-1120,V8,27 JAN 2014,,4
704-1127,V10,21 JAN 2014,,5
704-1127,V12,17 MAR 2014,,5
704-1127,V8,26 NOV 2013,,4
704-1135,V10,19 FEB 2014,,4
704-1135,V12,01 MAY 2014,,6
704-1135,V8,25 DEC 2013,,4
704-1164,V10,14 JAN 2013,,5
704-1164,V12,17 MAR 2013,,5
704-1164,V8,15 NOV 2012,,4
704-1218,V10,18 MAR 2013,,5
704-1218,V12,13 MAY 2013,,5
704-1218,V8,14 JAN 2013,,5
704-1233,V10,11 JUL 2013,,5
704-1241,ET,31 OCT 2013,,4
704-1260,V8,24 OCT 2012,,4
704-1266,ET,06 DEC 2013,,4
704-1325,ET,06 AUG 2014,,4
704-1325,V8,18 JUN 2014,,4
704-1332,V8,03 FEB 2014,,4
704-1351,V10,26 JAN 2014,,4
704-1351,V12,04 APR 2014,,5
704-1351,V8,02 DEC 2013,,4
704-1388,V10,27 MAR 2013,,4
704-1388,V12,23 MAY 2013,,4
704-1388,V8,30 JAN 2013,,4
704-1435,ET,12 JAN 2013,,4
704-1445,V10,03 SEP 2014,,5
704-1445,V8,09 JUL 2014,,6
705-1031,ET,11 MAY 2014,,4
705-1031,V10,20 MAR 2014,,4
705-1031,V8,23 JAN 2014,,4
705-1059,ET,05 DEC 2013,,3
705-1059,V201,06 FEB 2014,,3
705-1059,V8,03 OCT 2013,,3
705-1186,ET,07 FEB 2014,,4
705-1199,ET,29 SEP 2013,,4
705-1280,V10,16 MAY 2014,,4
705-1280,V12,11 JUL 2014,,4
705-1280,V8,21 MAR 2014,,4
705-1281,ET,17 MAR 2014,,4
705-1281,V8,21 JAN 2014,,4
705-1282,V10,16 APR 2013,,4
705-1282,V12,11 JUN 2013,,4
705-1282,V8,20 FEB 2013,,4
705-1292,V10,03 MAR 2014,,4
705-1292,V12,28 APR 2014,,3
705-1292,V8,02 JAN 2014,,4
705-1303,V10,07 APR 2014,,4
705-1303,V8,10 FEB 2014,,4
705-1310,ET,23 JAN 2014,,3
705-1310,V8,26 DEC 2013,,4
705-1349,V10,25 JUN 2013,,4
705-1349,V12,25 AUG 2013,,3
705-1349,V8,01 MAY 2013,,3
705-1393,ET,20 FEB 2013,,5
705-1393,V10,02 JAN 2013,,4
705-1393,V8,02 NOV 2012,,4
705-1431,V10,17 OCT 2013,,3
705-1431,V12,05 DEC 2013,,3
705-1431,V8,21 AUG 2013,,4
706-1041,V10,06 MAY 2014,,5
706-1041,V12,15 JUL 2014,,4
706-1041,V8,04 MAR 2014,,4
706-1049,ET,25 JUN 2013,,4
706-1384,ET,29 SEP 2012,,4
707-1037,ET,08 JAN 2014,,4
707-1206,V10,16 FEB 2014,,5
707-1206,V12,13 APR 2014,,4
707-1206,V8,23 DEC 2013,,4
708-1019,ET,23 JAN 2014,,5
708-1032,ET,09 MAR 2013,,4
708-1084,V10,01 SEP 2013,,3
708-1084,V12,28 OCT 2013,,4
708-1084,V8,07 JUL 2013,,3
708-1087,V10,16 FEB 2013,,5
708-1087,V12,10 APR 2013,,4
708-1087,V8,22 DEC 2012,,3
708-1158,ET,22 MAR 2014,,5
708-1171,V10,25 MAR 2013,,5
708-1171,V12,20 MAY 2013,,5
708-1171,V8,28 JAN 2013,,4
708-1178,ET,06 APR 2014,,3
708-1178,V8,09 MAR 2014,,5
708-1213,ET,26 FEB 2013,,4
708-1216,ET,06 DEC 2012,,3
708-1253,V10,02 SEP 2013,,4
708-1253,V12,27 OCT 2013,,4
708-1253,V8,09 JUL 2013,,3
708-1272,ET,04 APR 2013,,3
708-1286,V10,29 DEC 2013,,4
708-1286,V12,23 FEB 2014,,3
708-1286,V8,03 NOV 2013,,3
708-1296,V10,02 OCT 2013,,5
708-1296,V12,27 NOV 2013,,3
708-1296,V8,07 AUG 2013,,5
708-1297,ET,08 MAY 2013,,5
708-1297,V8,19 MAR 2013,,5
708-1316,V10,21 DEC 2013,,4
708-1316,V12,15 FEB 2014,,4
708-1316,V8,25 OCT 2013,,3
708-1336,V10,27 MAR 2013,,5
708-1336,V12,22 MAY 2013,,6
708-1336,V8,29 JAN 2013,,5
708-1342,V10,20 APR 2013,,4
708-1342,V12,15 JUN 2013,,5
708-1342,V8,23 FEB 2013,,3
708-1347,ET,18 JUN 2013,,4
708-1347,V8,13 JUN 2013,,3
708-1348,V10,01 DEC 2013,,5
708-1348,V12,03 FEB 2014,,3
708-1348,V8,06 OCT 2013,,3
708-1353,ET,10 SEP 2013,,5
708-1378,ET,28 JAN 2014,,3
708-1378,V10,12 JAN 2014,,3
708-1378,V8,05 NOV 2013,,3
708-1406,V10,16 APR 2014,,5
708-1406,V12,16 JUN 2014,,5
708-1406,V8,24 FEB 2014,,3
708-1428,ET,31 JAN 2014,,5
709-1001,V10,28 JAN 2014,,5
709-1001,V12,17 MAR 2014,,5
709-1001,V8,03 DEC 2013,,3
709-1020,V10,23 MAR 2013,,3
709-1020,V12,18 MAY 2013,,4
709-1020,V8,26 JAN 2013,,2
709-1029,V10,16 APR 2013,,4
709-1029,V12,12 JUN 2013,,5
709-1029,V8,19 FEB 2013,,5
709-1081,ET,10 MAY 2014,,3
709-1081,V8,15 MAR 2014,,3
709-1088,V10,02 AUG 2014,,3
709-1088,V12,27 SEP 2014,,3
709-1088,V8,01 JUN 2014,,3
709-1099,V10,14 FEB 2014,,3
709-1099,V12,11 APR 2014,,5
709-1099,V8,26 DEC 2013,,3
709-1102,ET,31 MAR 2013,,5
709-1102,V8,12 MAR 2013,,5
709-1168,ET,27 SEP 2013,,5
709-1217,ET,25 JUN 2013,,5
709-1217,V8,29 APR 2013,,6
709-1238,ET,07 AUG 2013,,4
709-1238,V8,02 JUL 2013,,4
709-1259,ET,13 JUN 2013,,5
709-1259,V10,11 MAY 2013,,5
709-1259,V8,23 MAR 2013,,5
709-1285,ET,31 MAY 2013,,3
709-1285,V8,19 MAY 2013,,3
709-1301,V10,08 NOV 2013,,4
709-1301,V12,04 JAN 2014,,5
709-1301,V8,13 SEP 2013,,4
709-1306,ET,25 JUN 2014,,5
709-1306,V10,28 MAY 2014,,5
709-1306,V8,02 APR 2014,,4
709-1309,V10,16 OCT 2013,,3
709-1309,V12,05 DEC 2013,,4
709-1309,V8,15 AUG 2013,,3
709-1312,V10,10 AUG 2014,,4
709-1312,V12,05 OCT 2014,,5
709-1312,V8,13 JUN 2014,,4
709-1326,V10,26 JUL 2013,,4
709-1326,V12,20 SEP 2013,,3
709-1326,V8,01 JUN 2013,,4
709-1329,ET,29 AUG 2013,,5
709-1339,V10,14 APR 2013,,3
709-1339,V12,08 JUN 2013,,4
709-1339,V8,19 FEB 2013,,4
709-1424,ET,08 MAR 2013,,4
710-1002,ET,18 JAN 2014,,5
710-1006,V10,01 JUN 2013,,3
710-1006,V12,27 JUL 2013,,4
710-1006,V8,06 APR 2013,,4
710-1027,V10,20 JUN 2014,,5
710-1027,V12,19 AUG 2014,,5
710-1027,V8,24 APR 2014,,4
710-1045,ET,17 AUG 2013,,5
710-1045,V8,29 JUL 2013,,5
710-1053,ET,15 FEB 2013,,4
710-1060,V10,23 APR 2013,,3
710-1060,V12,21 JUN 2013,,4
710-1060,V8,26 FEB 2013,,4
710-1070,V10,28 DEC 2012,,4
710-1070,V8,05 NOV 2012,,5
710-1077,V10,09 MAR 2014,,4
710-1077,V12,03 MAY 2014,,5
710-1077,V8,12 JAN 2014,,4
710-1078,V10,12 JAN 2014,,4
710-1078,V12,08 MAR 2014,,4
710-1078,V8,17 NOV 2013,,5
710-1142,ET,23 OCT 2012,,4
710-1154,ET,09 MAY 2014,,4
710-1166,V8,25 JAN 2013,,4
710-1183,V10,10 MAR 2014,,3
710-1183,V12,03 MAY 2014,,4
710-1183,V8,11 JAN 2014,,3
710-1187,V10,02 MAR 2013,,4
710-1187,V12,28 APR 2013,,6
710-1187,V8,06 JAN 2013,,5
710-1235,V10,15 JAN 2013,,3
710-1235,V12,13 MAR 2013,,3
710-1235,V8,21 NOV 2012,,4
710-1249,V10,19 APR 2014,,5
710-1249,V12,14 JUN 2014,,5
710-1249,V8,22 FEB 2014,,4
710-1264,ET,12 OCT 2013,,4
710-1264,V10,01 OCT 2013,,4
710-1264,V8,08 AUG 2013,,5
710-1270,ET,01 MAR 2014,,4
710-1278,ET,03 MAR 2013,,3
710-1278,V8,21 FEB 2013,,3
710-1300,ET,19 FEB 2013,,4
710-1300,V8,11 FEB 2013,,4
710-1315,ET,16 JUL 2013,,4
710-1315,V10,18 JUN 2013,,4
710-1315,V8,23 APR 2013,,4
710-1354,V10,02 MAR 2013,,5
710-1354,V12,21 APR 2013,,5
710-1354,V8,06 JAN 2013,,5
710-1358,V10,09 JAN 2013,,5
710-1358,V8,14 NOV 2012,,4
710-1368,V10,12 FEB 2014,,5
710-1368,V12,09 APR 2014,,5
710-1368,V8,19 DEC 2013,,4
710-1385,ET,18 FEB 2013,,2
710-1385,V8,25 DEC 2012,,3
710-1408,V10,03 MAY 2013,,4
710-1408,V12,28 JUN 2013,,4
710-1408,V8,07 MAR 2013,,4
711-1012,ET,02 MAY 2013,,4
711-1012,V201,18 SEP 2013,,5
711-1036,V10,17 NOV 2012,,5
711-1036,V12,13 JAN 2013,,5
711-1036,V8,23 SEP 2012,,4
711-1143,ET,01 JUN 2013,,3
711-1143,V201,22 SEP 2013,,4
711-1143,V8,28 MAY 2013,,3
713-1043,V10,03 JAN 2014,,4
713-1043,V12,28 FEB 2014,,4
713-1043,V8,11 NOV 2013,,4
713-1073,V10,21 JUL 2014,,4
713-1073,V12,21 SEP 2014,,5
713-1073,V8,25 MAY 2014,,3
713-1106,V10,27 FEB 2013,,3
713-1106,V12,22 APR 2013,,3
713-1106,V8,27 DEC 2012,,3
713-1179,V10,26 NOV 2013,,5
713-1179,V12,24 JAN 2014,,2
713-1179,V8,04 OCT 2013,,4
713-1209,V10,15 SEP 2013,,5
713-1209,V12,14 NOV 2013,,5
713-1209,V8,22 JUL 2013,,5
713-1256,V10,08 JAN 2013,,5
713-1256,V12,09 MAR 2013,,6
713-1256,V8,14 NOV 2012,,4
713-1269,V10,19 MAY 2014,,5
713-1269,V12,13 JUL 2014,,5
713-1269,V8,23 MAR 2014,,4
713-1448,ET,17 MAY 2014,,5
713-1448,V8,17 MAR 2014,,4
714-1035,V10,06 AUG 2014,,4
714-1035,V12,02 OCT 2014,,4
714-1035,V8,17 JUN 2014,,4
714-1068,ET,16 OCT 2013,,4
714-1068,V8,03 OCT 2013,,4
714-1195,V10,09 AUG 2013,,2
714-1195,V12,10 OCT 2013,,3
714-1195,V8,20 JUN 2013,,3
714-1288,V10,01 APR 2014,,4
714-1288,V12,27 MAY 2014,,3
714-1288,V8,02 FEB 2014,,3
714-1375,V10,22 JUN 2013,,4
714-1375,V12,23 AUG 2013,,3
714-1375,V8,26 APR 2013,,4
714-1425,ET,22 AUG 2013,,4
715-1085,V10,09 JUN 2013,,4
715-1085,V12,04 AUG 2013,,4
715-1085,V8,14 APR 2013,,4
715-1107,ET,13 MAY 2013,,4
715-1107,V201,14 AUG 2013,,5
715-1107,V8,23 APR 2013,,4
715-1207,V10,10 MAR 2013,,4
715-1207,V12,05 MAY 2013,,4
715-1207,V8,13 JAN 2013,,3
715-1319,ET,18 MAR 2013,,5
715-1321,ET,22 APR 2014,,5
715-1321,V8,09 APR 2014,,3
715-1397,V10,24 JUL 2013,,4
715-1397,V12,18 SEP 2013,,4
715-1397,V8,29 MAY 2013,,4
715-1405,ET,13 JUL 2013,,4
715-1405,V201,11 JAN 2014,,5
716-1024,V10,01 NOV 2012,,4
716-1024,V12,30 DEC 2012,,4
716-1024,V8,03 SEP 2012,,4
716-1026,V10,31 JUL 2014,,5
716-1026,V12,27 SEP 2014,,4
716-1026,V8,29 MAY 2014,,3
716-1030,ET,10 JAN 2014,,4
716-1044,V10,16 AUG 2013,,3
716-1044,V12,16 OCT 2013,,5
716-1044,V8,28 JUN 2013,,2
716-1063,ET,28 AUG 2013,,4
716-1063,V201,17 NOV 2013,,6
716-1063,V8,04 JUL 2013,,5
716-1071,ET,01 AUG 2013,,4
716-1071,V201,16 DEC 2013,,4
716-1094,ET,26 JAN 2013,,2
716-1094,V201,22 JUN 2013,,4
716-1103,V10,23 JUL 2014,,3
716-1103,V12,30 AUG 2014,,3
716-1103,V8,22 MAY 2014,,3
716-1108,V10,07 JUN 2013,,4
716-1108,V12,02 AUG 2013,,4
716-1108,V8,12 APR 2013,,4
716-1151,ET,07 JUN 2013,,3
716-1151,V201,13 AUG 2013,,5
716-1151,V8,02 APR 2013,,4
716-1157,V10,20 JAN 2014,,5
716-1157,V12,26 MAR 2014,,5
716-1157,V8,26 NOV 2013,,3
716-1160,V10,27 JUL 2013,,4
716-1160,V12,27 SEP 2013,,4
716-1160,V8,12 JUN 2013,,4
716-1167,V10,28 JAN 2013,,5
716-1167,V12,24 MAR 2013,,3
716-1167,V8,03 DEC 2012,,3
716-1177,V10,01 JAN 2015,,5
716-1177,V12,17 FEB 2015,,4
716-1177,V8,30 OCT 2014,,4
716-1189,ET,03 MAR 2013,,5
716-1189,V10,03 FEB 2013,,5
716-1189,V201,08 APR 2013,,6
716-1189,V8,08 DEC 2012,,6
716-1229,ET,02 APR 2013,,4
716-1298,ET,06 JUL 2013,,4
716-1298,V201,07 OCT 2013,,5
716-1298,V8,07 JUN 2013,,4
716-1308,ET,07 OCT 2013,,6
716-1311,V10,10 SEP 2014,,6
716-1311,V201,15 NOV 2014,,5
716-1311,V8,08 JUL 2014,,4
716-1364,V10,07 NOV 2013,,5
716-1364,V12,23 DEC 2013,,5
716-1364,V8,02 SEP 2013,,4
716-1373,ET,28 FEB 2013,,3
716-1373,V8,09 FEB 2013,,3
716-1418,V10,05 SEP 2013,,3
716-1418,V12,06 NOV 2013,,5
716-1418,V8,11 JUL 2013,,4
716-1441,V10,19 MAY 2014,,3
716-1441,V12,08 JUL 2014,,5
716-1441,V8,19 MAR 2014,,4
716-1447,V10,12 APR 2014,,2
716-1447,V12,07 JUN 2014,,3
716-1447,V8,10 FEB 2014,,2
717-1004,V10,06 MAY 2014,,4
717-1004,V12,01 JUL 2014,,4
717-1004,V8,11 MAR 2014,,3
717-1109,V10,19 MAY 2014,,5
717-1109,V12,18 JUL 2014,,6
717-1109,V8,24 MAR 2014,,5
717-1174,V10,18 MAY 2013,,5
717-1174,V12,07 JUL 2013,,5
717-1174,V8,19 MAR 2013,,4
717-1201,ET,21 FEB 2014,,5
717-1344,ET,14 MAR 2014,,4
717-1357,ET,20 OCT 2013,,5
717-1357,V10,21 AUG 2013,,4
717-1357,V8,19 JUN 2013,,5
717-1446,V10,29 DEC 2013,,4
717-1446,V12,16 FEB 2014,,4
717-1446,V8,30 OCT 2013,,4
718-1066,ET,30 JUL 2013,,5
718-1066,V201,13 JAN 2014,,5
718-1079,ET,06 NOV 2012,,4
718-1079,V201,05 MAR 2013,,3
718-1101,ET,02 AUG 2013,,4
718-1101,V10,14 JUN 2013,,5
718-1101,V8,13 APR 2013,,4
718-1139,V10,08 SEP 2013,,4
718-1139,V12,03 NOV 2013,,4
718-1139,V8,14 JUL 2013,,4
718-1150,V10,10 MAY 2013,,4
718-1150,V12,07 JUL 2013,,4
718-1150,V8,17 MAR 2013,,4
718-1170,ET,03 NOV 2013,,5
718-1170,V201,15 MAR 2014,,4
718-1172,ET,29 NOV 2013,,4
718-1172,V201,21 MAR 2014,,4
718-1172,V8,16 NOV 2013,,4
718-1250,ET,08 FEB 2014,,4
718-1250,V10,11 JAN 2014,,4
718-1250,V201,08 MAR 2014,,4
718-1250,V8,16 NOV 2013,,4
718-1254,V10,31 OCT 2013,,4
718-1254,V12,26 DEC 2013,,4
718-1254,V8,05 SEP 2013,,4
718-1328,ET,01 MAY 2013,,5
718-1328,V201,24 JUL 2013,,5
718-1328,V8,04 APR 2013,,5
718-1355,V10,20 JUN 2013,,4
718-1355,V12,15 AUG 2013,,4
718-1355,V8,25 APR 2013,,5
718-1371,ET,08 AUG 2013,,4
718-1427,ET,18 FEB 2013,,4
718-1427,V201,03 JUN 2013,,4
