SUBJECT,FOLDER,VISIT_DATE,NOT_OBTAINED,ITEM1,ITEM2,ITEM3,ITEM4,ITEM5,ITEM6
701-1015,V1,26 DEC 2013,,4,4,3,3,2,7
701-1023,V1,22 JUL 2012,,4,4,3,4,2,6
701-1028,V1,11 JUL 2013,,3,4,3,4,2,7
701-1033,V1,10 MAR 2014,,4,4,3,4,1,7
701-1034,V1,24 JUN 2014,,5,3,3,2,0,8
701-1047,V1,22 JAN 2013,,5,2,3,4,1,8
701-1097,V1,23 DEC 2013,,1,0,3,0,0,6
701-1111,V1,25 AUG 2012,,4,5,3,4,0,7
701-1115,V1,23 NOV 2012,,4,2,3,3,1,7
701-1118,V1,27 FEB 2014,,3,4,3,2,1,7
701-1130,V1,09 FEB 2014,,1,4,3,5,0,6
701-1133,V1,23 OCT 2012,,1,5,3,5,0,7
701-1146,V1,07 MAY 2013,,4,4,3,5,2,4
701-1148,V1,14 AUG 2013,,3,3,3,3,0,9
701-1153,V1,06 SEP 2013,,0,0,3,2,0,5
701-1180,V1,28 JAN 2013,,3,3,3,3,0,7
701-1181,V1,26 NOV 2013,,0,1,3,0,0,6
701-1188,V1,03 FEB 2013,,5,4,3,5,1,5
701-1192,V1,08 JUL 2012,,2,4,3,5,1,8
701-1203,V1,25 JAN 2013,,1,3,3,5,0,9
701-1211,V1,30 OCT 2012,,0,3,3,0,0,6
701-1234,V1,20 MAR 2013,,3,3,3,3,1,7
701-1239,V1,28 DEC 2013,,4,4,3,3,2,7
701-1275,V1,25 JAN 2014,,5,5,3,2,1,6
701-1287,V1,17 JAN 2014,,5,5,3,2,0,7
701-1294,V1,17 MAR 2013,,5,3,3,2,1,9
701-1302,V1,20 AUG 2013,,4,3,3,4,1,8
701-1317,V1,10 MAY 2014,,4,3,3,2,0,8
701-1324,V1,16 SEP 2012,,3,3,3,5,0,9
701-1341,V1,22 DEC 2012,,4,5,2,2,2,8
701-1345,V1,01 OCT 2013,,2,3,3,5,2,8
701-1360,V1,24 JUL 2013,,5,3,3,4,1,7
701-1363,V1,20 MAY 2013,,3,5,3,4,0,7
701-1383,V1,22 JAN 2013,,1,5,3,5,0,8
701-1387,V1,23 FEB 2014,,0,0,3,4,0,4
701-1392,V1,17 OCT 2012,,2,5,3,5,0,8
701-1415,V1,15 SEP 2013,,1,2,3,4,0,8
701-1429,V1,25 FEB 2013,,2,0,3,4,0,8
701-1440,V1,24 JUL 2013,,1,4,3,5,0,9
701-1442,V1,17 OCT 2013,,1,3,2,2,1,6
701-1444,V1,31 DEC 2012,,5,3,3,5,1,6
702-1082,V1,03 JUL 2013,,3,5,3,4,1,7
703-1042,V1,23 FEB 2013,,4,3,3,5,0,8
703-1076,V1,17 OCT 2013,,4,5,3,2,0,9
703-1086,V1,22 AUG 2012,,0,3,3,3,0,8
703-1096,V1,19 DEC 2012,,4,3,3,5,0,7
703-1100,V1,28 FEB 2013,,2,3,3,5,0,9
703-1119,V1,02 FEB 2013,,0,2,3,3,0,6
703-1175,V1,13 DEC 2013,,1,2,3,0,0,5
703-1182,V1,08 OCT 2013,,3,3,3,5,0,8
703-1197,V1,01 JUN 2013,,0,3,3,0,0,6
703-1210,V1,08 MAR 2013,,0,2,3,5,3,6
703-1258,V1,10 JUL 2012,,1,1,3,0,0,8
703-1279,V1,27 APR 2013,,1,1,3,2,0,7
703-1295,V1,24 OCT 2013,,3,2,3,5,0,7
703-1299,V1,07 SEP 2012,,4,4,3,5,0,7
703-1335,V1,28 FEB 2014,,0,2,3,0,0,5
703-1379,V1,12 SEP 2013,,1,0,3,1,0,7
703-1403,V1,05 DEC 2012,,3,4,3,5,0,8
703-1439,V1,04 MAR 2014,,3,2,3,1,0,7
704-1008,V1,06 JAN 2013,,5,3,3,3,2,5
704-1009,V1,20 AUG 2013,,3,2,3,5,0,8
704-1010,V1,08 FEB 2014,,1,1,3,4,0,8
704-1017,V1,20 SEP 2013,,1,3,3,5,0,9
704-1025,V1,18 SEP 2013,,2,1,3,4,1,6
704-1065,V1,17 OCT 2013,,2,2,3,5,0,8
704-1074,V1,19 JAN 2014,,0,2,3,5,0,7
704-1093,V1,22 FEB 2013,,2,0,3,5,0,8
704-1114,V1,09 JAN 2013,,2,2,3,5,0,8
704-1120,V1,18 NOV 2013,,2,2,3,3,0,6
704-1127,V1,16 SEP 2013,,2,3,3,5,0,9
704-1135,V1,23 OCT 2013,,3,4,3,5,0,8
704-1164,V1,11 SEP 2012,,0,2,3,4,0,7
704-1218,V1,11 NOV 2012,,4,3,2,4,0,9
704-1233,V1,08 MAR 2013,,1,0,1,5,0,8
704-1241,V1,14 AUG 2013,,2,5,3,5,0,6
704-1260,V1,23 AUG 2012,,0,1,3,3,0,9
704-1266,V1,05 OCT 2013,,1,3,2,5,0,5
704-1323,V1,13 JUN 2013,,2,5,3,5,0,8
704-1325,V1,16 APR 2014,,2,3,3,4,0,6
704-1332,V1,24 NOV 2013,,5,2,3,4,0,8
704-1351,V1,26 SEP 2013,,2,4,3,4,0,9
704-1388,V1,28 NOV 2012,,1,4,2,5,0,8
704-1435,V1,01 NOV 2012,,4,2,3,5,1,5
704-1445,V1,01 MAY 2014,,3,3,2,4,3,8
705-1018,V1,30 JUN 2013,,3,4,3,3,0,5
705-1031,V1,17 NOV 2013,,4,4,3,0,3,9
705-1059,V1,02 AUG 2013,,0,4,3,1,0,8
705-1186,V1,03 JAN 2014,,0,2,3,3,0,7
705-1199,V1,11 SEP 2013,,3,4,1,4,0,7
705-1280,V1,11 JAN 2014,,4,4,3,5,1,6
705-1281,V1,26 NOV 2013,,5,3,3,5,1,6
705-1282,V1,23 DEC 2012,,0,0,2,1,0,7
705-1292,V1,11 OCT 2013,,4,4,3,4,0,8
705-1303,V1,10 DEC 2013,,2,4,2,2,0,9
705-1310,V1,26 OCT 2013,,3,2,3,5,0,7
705-1349,V1,24 FEB 2013,,4,1,3,1,1,5
705-1377,V1,29 DEC 2013,,2,2,3,1,0,6
705-1382,V1,09 MAY 2013,,2,2,3,3,0,9
705-1393,V1,02 SEP 2012,,2,3,3,3,0,8
705-1431,V1,16 JUN 2013,,3,4,2,1,2,9
706-1041,V1,21 DEC 2013,,2,4,3,2,1,8
706-1049,V1,30 APR 2013,,1,3,3,2,0,7
706-1384,V1,25 AUG 2012,,4,1,3,5,0,7
707-1037,V1,12 DEC 2013,,3,3,3,5,1,9
707-1206,V1,20 OCT 2013,,3,2,3,5,0,8
708-1019,V1,10 DEC 2013,,1,3,3,1,1,8
708-1032,V1,02 FEB 2013,,1,4,3,2,0,8
708-1084,V1,01 MAY 2013,,5,4,3,1,2,8
708-1087,V1,06 OCT 2012,,2,3,3,0,2,7
708-1158,V1,01 FEB 2014,,1,3,3,1,0,8
708-1171,V1,25 NOV 2012,,1,2,3,0,0,7
708-1178,V1,13 DEC 2013,,0,2,3,0,0,5
708-1213,V1,01 FEB 2013,,1,1,3,1,1,7
708-1216,V1,14 OCT 2012,,1,2,3,4,0,7
708-1236,V1,08 SEP 2013,,2,3,3,3,2,9
708-1253,V1,26 APR 2013,,1,4,2,0,0,5
708-1272,V1,22 JAN 2013,,1,3,3,2,0,6
708-1286,V1,25 AUG 2013,,0,0,3,0,0,7
708-1296,V1,07 JUN 2013,,2,4,3,1,0,6
708-1297,V1,15 JAN 2013,,2,3,3,5,2,8
708-1316,V1,15 AUG 2013,,4,2,3,4,0,9
708-1336,V1,21 NOV 2012,,1,4,3,0,0,7
708-1342,V1,21 DEC 2012,,3,4,3,1,0,7
708-1347,V1,11 APR 2013,,5,5,3,1,0,8
708-1348,V1,28 JUL 2013,,1,1,3,1,0,7
708-1353,V1,17 JUN 2013,,1,2,3,2,0,8
708-1372,V1,03 APR 2013,,1,1,3,5,0,7
708-1378,V1,24 AUG 2013,,3,5,3,1,1,7
708-1406,V1,06 DEC 2013,,1,2,3,3,0,6
708-1428,V1,02 NOV 2013,,2,3,3,1,1,9
709-1001,V1,20 SEP 2013,,2,2,3,2,0,6
709-1007,V1,21 JUL 2012,,0,1,1,2,0,6
709-1020,V1,22 NOV 2012,,0,3,3,2,0,7
709-1029,V1,10 DEC 2012,,2,2,3,2,0,7
709-1081,V1,09 JAN 2014,,4,2,3,4,0,8
709-1088,V1,30 MAR 2014,,5,4,3,3,1,7
709-1099,V1,14 OCT 2013,,0,2,3,0,0,6
709-1102,V1,07 JAN 2013,,1,2,3,1,2,7
709-1168,V1,25 JUL 2013,,2,3,3,3,0,9
709-1217,V1,16 FEB 2013,,1,1,3,3,0,6
709-1238,V1,02 MAY 2013,,5,2,3,5,1,8
709-1259,V1,13 JAN 2013,,0,3,3,5,0,9
709-1285,V1,17 MAR 2013,,1,4,3,0,1,7
709-1301,V1,14 JUL 2013,,1,1,3,0,0,5
709-1306,V1,19 JAN 2014,,4,3,3,4,0,7
709-1309,V1,09 JUN 2013,,1,3,3,1,1,8
709-1312,V1,13 APR 2014,,2,2,3,2,0,5
709-1326,V1,21 MAR 2013,,0,2,3,2,0,4
709-1329,V1,01 AUG 2013,,0,1,3,1,0,5
709-1339,V1,15 DEC 2012,,4,2,3,5,2,7
709-1424,V1,15 FEB 2013,,1,3,3,3,0,8
710-1002,V1,30 DEC 2013,,2,2,3,2,1,7
710-1006,V1,27 JAN 2013,,0,2,3,0,0,7
710-1021,V1,19 SEP 2013,,1,2,2,0,0,6
710-1027,V1,03 FEB 2014,,4,2,3,1,2,8
710-1045,V1,20 MAY 2013,,2,2,3,1,0,6
710-1053,V1,15 DEC 2012,,3,4,3,2,0,8
710-1060,V1,24 DEC 2012,,2,2,3,5,2,9
710-1070,V1,28 AUG 2012,,2,0,3,0,0,5
710-1077,V1,03 NOV 2013,,0,2,3,3,0,6
710-1078,V1,06 SEP 2013,,2,3,3,5,0,8
710-1083,V1,09 JUL 2013,,2,2,3,1,0,6
710-1137,V1,03 OCT 2013,,1,2,3,4,0,8
710-1142,V1,12 SEP 2012,,5,3,3,5,0,7
710-1154,V1,08 MAR 2014,,3,1,3,1,0,5
710-1166,V1,10 NOV 2012,,1,3,3,2,0,9
710-1183,V1,24 OCT 2013,,1,2,3,2,0,8
710-1187,V1,26 OCT 2012,,0,1,3,1,0,6
710-1235,V1,13 SEP 2012,,3,5,3,1,1,7
710-1249,V1,19 DEC 2013,,4,4,3,1,1,7
710-1264,V1,02 JUN 2013,,2,2,2,2,0,6
710-1270,V1,01 FEB 2014,,0,1,3,1,0,6
710-1271,V1,04 SEP 2012,,3,1,3,2,0,9
710-1278,V1,13 DEC 2012,,0,3,3,0,0,8
710-1300,V1,04 DEC 2012,,0,1,3,5,0,4
710-1314,V1,21 APR 2013,,0,1,3,1,0,7
710-1315,V1,12 FEB 2013,,2,1,3,1,0,5
710-1354,V1,29 OCT 2012,,4,5,3,1,1,9
710-1358,V1,02 SEP 2012,,1,1,3,1,0,7
710-1368,V1,21 OCT 2013,,0,0,3,4,0,6
710-1385,V1,21 OCT 2012,,1,2,3,1,0,7
710-1408,V1,26 DEC 2012,,3,4,3,3,1,9
711-1012,V1,20 MAR 2013,,2,1,3,4,0,8
711-1036,V1,20 JUL 2012,,5,5,2,3,0,8
711-1143,V1,30 MAR 2013,,5,5,3,1,1,8
711-1433,V1,23 JAN 2013,,2,4,2,3,0,7
713-1043,V1,17 AUG 2013,,1,1,3,5,0,6
713-1073,V1,15 MAR 2014,,2,1,3,0,0,5
713-1106,V1,03 OCT 2012,,2,2,3,5,2,9
713-1141,V1,23 MAY 2013,,2,3,3,3,0,7
713-1179,V1,11 JUL 2013,,3,2,3,5,1,7
713-1209,V1,16 MAY 2013,,2,2,3,4,3,9
713-1256,V1,10 SEP 2012,,0,4,2,2,0,5
713-1269,V1,14 JAN 2014,,4,5,3,2,1,8
713-1448,V1,05 JAN 2014,,3,4,3,5,0,8
714-1035,V1,03 APR 2014,,1,3,3,2,0,8
714-1068,V1,31 JUL 2013,,1,3,3,2,2,7
714-1195,V1,16 APR 2013,,2,3,3,5,0,6
714-1288,V1,24 NOV 2013,,3,4,3,2,0,7
714-1375,V1,23 FEB 2013,,0,3,3,3,0,8
714-1425,V1,11 AUG 2013,,3,3,3,5,0,8
715-1085,V1,03 FEB 2013,,5,5,3,2,2,6
715-1107,V1,12 FEB 2013,,2,5,3,4,2,7
715-1155,V1,29 NOV 2013,,1,2,2,0,0,5
715-1207,V1,12 NOV 2012,,3,3,3,1,2,8
715-1319,V1,03 FEB 2013,,0,4,1,0,0,7
715-1321,V1,06 FEB 2014,,5,5,3,2,1,7
715-1397,V1,20 MAR 2013,,3,5,3,4,2,5
715-1405,V1,27 JUN 2013,,1,1,2,0,0,6
716-1024,V1,06 JUL 2012,,4,4,3,1,2,8
716-1026,V1,23 MAR 2014,,2,0,3,1,0,5
716-1030,V1,25 DEC 2013,,2,3,3,1,0,7
716-1044,V1,20 APR 2013,,2,3,3,1,1,4
716-1063,V1,06 MAY 2013,,2,3,3,1,0,8
716-1071,V1,03 JUN 2013,,3,0,3,4,1,9
716-1094,V1,16 DEC 2012,,0,1,3,2,0,5
716-1103,V1,18 MAR 2014,,2,4,3,1,3,9
716-1108,V1,04 FEB 2013,,4,2,3,3,1,8
716-1151,V1,23 JAN 2013,,1,4,3,3,2,9
716-1157,V1,23 SEP 2013,,2,4,3,2,0,9
716-1160,V1,23 MAR 2013,,5,3,3,2,1,9
716-1167,V1,30 SEP 2012,,3,4,3,1,0,8
716-1177,V1,29 AUG 2014,,4,3,3,3,0,8
716-1189,V1,07 OCT 2012,,1,2,3,5,1,9
716-1229,V1,14 FEB 2013,,5,4,3,3,0,7
716-1298,V1,04 APR 2013,,1,2,3,0,0,5
716-1308,V1,23 AUG 2013,,0,3,3,1,3,3
716-1311,V1,08 MAY 2014,,0,2,3,0,0,6
716-1364,V1,27 JUN 2013,,2,2,3,1,0,9
716-1373,V1,24 NOV 2012,,4,4,3,4,1,7
716-1418,V1,27 APR 2013,,4,4,3,2,0,7
716-1441,V1,13 JAN 2014,,4,2,3,3,1,9
716-1447,V1,10 DEC 2013,,5,4,3,2,1,7
717-1004,V1,01 JAN 2014,,0,2,3,1,0,7
717-1109,V1,20 JAN 2014,,1,2,3,5,0,9
717-1174,V1,16 JAN 2013,,4,4,3,2,0,9
717-1201,V1,12 DEC 2013,,3,3,3,5,1,8
717-1344,V1,01 JAN 2014,,4,3,3,1,1,9
717-1357,V1,21 APR 2013,,0,1,2,2,0,7
717-1446,V1,20 AUG 2013,,3,3,3,5,0,7
718-1066,V1,28 JUN 2013,,0,4,3,4,1,8
718-1079,V1,11 SEP 2012,,0,2,3,4,0,8
718-1101,V1,01 FEB 2013,,1,2,0,4,0,6
718-1139,V1,03 MAY 2013,,1,2,2,5,0,6
718-1150,V1,12 JAN 2013,,3,5,3,4,0,7
718-1170,V1,25 AUG 2013,,1,3,3,5,0,7
718-1172,V1,15 SEP 2013,,0,0,0,1,3,6
718-1250,V1,21 AUG 2013,,5,1,3,5,0,4
718-1254,V1,28 JUN 2013,,1,2,2,5,0,6
718-1328,V1,28 JAN 2013,,0,0,1,4,0,8
718-1355,V1,12 FEB 2013,,0,1,3,4,0,8
718-1371,V1,11 APR 2013,,3,0,3,3,0,7
718-1427,V1,13 DEC 2012,,0,2,3,5,0,9
