SUBJECT,FOLDER,VISIT_DATE,EDU_YEARS,SMOK_NOT_OBTAINED,CIGARETTES_DAY,CIGARS_DAY,PIPES_DAY,SMOK_YEARS,SMOK_QUIT_MMYY,ALC_NOT_OBTAINED,BEER_WEEK,WINE_WEEK,SPIRITS_WEEK
701-1015,V1,26 DEC 2013,16,,0,0,0,0,,,2,3,0
701-1023,V1,22 JUL 2012,14,,0,0,0,44,04/82,,L,L,L
701-1028,V1,11 JUL 2013,16,,0,0,0,28,02/82,,0,L,0
701-1033,V1,10 MAR 2014,12 yrs,,0,0,0,0,,,6,L,0
701-1034,V1,24 JUN 2014,9,,0,0,0,23,02/93,,6,0,0
701-1047,V1,22 JAN 2013,8,,0,0,0,25,02/85,,6,3,2
701-1057,V1,20 DEC 2013,17,,20,0,0,12,,,L,3,L
701-1097,V1,23 DEC 2013,18,,0,0,0,0,,,L,1,0
701-1111,V1,25 AUG 2012,22,,0,0,0,0,,,2,1,0
701-1115,V1,23 NOV 2012,12,,0,0,0,11,01/88,,L,0,0
701-1118,V1,27 FEB 2014,14,,0,0,0,0,,,0,0,0
701-1130,V1,09 FEB 2014,12,,0,0,0,17,01/89,,L,1,0
701-1133,V1,23 OCT 2012,10,X,,,,,,,0,L,0
701-1145,V1,05 SEP 2013,16,X,,,,,,,6,L,0
701-1146,V1,07 MAY 2013,16,,0,0,0,0,,,6,L,0
701-1148,V1,14 AUG 2013,15,,0,0,0,25,03/92,,2,L,L
701-1153,V1,06 SEP 2013,6,,0,0,0,19,07/91,,6,L,2
701-1162,V1,18 APR 2013,17,,0,0,0,26,12/88,,6,0,L
701-1176,V1,30 SEP 2012,13,,0,0,0,32,01/87,,0,7,0
701-1180,V1,28 JAN 2013,16,,0,0,0,0,,,2,7,0
701-1181,V1,26 NOV 2013,15,,0,0,0,0,,,0,1,2
701-1188,V1,03 FEB 2013,16,,0,0,0,36,11/87,,6,7,0
701-1192,V1,08 JUL 2012,12,,0,0,0,0,,,0,3,0
701-1203,V1,25 JAN 2013,13,,0,0,0,43,06/80,,L,0,0
701-1211,V1,30 OCT 2012,12,,0,0,0,0,,,0,L,0
701-1234,V1,20 MAR 2013,18,,0,0,0,27,04/91,,0,3,2
701-1239,V1,28 DEC 2013,11,,0,0,0,49,03/86,,2,0,2
701-1240,V1,22 SEP 2013,14,,30,0,0,10,,,2,0,0
701-1275,V1,25 JAN 2014,12,,0,0,0,0,,,0,3,0
701-1287,V1,17 JAN 2014,14,,0,0,0,0,,,0,0,L
701-1294,V1,17 MAR 2013,16,,0,0,0,0,,,6,0,L
701-1302,V1,20 AUG 2013,15,,0,0,0,0,,,0,1,0
701-1307,V1,08 DEC 2013,12,,20,L,0,44,,,6,3,0
701-1317,V1,10 MAY 2014,20,,0,0,0,0,,,2,7,0
701-1324,V1,16 SEP 2012,18,,0,0,0,6,08/80,,6,0,2
701-1341,V1,22 DEC 2012,24,,0,0,0,0,,,0,7,0
701-1345,V1,01 OCT 2013,15,,0,0,0,0,,,0,3,L
701-1356,V1,01 APR 2014,16,,0,0,0,0,,,L,0,0
701-1360,V1,24 JUL 2013,10,,0,0,0,0,,,6,0,0
701-1363,V1,20 MAY 2013,13,,0,0,0,0,,,0,3,0
701-1369,V1,18 SEP 2013,10,,0,0,0,0,,,0,0,0
701-1383,V1,22 JAN 2013,12,,0,0,0,0,,,0,7,0
701-1386,V1,28 DEC 2013,18,,0,0,0,9,04/85,,L,0,0
701-1387,V1,23 FEB 2014,12,,0,0,0,35,08/95,,0,7,2
701-1392,V1,17 OCT 2012,16,,0,0,0,0,,,0,7,0
701-1411,V1,14 NOV 2012,18,,0,0,0,26,11/88,,0,0,0
701-1415,V1,15 SEP 2013,10,,0,0,0,0,,,0,0,0
701-1429,V1,25 FEB 2013,12,,0,0,0,0,,,2,1,0
701-1440,V1,24 JUL 2013,18,,0,0,0,39,03/96,,6,L,2
701-1442,V1,17 OCT 2013,12,,0,0,0,0,,,0,7,L
701-1444,V1,31 DEC 2012,14,,0,0,0,7,05/88,,0,0,0
702-1082,V1,03 JUL 2013,18,,0,0,0,0,,,L,1,0
703-1042,V1,23 FEB 2013,12,,5,0,0,14,,,6,0,0
703-1076,V1,17 OCT 2013,10,,0,0,0,0,,,L,7,0
703-1086,V1,22 AUG 2012,17,,0,0,0,0,,,0,1,0
703-1096,V1,19 DEC 2012,6,,20,0,0,27,,,L,L,L
703-1100,V1,28 FEB 2013,8,,20,0,0,32,,,0,0,0
703-1119,V1,02 FEB 2013,16,,0,0,0,0,,,0,0,0
703-1175,V1,13 DEC 2013,16,,0,0,0,48,03/88,,0,3,2
703-1182,V1,08 OCT 2013,12,,0,0,0,0,,,L,0,L
703-1197,V1,01 JUN 2013,5,,0,0,0,0,,,6,1,0
703-1210,V1,08 MAR 2013,12,,0,0,0,0,,,0,0,2
703-1258,V1,10 JUL 2012,12,,0,0,0,46,09/80,,0,7,2
703-1279,V1,27 APR 2013,12,,0,0,0,0,,,0,1,0
703-1295,V1,24 OCT 2013,8,,10,0,0,37,,,0,0,0
703-1299,V1,07 SEP 2012,12,,0,0,0,0,,,0,1,0
703-1335,V1,28 FEB 2014,11,,0,0,0,0,,,2,3,0
703-1379,V1,12 SEP 2013,7,,0,0,0,0,,,0,1,0
703-1396,V1,09 FEB 2014,11,,0,0,0,39,03/87,,L,1,0
703-1403,V1,05 DEC 2012,12,,10,0,0,28,,,0,1,0
703-1439,V1,04 MAR 2014,12,,20,0,0,48,,,0,0,L
704-1008,V1,06 JAN 2013,12,,0,0,0,12,05/77,,2,0,0
704-1009,V1,20 AUG 2013,16,,0,0,0,0,,,6,3,0
704-1010,V1,08 FEB 2014,14,,0,0,0,0,,,6,1,0
704-1017,V1,20 SEP 2013,12,,20,0,0,20,,,0,1,0
704-1025,V1,18 SEP 2013,18,,0,0,0,0,,,0,7,2
704-1065,V1,17 OCT 2013,12,,0,0,0,0,,,2,0,L
704-1074,V1,19 JAN 2014,16,,0,0,0,0,,,2,0,0
704-1093,V1,22 FEB 2013,12,,0,0,0,0,,,L,0,0
704-1114,V1,09 JAN 2013,8,,0,0,0,0,,,0,7,0
704-1120,V1,18 NOV 2013,13,,0,0,0,28,12/79,,0,1,0
704-1127,V1,16 SEP 2013,12,,0,0,0,0,,,2,0,0
704-1135,V1,23 OCT 2013,14,,0,0,0,0,,,0,3,0
704-1164,V1,11 SEP 2012,10,,0,0,0,0,,,0,L,0
704-1218,V1,11 NOV 2012,12,,30,0,0,18,,,L,L,0
704-1233,V1,08 MAR 2013,16,,0,0,0,0,,,0,L,0
704-1241,V1,14 AUG 2013,14,,0,0,0,0,,,0,7,0
704-1260,V1,23 AUG 2012,16,,0,0,0,0,,,2,L,0
704-1266,V1,05 OCT 2013,12,,0,0,0,0,,,0,3,L
704-1323,V1,13 JUN 2013,16,,10,0,0,15,,,0,L,0
704-1325,V1,16 APR 2014,16,,0,0,0,0,,,0,L,0
704-1332,V1,24 NOV 2013,9,,0,0,0,39,06/77,,0,3,0
704-1351,V1,26 SEP 2013,12,,0,0,0,0,,,0,7,L
704-1388,V1,28 NOV 2012,11,,5,0,0,39,,,6,L,0
704-1435,V1,01 NOV 2012,16,,0,0,0,0,,,2,1,0
704-1445,V1,01 MAY 2014,12,,30,0,0,19,,,0,1,2
705-1011,V1,01 SEP 2013,18,,0,0,0,0,,,6,1,L
705-1018,V1,30 JUN 2013,6,,0,0,0,37,08/94,,L,0,2
705-1031,V1,17 NOV 2013,16,,0,0,0,0,,,0,3,L
705-1058,V1,02 DEC 2013,13,,0,0,0,0,,,L,L,0
705-1059,V1,02 AUG 2013,12,,30,L,0,15,,,2,7,2
705-1112,V1,23 FEB 2014,10,,0,0,0,0,,,L,0,0
705-1186,V1,03 JAN 2014,12,,0,0,0,0,,,L,0,0
705-1199,V1,11 SEP 2013,20,,0,0,0,0,,,0,0,0
705-1243,V1,26 FEB 2013,12,,0,0,0,0,,,0,3,0
705-1280,V1,11 JAN 2014,12,,0,0,0,0,,,0,0,0
705-1281,V1,26 NOV 2013,12,,0,0,0,0,,,0,7,0
705-1282,V1,23 DEC 2012,12,,0,0,0,0,,,0,0,L
705-1292,V1,11 OCT 2013,8,,10,L,0,42,,,0,3,0
705-1303,V1,10 DEC 2013,12,,10,0,0,10,,,0,0,L
705-1310,V1,26 OCT 2013,12,,0,0,0,0,,,0,0,0
705-1349,V1,24 FEB 2013,10,,0,0,0,0,,,0,3,2
705-1377,V1,29 DEC 2013,6,,0,0,0,0,,,2,7,0
705-1382,V1,09 MAY 2013,12,,0,0,0,34,05/88,,L,1,0
705-1393,V1,02 SEP 2012,13,,0,0,0,0,,,6,0,0
705-1421,V1,14 JAN 2013,9,,0,0,0,0,,,2,0,0
705-1431,V1,16 JUN 2013,12,,0,0,0,40,11/77,,0,1,L
706-1041,V1,21 DEC 2013,15,,20,0,0,40,,,0,0,L
706-1049,V1,30 APR 2013,11,,0,0,0,0,,,L,L,0
706-1384,V1,25 AUG 2012,8,,0,0,0,0,,,L,L,2
707-1037,V1,12 DEC 2013,14,,0,0,0,0,,,0,7,L
707-1206,V1,20 OCT 2013,7,,0,0,0,48,12/89,,0,0,0
707-1276,V1,12 OCT 2012,16,,0,0,0,0,,,6,0,L
707-1430,V1,14 FEB 2014,13,,0,0,0,25,10/87,,L,7,0
707-1434,V1,25 JUL 2013,13,,10,0,0,45,,,0,1,L
708-1013,V1,13 OCT 2012,10,,0,0,0,0,,,2,0,0
708-1019,V1,10 DEC 2013,18,,30,0,0,22,,,0,0,0
708-1032,V1,02 FEB 2013,12,,0,0,0,13,02/78,,0,7,2
708-1054,V1,14 FEB 2014,11,,0,0,0,0,,,0,3,0
708-1067,V1,07 FEB 2013,15,,0,0,0,0,,,0,0,0
708-1084,V1,01 MAY 2013,12,,0,0,0,0,,,6,0,0
708-1087,V1,06 OCT 2012,12,,0,0,0,40,08/89,,0,0,L
708-1104,V1,23 JAN 2014,15,,0,0,0,0,,,6,1,0
708-1158,V1,01 FEB 2014,8,,0,0,0,0,,,0,L,2
708-1171,V1,25 NOV 2012,09,,0,0,0,14,05/80,,2,3,2
708-1178,V1,13 DEC 2013,08,,0,0,0,8,03/97,,0,1,0
708-1184,V1,14 JAN 2013,15,,20,0,0,20,,,L,1,L
708-1213,V1,01 FEB 2013,12,,0,0,0,0,,,0,0,0
708-1216,V1,14 OCT 2012,12,,0,0,0,0,,,0,1,0
708-1236,V1,08 SEP 2013,08,,0,0,0,0,,,0,1,0
708-1242,V1,13 AUG 2012,14,,0,0,0,22,03/83,,0,L,0
708-1253,V1,26 APR 2013,12,,0,0,0,0,,,0,0,0
708-1272,V1,22 JAN 2013,11,,0,0,0,0,,,6,3,2
708-1286,V1,25 AUG 2013,12,,0,0,0,0,,,2,1,0
708-1296,V1,07 JUN 2013,18,,10,0,0,14,,,L,3,0
708-1297,V1,15 JAN 2013,13,,0,0,0,0,,,0,3,0
708-1316,V1,15 AUG 2013,12,,0,0,0,33,08/85,,L,0,0
708-1336,V1,21 NOV 2012,18,,0,0,0,0,,,L,1,0
708-1342,V1,21 DEC 2012,13,,0,0,0,39,12/75,,L,L,2
708-1347,V1,11 APR 2013,12,,30,L,0,5,,,L,L,0
708-1348,V1,28 JUL 2013,12,,0,0,0,0,,,0,L,0
708-1352,V1,16 SEP 2013,14,,0,0,0,0,,,6,0,2
708-1353,V1,17 JUN 2013,16,,0,0,0,0,,,0,0,0
708-1372,V1,03 APR 2013,8,,10,0,0,41,,,0,L,0
708-1378,V1,24 AUG 2013,13,,20,L,0,38,,,0,3,0
708-1406,V1,06 DEC 2013,13,,0,0,0,0,,,L,3,0
708-1428,V1,02 NOV 2013,8,,0,0,0,0,,,L,L,2
709-1001,V1,20 SEP 2013,12,,0,0,0,0,,,0,0,0
709-1007,V1,21 JUL 2012,21,,0,0,0,0,,,0,1,L
709-1020,V1,22 NOV 2012,12,,0,0,0,0,,,0,0,0
709-1029,V1,10 DEC 2012,20,,0,0,0,43,09/87,,0,3,2
709-1081,V1,09 JAN 2014,9,,0,0,0,0,,,L,1,0
709-1088,V1,30 MAR 2014,16,,0,0,0,16,05/84,,2,7,0
709-1099,V1,14 OCT 2013,12,,0,0,0,0,,,L,L,L
709-1102,V1,07 JAN 2013,14,,0,0,0,0,,,0,0,0
709-1168,V1,25 JUL 2013,12,,0,0,0,0,,,2,3,0
709-1217,V1,16 FEB 2013,6,,0,0,0,0,,,0,3,0
709-1224,V1,18 NOV 2013,13,,0,0,0,0,,,0,0,0
709-1237,V1,17 JAN 2014,12,,10,0,0,21,,,2,L,0
709-1238,V1,02 MAY 2013,8,,0,0,0,0,,,0,0,2
709-1259,V1,13 JAN 2013,18,,20,0,0,42,,,0,L,0
709-1285,V1,17 MAR 2013,6,,0,0,0,0,,,0,1,2
709-1301,V1,14 JUL 2013,10,,0,0,0,0,,,0,1,0
709-1306,V1,19 JAN 2014,12,,0,0,0,0,,,0,0,L
709-1309,V1,09 JUN 2013,16,,10,0,0,38,,,0,0,0
709-1312,V1,13 APR 2014,13,,0,0,0,0,,,0,1,0
709-1326,V1,21 MAR 2013,16,,0,0,0,0,,,2,1,0
709-1329,V1,01 AUG 2013,16,,0,0,0,0,,,L,0,0
709-1339,V1,15 DEC 2012,16,,0,0,0,10,01/78,,0,1,0
709-1424,V1,15 FEB 2013,16,,0,0,0,0,,,L,1,0
710-1002,V1,30 DEC 2013,12,,10,0,0,46,,,0,0,2
710-1006,V1,27 JAN 2013,12,,30,0,0,17,,,0,1,L
710-1021,V1,19 SEP 2013,8,,0,0,0,44,04/84,,0,L,0
710-1027,V1,03 FEB 2014,12,,20,L,0,39,,,0,1,0
710-1045,V1,20 MAY 2013,12,,0,0,0,0,,,0,0,0
710-1053,V1,15 DEC 2012,12,,0,0,0,0,,,0,0,L
710-1060,V1,24 DEC 2012,16,,0,0,0,0,,,L,3,0
710-1070,V1,28 AUG 2012,10,,0,0,0,0,,,0,3,L
710-1077,V1,03 NOV 2013,12,,0,0,0,0,,,L,0,0
710-1078,V1,06 SEP 2013,12,,0,0,0,5,06/95,,0,0,0
710-1083,V1,09 JUL 2013,14,,0,0,0,10,06/86,,L,0,0
710-1129,V1,05 MAR 2013,12,,0,0,0,0,,,0,3,0
710-1137,V1,03 OCT 2013,16,,0,0,0,0,,,0,7,0
710-1142,V1,12 SEP 2012,12,,20,0,0,24,,,2,L,2
710-1149,V1,16 NOV 2013,14,,10,0,0,36,,,0,0,0
710-1154,V1,08 MAR 2014,3,,20,0,0,18,,,L,3,0
710-1166,V1,10 NOV 2012,12,,0,0,0,0,,,0,0,0
710-1183,V1,24 OCT 2013,8,,0,0,0,0,,,2,7,0
710-1187,V1,26 OCT 2012,8,,0,0,0,0,,,0,1,2
710-1235,V1,13 SEP 2012,16,,0,0,0,0,,,0,0,0
710-1249,V1,19 DEC 2013,12,,5,L,0,48,,,6,L,2
710-1257,V1,29 NOV 2013,14,,0,0,0,0,,,6,0,0
710-1264,V1,02 JUN 2013,12,,0,0,0,0,,,L,0,L
710-1270,V1,01 FEB 2014,12,,0,0,0,0,,,0,0,0
710-1271,V1,04 SEP 2012,16,,0,0,0,0,,,L,1,0
710-1278,V1,13 DEC 2012,20,,0,0,0,0,,,L,3,0
710-1300,V1,04 DEC 2012,12,,0,0,0,0,,,2,1,0
710-1314,V1,21 APR 2013,12,,0,0,0,0,,,0,0,0
710-1315,V1,12 FEB 2013,12,,0,0,0,0,,,0,7,0
710-1337,V1,30 DEC 2013,9,,0,0,0,32,06/85,,0,0,0
710-1354,V1,29 OCT 2012,16,,0,0,0,0,,,0,1,0
710-1358,V1,02 SEP 2012,6,,0,0,0,25,02/76,,L,3,0
710-1368,V1,21 OCT 2013,12,,0,0,0,0,,,6,7,L
710-1376,V1,21 APR 2014,17,,0,0,0,0,,,0,7,0
710-1380,V1,02 JUN 2013,14,,0,0,0,38,04/77,,0,0,0
710-1385,V1,21 OCT 2012,18,,0,0,0,25,07/99,,0,3,0
710-1408,V1,26 DEC 2012,12,,0,0,0,0,,,0,0,0
710-1443,V1,13 DEC 2013,9,,30,0,0,38,,,0,0,0
711-1012,V1,20 MAR 2013,12,,0,0,0,0,,,0,0,2
711-1022,V1,17 MAR 2014,17,,0,0,0,35,04/89,,L,0,0
711-1036,V1,20 JUL 2012,9,,0,0,0,0,,,0,7,L
711-1143,V1,30 MAR 2013,12,,0,0,0,0,,,L,3,0
711-1163,V1,08 NOV 2012,8,,0,0,0,0,,,6,0,0
711-1173,V1,04 OCT 2012,10,,0,0,0,37,11/97,,0,7,0
711-1226,V1,24 OCT 2013,8,,0,0,0,0,,,2,7,0
711-1251,V1,28 FEB 2014,11,,0,0,0,22,04/88,,0,7,L
711-1283,V1,27 MAR 2014,13,,5,L,0,37,,,0,0,0
711-1284,V1,05 AUG 2013,16,,0,0,0,0,,,0,1,0
711-1290,V1,20 DEC 2013,10,,0,0,0,0,,,L,0,0
711-1433,V1,23 JAN 2013,12,,0,0,0,33,07/85,,2,0,0
713-1043,V1,17 AUG 2013,8,,0,0,0,22,02/81,,L,L,0
713-1073,V1,15 MAR 2014,6,,0,0,0,0,,,0,7,2
713-1106,V1,03 OCT 2012,16,,0,0,0,0,,,0,3,2
713-1141,V1,23 MAY 2013,13,,0,0,0,0,,,L,7,0
713-1179,V1,11 JUL 2013,12,,0,0,0,0,,,L,0,0
713-1209,V1,16 MAY 2013,12,,30,0,0,15,,,0,1,0
713-1256,V1,10 SEP 2012,16,,0,0,0,0,,,6,L,0
713-1269,V1,14 JAN 2014,16,,0,0,0,35,12/99,,0,3,0
713-1448,V1,05 JAN 2014,13,,0,0,0,0,,,0,1,2
714-1035,V1,03 APR 2014,12,,0,0,0,0,,,6,1,L
714-1068,V1,31 JUL 2013,9,,0,0,0,22,11/88,,L,L,0
714-1195,V1,16 APR 2013,16,,0,0,0,47,02/99,,0,0,2
714-1288,V1,24 NOV 2013,6,,0,0,0,0,,,0,3,0
714-1375,V1,23 FEB 2013,10,,30,0,0,39,,,2,0,0
714-1425,V1,11 AUG 2013,16,,0,0,0,20,09/84,,0,L,0
715-1085,V1,03 FEB 2013,14,,5,0,0,35,,,0,3,0
715-1107,V1,12 FEB 2013,12,,0,0,0,0,,,0,0,0
715-1134,V1,17 APR 2014,9,,0,0,0,0,,,0,0,0
715-1155,V1,29 NOV 2013,12,,0,0,0,11,04/87,,0,7,L
715-1207,V1,12 NOV 2012,7,,0,0,0,49,11/75,,2,0,0
715-1225,V1,22 JAN 2013,15,,0,0,0,0,,,2,0,0
715-1319,V1,03 FEB 2013,13,,0,0,0,0,,,0,L,L
715-1321,V1,06 FEB 2014,12,,10,0,0,49,,,L,0,2
715-1333,V1,03 JUN 2013,13,,0,0,0,0,,,0,L,0
715-1397,V1,20 MAR 2013,11,,0,0,0,0,,,2,0,0
715-1405,V1,27 JUN 2013,16,,20,0,0,30,,,0,0,0
715-1407,V1,24 OCT 2012,10,,0,0,0,0,,,0,3,L
716-1003,V1,29 MAR 2014,13,,0,0,0,0,,,0,0,0
716-1024,V1,06 JUL 2012,12,,0,0,0,0,,,L,7,L
716-1026,V1,23 MAR 2014,12,,0,0,0,0,,,0,L,0
716-1030,V1,25 DEC 2013,12,,0,0,0,6,01/83,,L,0,L
716-1044,V1,20 APR 2013,12,,0,0,0,6,12/92,,0,0,0
716-1061,V1,14 FEB 2014,15,,0,0,0,0,,,0,L,0
716-1063,V1,06 MAY 2013,8,,0,0,0,25,04/77,,0,7,2
716-1071,V1,03 JUN 2013,12,,0,0,0,8,03/91,,6,L,0
716-1094,V1,16 DEC 2012,8,,0,0,0,28,10/76,,0,3,0
716-1103,V1,18 MAR 2014,8,,0,0,0,0,,,0,0,L
716-1108,V1,04 FEB 2013,12,,0,0,0,0,,,2,L,2
716-1151,V1,23 JAN 2013,18,,0,0,0,0,,,0,7,L
716-1157,V1,23 SEP 2013,14,,5,0,0,5,,,0,L,0
716-1160,V1,23 MAR 2013,12,,0,0,0,0,,,0,0,0
716-1167,V1,30 SEP 2012,12,,0,0,0,0,,,0,1,0
716-1177,V1,29 AUG 2014,12,,0,0,0,19,11/85,,0,0,0
716-1189,V1,07 OCT 2012,9,,10,0,0,37,,,L,0,0
716-1229,V1,14 FEB 2013,16,,0,0,0,0,,,0,0,2
716-1244,V1,15 AUG 2013,12,,0,0,0,0,,,6,1,L
716-1298,V1,04 APR 2013,12,,0,0,0,0,,,0,0,2
716-1305,V1,06 AUG 2013,15,,0,0,0,0,,,0,1,L
716-1308,V1,23 AUG 2013,13,,30,0,0,5,,,2,3,0
716-1311,V1,08 MAY 2014,14,,0,0,0,37,01/75,,2,3,L
716-1331,V1,25 NOV 2013,12,,0,0,0,0,,,6,7,L
716-1364,V1,27 JUN 2013,12,,0,0,0,0,,,0,1,0
716-1373,V1,24 NOV 2012,16,,0,0,0,0,,,0,0,0
716-1418,V1,27 APR 2013,8,,0,0,0,0,,,6,L,0
716-1441,V1,13 JAN 2014,10,,0,0,0,16,05/87,,6,7,0
716-1447,V1,10 DEC 2013,14,,0,0,0,47,02/85,,L,L,2
717-1004,V1,01 JAN 2014,15,,30,0,0,46,,,2,0,0
717-1109,V1,20 JAN 2014,17,,0,0,0,37,03/85,,0,1,0
717-1174,V1,16 JAN 2013,16,,0,0,0,40,06/81,,0,0,0
717-1201,V1,12 DEC 2013,12,,5,0,0,9,,,6,3,2
717-1344,V1,01 JAN 2014,16,,0,0,0,23,02/96,,2,7,0
717-1357,V1,21 APR 2013,14,,0,0,0,15,12/75,,2,0,L
717-1446,V1,20 AUG 2013,12,,0,0,0,0,,,L,3,0
718-1066,V1,28 JUN 2013,14,,0,0,0,0,,,L,0,L
718-1079,V1,11 SEP 2012,16,,0,0,0,0,,,L,7,0
718-1101,V1,01 FEB 2013,12,,0,0,0,24,11/94,,L,1,0
718-1139,V1,03 MAY 2013,14,,0,0,0,33,12/88,,L,1,2
718-1150,V1,12 JAN 2013,16,,0,0,0,14,05/94,,L,1,0
718-1170,V1,25 AUG 2013,12,,0,0,0,0,,,6,3,2
718-1172,V1,15 SEP 2013,21,,10,0,0,32,,,0,0,2
718-1250,V1,21 AUG 2013,21,,0,0,0,0,,,6,7,L
718-1254,V1,28 JUN 2013,18,,0,0,0,0,,,L,L,0
718-1328,V1,28 JAN 2013,12,,0,0,0,17,03/83,,0,0,2
718-1355,V1,12 FEB 2013,15,,0,0,0,0,,,0,1,L
718-1371,V1,11 APR 2013,10,,0,0,0,0,,,6,3,0
718-1427,V1,13 DEC 2012,16,,0,0,0,35,05/75,,0,7,0
