SUBJECT,FOLDER,VISIT_DATE,VISIT_NO
701-1015,V1,26 DEC 2013,
701-1015,V2,31 DEC 2013,
701-1015,V3,02 JAN 2014,
701-1015,V3E,14 JAN 2014,
701-1015,V4,16 JAN 2014,
701-1015,V5,30 JAN 2014,
701-1015,V6,01 FEB 2014,
701-1015,V7,12 FEB 2014,
701-1015,V8,05 MAR 2014,
701-1015,V9,26 MAR 2014,
701-1015,V9T,09 APR 2014,
701-1015,V10,07 MAY 2014,
701-1015,V11,21 MAY 2014,
701-1015,V11T,04 JUN 2014,
701-1015,V12,18 JUN 2014,
701-1015,V13,02 JUL 2014,
701-1023,V1,22 JUL 2012,
701-1023,V2,03 AUG 2012,
701-1023,V3,05 AUG 2012,
701-1023,V3E,26 AUG 2012,
701-1023,V4,27 AUG 2012,
701-1023,ET,02 SEP 2012,5
701-1023,UNS,18 FEB 2013,
701-1023,V501,18 FEB 2013,
701-1023,V201,18 FEB 2013,
701-1028,V1,11 JUL 2013,
701-1028,V2,17 JUL 2013,
701-1028,V3,19 JUL 2013,
701-1028,V3E,31 JUL 2013,
701-1028,V4,01 AUG 2013,
701-1028,V5,14 AUG 2013,
701-1028,V6,16 AUG 2013,
701-1028,V7,29 AUG 2013,
701-1028,V8,10 SEP 2013,
701-1028,V8T,24 SEP 2013,
701-1028,V9,09 OCT 2013,
701-1028,V9T,23 OCT 2013,
701-1028,V10,06 NOV 2013,
701-1028,V10T,20 NOV 2013,
701-1028,V11,04 DEC 2013,
701-1028,V11T,18 DEC 2013,
701-1028,V12,06 JAN 2014,
701-1028,V13,14 JAN 2014,
701-1033,V1,10 MAR 2014,
701-1033,V2,16 MAR 2014,
701-1033,V3,18 MAR 2014,
701-1033,V3E,31 MAR 2014,
701-1033,V4,01 APR 2014,
701-1033,ET,14 APR 2014,5
701-1033,V201,15 SEP 2014,
701-1034,V1,24 JUN 2014,
701-1034,V2,29 JUN 2014,
701-1034,V3,01 JUL 2014,
701-1034,V4,15 JUL 2014,
701-1034,V5,29 JUL 2014,
701-1034,V6,31 JUL 2014,
701-1034,V7,11 AUG 2014,
701-1034,V8,26 AUG 2014,
701-1034,V8T,09 SEP 2014,
701-1034,V9,25 SEP 2014,
701-1034,V9T,07 OCT 2014,
701-1034,V10,21 OCT 2014,
701-1034,V10T,04 NOV 2014,
701-1034,V11,18 NOV 2014,
701-1034,V11T,02 DEC 2014,
701-1034,V12,17 DEC 2014,
701-1034,V13,30 DEC 2014,
701-1047,V1,22 JAN 2013,
701-1047,V2,10 FEB 2013,
701-1047,V3,12 FEB 2013,
701-1047,V3E,24 FEB 2013,
701-1047,V4,25 FEB 2013,
701-1047,V5,10 MAR 2013,
701-1047,ET,29 MAR 2013,6
701-1047,UNS,07 APR 2013,
701-1047,V201,28 JUL 2013,
701-1057,V1,20 DEC 2013,
701-1097,V1,23 DEC 2013,
701-1097,V2,30 DEC 2013,
701-1097,V3,01 JAN 2014,
701-1097,V3E,14 JAN 2014,
701-1097,V4,15 JAN 2014,
701-1097,V5,29 JAN 2014,
701-1097,V6,04 FEB 2014,
701-1097,V7,11 FEB 2014,
701-1097,V8,26 FEB 2014,
701-1097,V9,26 MAR 2014,
701-1097,V9T,09 APR 2014,
701-1097,V10,23 APR 2014,
701-1097,V10T,07 MAY 2014,
701-1097,V11,21 MAY 2014,
701-1097,V11T,04 JUN 2014,
701-1097,V12,18 JUN 2014,
701-1097,V13,09 JUL 2014,
701-1111,V1,25 AUG 2012,
701-1111,V2,05 SEP 2012,
701-1111,V3,07 SEP 2012,
701-1111,ET,17 SEP 2012,4
701-1111,V501,29 SEP 2012,
701-1111,V201,22 FEB 2013,
701-1115,V1,23 NOV 2012,
701-1115,V2,28 NOV 2012,
701-1115,V3,30 NOV 2012,
701-1115,V3E,12 DEC 2012,
701-1115,V4,13 DEC 2012,
701-1115,V5,26 DEC 2012,
701-1115,UNS,28 DEC 2012,
701-1115,V6,28 DEC 2012,
701-1115,V7,10 JAN 2013,
701-1115,ET,23 JAN 2013,8
701-1115,V501,14 FEB 2013,
701-1115,V201,20 MAY 2013,
701-1118,V1,27 FEB 2014,
701-1118,V2,10 MAR 2014,
701-1118,V3,12 MAR 2014,
701-1118,V3E,25 MAR 2014,
701-1118,V4,26 MAR 2014,
701-1118,V5,09 APR 2014,
701-1118,V6,11 APR 2014,
701-1118,V7,23 APR 2014,
701-1118,V8,08 MAY 2014,
701-1118,V8T,21 MAY 2014,
701-1118,V9,05 JUN 2014,
701-1118,V9T,18 JUN 2014,
701-1118,V10,02 JUL 2014,
701-1118,V10T,16 JUL 2014,
701-1118,V11,30 JUL 2014,
701-1118,V11T,13 JUL 2014,
701-1118,V12,27 AUG 2014,
701-1118,V13,09 SEP 2014,
701-1130,V1,09 FEB 2014,
701-1130,V2,13 FEB 2014,
701-1130,V3,15 FEB 2014,
701-1130,V3E,28 FEB 2014,
701-1130,V4,01 MAR 2014,
701-1130,V5,15 MAR 2014,
701-1130,V6,17 MAR 2014,
701-1130,V7,29 MAR 2014,
701-1130,V8,12 APR 2014,
701-1130,V8T,26 APR 2014,
701-1130,V9,16 MAY 2014,
701-1130,V9T,24 MAY 2014,
701-1130,V10,07 JUN 2014,
701-1130,V10T,21 JUN 2014,
701-1130,V11,02 JUL 2014,
701-1130,V11T,19 JUL 2014,
701-1130,V12,02 AUG 2014,
701-1130,V13,16 AUG 2014,
701-1133,V1,23 OCT 2012,
701-1133,V2,26 OCT 2012,
701-1133,V3,28 OCT 2012,
701-1133,V3E,11 NOV 2012,
701-1133,V4,12 NOV 2012,
701-1133,V5,26 NOV 2012,
701-1133,V6,28 NOV 2012,
701-1133,V7,11 DEC 2012,
701-1133,V8,24 DEC 2012,
701-1133,V8T,07 JAN 2013,
701-1133,V9,22 JAN 2013,
701-1133,V9T,04 FEB 2013,
701-1133,V10,18 FEB 2013,
701-1133,V10T,04 MAR 2013,
701-1133,V11,18 MAR 2013,
701-1133,V11T,01 APR 2013,
701-1133,V12,18 APR 2013,
701-1133,V13,29 APR 2013,
701-1145,V1,05 SEP 2013,
701-1146,V1,07 MAY 2013,
701-1146,V2,18 MAY 2013,
701-1146,V3,20 MAY 2013,
701-1146,V3E,02 JUN 2013,
701-1146,V4,03 JUN 2013,
701-1146,V5,16 JUN 2013,
701-1146,V6,18 JUN 2013,
701-1146,ET,30 JUN 2013,7
701-1146,V501,15 JUL 2013,
701-1148,V1,14 AUG 2013,
701-1148,V2,21 AUG 2013,
701-1148,V3,23 AUG 2013,
701-1148,V3E,04 SEP 2013,
701-1148,V4,05 SEP 2013,
701-1148,V5,19 SEP 2013,
701-1148,V6,21 SEP 2013,
701-1148,V7,03 OCT 2013,
701-1148,V8,18 OCT 2013,
701-1148,V8T,01 NOV 2013,
701-1148,V9,17 NOV 2013,
701-1148,V9T,30 NOV 2013,
701-1148,V10,13 DEC 2013,
701-1148,V10T,27 DEC 2013,
701-1148,V11,10 JAN 2014,
701-1148,V11T,24 JAN 2014,
701-1148,V12,08 FEB 2014,
701-1148,V13,20 FEB 2014,
701-1153,V1,06 SEP 2013,
701-1153,V2,18 SEP 2013,
701-1153,V3,23 SEP 2013,
701-1153,V3E,07 OCT 2013,
701-1153,V4,08 OCT 2013,
701-1153,V5,19 OCT 2013,
701-1153,UNS,19 OCT 2013,
701-1153,V6,28 OCT 2013,
701-1153,V7,04 NOV 2013,
701-1153,V8,18 NOV 2013,
701-1153,V8T,02 DEC 2013,
701-1153,V9,16 DEC 2013,
701-1153,V9T,30 DEC 2013,
701-1153,UNS,08 JAN 2014,
701-1153,UNS,30 DEC 2013,
701-1153,V10,08 JAN 2014,
701-1153,V11,11 FEB 2014,
701-1153,V11T,25 FEB 2014,
701-1153,V12,11 MAR 2014,
701-1153,V13,01 APR 2014,
701-1162,V1,18 APR 2013,
701-1176,V1,30 SEP 2012,
701-1180,V1,28 JAN 2013,
701-1180,V2,10 FEB 2013,
701-1180,V3,12 FEB 2013,
701-1180,V3E,24 FEB 2013,
701-1180,V4,25 FEB 2013,
701-1180,V5,11 MAR 2013,
701-1180,V6,13 MAR 2013,
701-1180,ET,23 MAR 2013,7
701-1180,V501,07 APR 2013,
701-1181,V1,26 NOV 2013,
701-1181,V2,03 DEC 2013,
701-1181,V3,05 DEC 2013,
701-1181,ET,12 DEC 2013,4
701-1181,V501,20 DEC 2013,
701-1181,V201,23 MAY 2014,
701-1188,V1,03 FEB 2013,
701-1188,V2,10 FEB 2013,
701-1188,V3,15 FEB 2013,
701-1188,V3E,01 MAR 2013,
701-1188,V4,02 MAR 2013,
701-1188,V5,16 MAR 2013,
701-1188,V6,18 MAR 2013,
701-1188,ET,25 MAR 2013,7
701-1188,V501,01 JUN 2013,
701-1188,V201,04 AUG 2013,
701-1192,V1,08 JUL 2012,
701-1192,V2,20 JUL 2012,
701-1192,V3,22 JUL 2012,
701-1192,V3E,04 AUG 2012,
701-1192,V4,07 AUG 2012,
701-1192,V5,21 AUG 2012,
701-1192,UNS,21 AUG 2012,
701-1192,V6,23 AUG 2012,
701-1192,V7,04 SEP 2012,
701-1192,V8,23 SEP 2012,
701-1192,V8T,30 SEP 2012,
701-1192,V9,14 OCT 2012,
701-1192,V9T,29 OCT 2012,
701-1192,V10,15 NOV 2012,
701-1192,V10T,26 NOV 2012,
701-1192,V11,13 DEC 2012,
701-1192,V11T,27 DEC 2012,
701-1192,V12,11 JAN 2013,
701-1192,V13,20 JAN 2013,
701-1203,V1,25 JAN 2013,
701-1203,V2,01 FEB 2013,
701-1203,V3,02 FEB 2013,
701-1203,V4,23 FEB 2013,
701-1203,V5,02 MAR 2013,
701-1203,V6,04 MAR 2013,
701-1203,V7,16 MAR 2013,
701-1203,V8,30 MAR 2013,
701-1203,V8T,13 APR 2013,
701-1203,V9,09 MAY 2013,
701-1203,V9T,11 MAY 2013,
701-1203,V10,25 MAY 2013,
701-1203,V10T,08 JUN 2013,
701-1203,V11,22 JUN 2013,
701-1203,V11T,07 JUL 2013,
701-1203,V12,22 JUL 2013,
701-1203,V13,03 AUG 2013,
701-1211,V1,30 OCT 2012,
701-1211,V2,14 NOV 2012,
701-1211,V3,15 NOV 2012,
701-1211,V3E,27 NOV 2012,
701-1211,V4,28 NOV 2012,
701-1211,V5,11 DEC 2012,
701-1211,V6,13 DEC 2012,
701-1211,V7,25 DEC 2012,
701-1211,V8,08 JAN 2013,
701-1211,ET,14 JAN 2013,9
701-1234,V1,20 MAR 2013,
701-1234,V2,28 MAR 2013,
701-1234,V3,30 MAR 2013,
701-1234,V3E,20 APR 2013,
701-1234,V4,21 APR 2013,
701-1234,V5,28 APR 2013,
701-1234,V6,30 APR 2013,
701-1234,V7,08 MAY 2013,
701-1234,V8,26 MAY 2013,
701-1234,V8T,09 JUN 2013,
701-1234,V9,07 JUL 2013,
701-1234,V10,27 JUL 2013,
701-1234,V10T,10 AUG 2013,
701-1234,V11,18 AUG 2013,
701-1234,V11T,01 SEP 2013,
701-1234,V12,10 SEP 2013,
701-1234,V13,22 SEP 2013,
701-1239,V1,28 DEC 2013,
701-1239,UNS,06 JAN 2014,
701-1239,V2,09 JAN 2014,
701-1239,V3,11 JAN 2014,
701-1239,V3E,24 JAN 2014,
701-1239,V4,25 JAN 2014,
701-1239,V5,08 FEB 2014,
701-1239,V6,10 FEB 2014,
701-1239,V7,19 FEB 2014,
701-1239,V8,06 MAR 2014,
701-1239,V8T,19 MAR 2014,
701-1239,V9,02 APR 2014,
701-1239,V9T,16 APR 2014,
701-1239,V10,02 MAY 2014,
701-1239,V10T,14 MAY 2014,
701-1239,V11,28 MAY 2014,
701-1239,V11T,11 JUN 2014,
701-1239,V12,27 JUN 2014,
701-1239,V13,11 JUL 2014,
701-1240,V1,22 SEP 2013,
701-1275,V1,25 JAN 2014,
701-1275,V2,05 FEB 2014,
701-1275,V3,07 FEB 2014,
701-1275,V3E,21 FEB 2014,
701-1275,V4,22 FEB 2014,
701-1275,V5,07 MAR 2014,
701-1275,V6,08 MAR 2014,
701-1275,V7,22 MAR 2014,
701-1275,V8,05 APR 2014,
701-1275,V8T,19 APR 2014,
701-1275,V9,03 MAY 2014,
701-1275,V9T,17 MAY 2014,
701-1275,ET,14 JUN 2014,10
701-1287,V1,17 JAN 2014,
701-1287,V2,23 JAN 2014,
701-1287,V3,25 JAN 2014,
701-1287,V4,11 FEB 2014,
701-1287,V5,20 FEB 2014,
701-1287,V6,22 FEB 2014,
701-1287,V7,06 MAR 2014,
701-1287,V8,21 MAR 2014,
701-1287,V8T,03 APR 2014,
701-1287,V9,17 APR 2014,
701-1287,V9T,01 MAY 2014,
701-1287,V10,15 MAY 2014,
701-1287,V10T,29 MAY 2014,
701-1287,V11,12 JUN 2014,
701-1287,V11T,26 JUN 2014,
701-1287,V12,12 JUL 2014,
701-1287,V13,26 JUL 2014,
701-1294,V1,17 MAR 2013,
701-1294,V2,22 MAR 2013,
701-1294,V3,24 MAR 2013,
701-1294,V3E,09 APR 2013,
701-1294,V4,10 APR 2013,
701-1294,V5,24 APR 2013,
701-1294,V6,26 APR 2013,
701-1294,V7,08 MAY 2013,
701-1294,V8,22 MAY 2013,
701-1294,V8T,05 JUN 2013,
701-1294,ET,14 JUN 2013,9
701-1294,V501,23 AUG 2013,
701-1294,V201,08 OCT 2013,
701-1302,V1,20 AUG 2013,
701-1302,V2,27 AUG 2013,
701-1302,V3,29 AUG 2013,
701-1302,V3E,09 SEP 2013,
701-1302,V4,15 SEP 2013,
701-1302,V5,24 SEP 2013,
701-1302,V6,26 SEP 2013,
701-1302,V7,08 OCT 2013,
701-1302,V8,22 OCT 2013,
701-1302,ET,05 NOV 2013,9
701-1302,V501,16 DEC 2013,
701-1302,V201,13 FEB 2014,
701-1307,V1,08 DEC 2013,
701-1317,V1,10 MAY 2014,
701-1317,UNS,10 MAY 2014,
701-1317,V2,20 MAY 2014,
701-1317,V3,22 MAY 2014,
701-1317,V3E,04 JUN 2014,
701-1317,V4,05 JUN 2014,
701-1317,V5,19 JUN 2014,
701-1317,V6,21 JUN 2014,
701-1317,V7,03 JUL 2014,
701-1317,V8,22 JUL 2014,
701-1317,V8T,30 JUL 2014,
701-1317,V9,15 AUG 2014,
701-1317,V9T,28 AUG 2014,
701-1317,V10,11 SEP 2014,
701-1317,V10T,25 SEP 2014,
701-1317,V11,09 OCT 2014,
701-1317,V11T,23 OCT 2014,
701-1317,V12,06 NOV 2014,
701-1317,V13,20 NOV 2014,
701-1324,V1,16 SEP 2012,
701-1324,UNS,25 SEP 2012,
701-1324,V2,25 SEP 2012,
701-1324,V3,02 OCT 2012,
701-1324,V3E,15 OCT 2012,
701-1324,V4,16 OCT 2012,
701-1324,UNS,25 OCT 2012,
701-1324,V5,30 OCT 2012,
701-1324,V6,01 NOV 2012,
701-1324,V7,13 NOV 2012,
701-1324,V8,25 NOV 2012,
701-1324,V8T,11 DEC 2012,
701-1324,V9,25 DEC 2012,
701-1324,V9T,08 JAN 2013,
701-1324,V10,22 JAN 2013,
701-1324,V10T,05 FEB 2013,
701-1324,V11,19 FEB 2013,
701-1324,V11T,05 MAR 2013,
701-1324,V12,19 MAR 2013,
701-1324,V13,02 APR 2013,
701-1341,V1,22 DEC 2012,
701-1341,UNS,26 DEC 2012,
701-1341,V2,03 JAN 2013,
701-1341,V3,05 JAN 2013,
701-1341,V3E,17 JAN 2013,
701-1341,V4,18 JAN 2013,
701-1341,ET,07 FEB 2013,5
701-1341,V501,21 FEB 2013,
701-1345,V1,01 OCT 2013,
701-1345,V2,06 OCT 2013,
701-1345,V3,08 OCT 2013,
701-1345,V3E,23 OCT 2013,
701-1345,V4,24 OCT 2013,
701-1345,V5,08 NOV 2013,
701-1345,V6,10 NOV 2013,
701-1345,V7,19 NOV 2013,
701-1345,V8,03 DEC 2013,
701-1345,V8T,18 DEC 2013,
701-1345,V9,31 DEC 2013,
701-1345,V9T,14 JAN 2014,
701-1345,V10,27 JAN 2014,
701-1345,V10T,11 FEB 2014,
701-1345,V11,25 FEB 2014,
701-1345,V11T,11 MAR 2014,
701-1345,ET,18 MAR 2014,12
701-1356,V1,01 APR 2014,
701-1360,V1,24 JUL 2013,
701-1360,V2,29 JUL 2013,
701-1360,V3,31 JUL 2013,
701-1360,ET,14 AUG 2013,4
701-1360,V501,09 SEP 2013,
701-1360,V201,11 FEB 2014,
701-1363,V1,20 MAY 2013,
701-1363,V2,28 MAY 2013,
701-1363,V3,30 MAY 2013,
701-1363,V3E,11 JUN 2013,
701-1363,V4,12 JUN 2013,
701-1363,V5,25 JUN 2013,
701-1363,V6,27 JUN 2013,
701-1363,V7,10 JUL 2013,
701-1363,V8,24 JUL 2013,
701-1363,V8T,07 AUG 2013,
701-1363,V9,21 AUG 2013,
701-1363,V9T,04 SEP 2013,
701-1363,V10,18 SEP 2013,
701-1363,V10T,02 OCT 2013,
701-1363,UNS,02 OCT 2013,
701-1363,V11,14 OCT 2013,
701-1363,V11T,30 OCT 2013,
701-1363,V12,13 NOV 2013,
701-1363,V13,27 NOV 2013,
701-1369,V1,18 SEP 2013,
701-1383,V1,22 JAN 2013,
701-1383,V2,02 FEB 2013,
701-1383,V3,04 FEB 2013,
701-1383,V3E,18 FEB 2013,
701-1383,V4,19 FEB 2013,
701-1383,V5,12 MAR 2013,
701-1383,V6,14 MAR 2013,
701-1383,V7,19 MAR 2013,
701-1383,V8,02 APR 2013,
701-1383,V8T,16 APR 2013,
701-1383,V9,30 APR 2013,
701-1383,V9T,14 MAY 2013,
701-1383,V10,30 MAY 2013,
701-1383,V10T,13 JUN 2013,
701-1383,V11,25 JUN 2013,
701-1383,V11T,09 JUL 2013,
701-1383,V12,30 JUL 2013,
701-1383,V13,06 AUG 2013,
701-1386,V1,28 DEC 2013,
701-1387,V1,23 FEB 2014,
701-1387,V2,08 MAR 2014,
701-1387,V3,12 MAR 2014,
701-1387,ET,25 MAR 2014,4
701-1387,V201,27 AUG 2014,
701-1392,V1,17 OCT 2012,
701-1392,V2,26 OCT 2012,
701-1392,V3,28 OCT 2012,
701-1392,V3E,10 NOV 2012,
701-1392,V4,11 NOV 2012,
701-1392,V5,24 NOV 2012,
701-1392,V6,26 NOV 2012,
701-1392,V7,09 DEC 2012,
701-1392,V8,20 DEC 2012,
701-1392,V8T,06 JAN 2013,
701-1392,V9,20 JAN 2013,
701-1392,V9T,03 FEB 2013,
701-1392,V10,17 FEB 2013,
701-1392,V10T,03 MAR 2013,
701-1392,V11,17 MAR 2013,
701-1392,V11T,31 MAR 2013,
701-1392,V12,15 APR 2013,
701-1392,V13,28 APR 2013,
701-1411,V1,14 NOV 2012,
701-1415,V1,15 SEP 2013,
701-1415,UNS,21 SEP 2013,
701-1415,V2,21 SEP 2013,
701-1415,V3,23 SEP 2013,
701-1415,V3E,06 OCT 2013,
701-1415,V4,07 OCT 2013,
701-1415,V5,20 OCT 2013,
701-1415,V6,22 OCT 2013,
701-1415,V7,04 NOV 2013,
701-1415,V8,21 NOV 2013,
701-1415,V8T,02 DEC 2013,
701-1415,V9,21 DEC 2013,
701-1415,V9T,30 DEC 2013,
701-1415,V10,14 JAN 2014,
701-1415,V10T,27 JAN 2014,
701-1415,V11,10 FEB 2014,
701-1415,V11T,24 FEB 2014,
701-1415,V12,10 MAR 2014,
701-1415,V13,24 MAR 2014,
701-1429,V1,25 FEB 2013,
701-1429,V2,17 MAR 2013,
701-1429,V3,19 MAR 2013,
701-1429,V4,02 APR 2013,
701-1429,V5,16 APR 2013,
701-1429,ET,30 APR 2013,7
701-1440,V1,24 JUL 2013,
701-1440,V2,06 AUG 2013,
701-1440,V3,08 AUG 2013,
701-1440,V3E,22 AUG 2013,
701-1440,V4,23 AUG 2013,
701-1440,V5,04 SEP 2013,
701-1440,V6,06 SEP 2013,
701-1440,V7,22 SEP 2013,
701-1440,V8,03 OCT 2013,
701-1440,V8T,17 OCT 2013,
701-1440,V9,31 OCT 2013,
701-1440,V9T,14 NOV 2013,
701-1440,V10,27 NOV 2013,
701-1440,V10T,12 DEC 2013,
701-1440,V11,25 DEC 2013,
701-1440,V11T,08 JAN 2014,
701-1440,V12,22 JAN 2014,
701-1440,V13,05 FEB 2014,
701-1442,V1,17 OCT 2013,
701-1442,V2,24 OCT 2013,
701-1442,V3,26 OCT 2013,
701-1442,V3E,08 NOV 2013,
701-1442,V4,09 NOV 2013,
701-1442,V5,23 NOV 2013,
701-1442,V6,25 NOV 2013,
701-1442,V7,07 DEC 2013,
701-1442,V8,26 DEC 2013,
701-1442,V8T,04 JAN 2014,
701-1442,V9,18 JAN 2014,
701-1442,V9T,01 FEB 2014,
701-1442,V10,15 FEB 2014,
701-1442,V10T,01 MAR 2014,
701-1442,V11,15 MAR 2014,
701-1442,V11T,29 MAR 2014,
701-1442,V12,17 APR 2014,
701-1442,V13,26 APR 2014,
701-1444,V1,31 DEC 2012,
701-1444,V2,03 JAN 2013,
701-1444,V3,05 JAN 2013,
701-1444,V3E,17 JAN 2013,
701-1444,V4,18 JAN 2013,
701-1444,V5,31 JAN 2013,
701-1444,V6,02 FEB 2013,
701-1444,ET,13 FEB 2013,7
701-1444,V501,20 JUN 2013,
701-1444,V201,20 JUN 2013,
702-1082,V1,03 JUL 2013,
702-1082,UNS,24 JUL 2013,
702-1082,V2,24 JUL 2013,
702-1082,V3,26 JUL 2013,
702-1082,V3E,07 AUG 2013,
702-1082,V4,08 AUG 2013,
702-1082,V5,24 AUG 2013,
702-1082,V6,04 SEP 2013,
702-1082,V7,06 SEP 2013,
702-1082,V8,28 SEP 2013,
702-1082,V8T,12 OCT 2013,
702-1082,ET,17 NOV 2013,9
703-1042,V1,23 FEB 2013,
703-1042,UNS,21 FEB 2013,
703-1042,V2,28 FEB 2013,
703-1042,V3,02 MAR 2013,
703-1042,V3E,13 MAR 2013,
703-1042,V4,14 MAR 2013,
703-1042,V5,28 MAR 2013,
703-1042,V6,30 MAR 2013,
703-1042,V7,13 APR 2013,
703-1042,V8,27 APR 2013,
703-1042,V8T,11 MAY 2013,
703-1042,V9,25 MAY 2013,
703-1042,V9T,08 JUN 2013,
703-1042,V10,22 JUN 2013,
703-1042,V10T,06 JUL 2013,
703-1042,V11,20 JUL 2013,
703-1042,V11T,03 AUG 2013,
703-1042,V12,09 AUG 2013,
703-1042,V13,31 AUG 2013,
703-1076,V1,17 OCT 2013,
703-1076,V2,23 OCT 2013,
703-1076,V3,25 OCT 2013,
703-1076,V3E,05 NOV 2013,
703-1076,V4,06 NOV 2013,
703-1076,V5,20 NOV 2013,
703-1076,V6,22 NOV 2013,
703-1076,V7,04 DEC 2013,
703-1076,V8,17 DEC 2013,
703-1076,ET,24 DEC 2013,9
703-1076,V501,21 JAN 2014,
703-1086,V1,22 AUG 2012,
703-1086,UNS,31 AUG 2012,
703-1086,V2,31 AUG 2012,
703-1086,V3,02 SEP 2012,
703-1086,V3E,15 SEP 2012,
703-1086,V4,16 SEP 2012,
703-1086,V5,30 SEP 2012,
703-1086,V6,02 OCT 2012,
703-1086,V7,13 OCT 2012,
703-1086,V8,27 OCT 2012,
703-1086,V8T,10 NOV 2012,
703-1086,V9,27 NOV 2012,
703-1086,V9T,11 DEC 2012,
703-1086,ET,24 DEC 2012,10
703-1086,V501,02 JAN 2013,
703-1086,V201,26 MAR 2013,
703-1096,V1,19 DEC 2012,
703-1096,UNS,19 DEC 2012,
703-1096,UNS,29 DEC 2012,
703-1096,UNS,23 JAN 2013,
703-1096,V2,23 JAN 2013,
703-1096,V3,25 JAN 2013,
703-1096,V3E,08 FEB 2013,
703-1096,V4,09 FEB 2013,
703-1096,V5,23 FEB 2013,
703-1096,V6,27 FEB 2013,
703-1096,ET,29 MAR 2013,7
703-1100,V1,28 FEB 2013,
703-1100,UNS,27 DEC 2012,
703-1100,UNS,28 FEB 2013,
703-1100,V2,11 MAR 2013,
703-1100,V3,13 MAR 2013,
703-1100,V3E,28 MAR 2013,
703-1100,V4,29 MAR 2013,
703-1100,V5,12 APR 2013,
703-1100,V6,14 APR 2013,
703-1100,V7,24 APR 2013,
703-1100,V8,08 MAY 2013,
703-1100,V8T,22 MAY 2013,
703-1100,V9,05 JUN 2013,
703-1100,V9T,19 JUN 2013,
703-1100,V10,03 JUL 2013,
703-1100,V10T,19 JUL 2013,
703-1100,V11,31 JUL 2013,
703-1100,V11T,09 AUG 2013,
703-1100,V12,28 AUG 2013,
703-1100,V13,14 SEP 2013,
703-1119,V1,02 FEB 2013,
703-1119,UNS,13 FEB 2013,
703-1119,UNS,16 FEB 2013,
703-1119,UNS,14 FEB 2013,
703-1119,V2,14 FEB 2013,
703-1119,V3,20 FEB 2013,
703-1119,V3E,09 MAR 2013,
703-1119,V4,10 MAR 2013,
703-1119,V5,21 MAR 2013,
703-1119,V6,23 MAR 2013,
703-1119,V7,04 APR 2013,
703-1119,V8,19 APR 2013,
703-1119,V8T,03 MAY 2013,
703-1119,V9,17 MAY 2013,
703-1119,V9T,31 MAY 2013,
703-1119,ET,13 JUN 2013,10
703-1119,V501,20 JUL 2013,
703-1119,V201,24 AUG 2013,
703-1175,V1,13 DEC 2013,
703-1175,V2,18 DEC 2013,
703-1175,V3,20 DEC 2013,
703-1175,ET,31 DEC 2013,4
703-1175,V501,31 DEC 2013,
703-1182,V1,08 OCT 2013,
703-1182,V2,15 OCT 2013,
703-1182,V3,17 OCT 2013,
703-1182,V3E,30 OCT 2013,
703-1182,V4,31 OCT 2013,
703-1182,V5,19 NOV 2013,
703-1182,V6,20 NOV 2013,
703-1182,V7,28 NOV 2013,
703-1182,ET,12 DEC 2013,8
703-1182,V501,14 JAN 2014,
703-1197,V1,01 JUN 2013,
703-1197,UNS,01 JUN 2013,
703-1197,V2,14 JUN 2013,
703-1197,V3,16 JUN 2013,
703-1197,ET,22 JUL 2013,4
703-1210,V1,08 MAR 2013,
703-1210,V2,14 MAR 2013,
703-1210,V3,16 MAR 2013,
703-1210,V3E,29 MAR 2013,
703-1210,V4,30 MAR 2013,
703-1210,V5,12 APR 2013,
703-1210,V6,14 APR 2013,
703-1210,V7,28 APR 2013,
703-1210,V8,10 MAY 2013,
703-1210,V8T,24 MAY 2013,
703-1210,V9,07 JUN 2013,
703-1210,V9T,21 JUN 2013,
703-1210,V10,05 JUL 2013,
703-1210,V10T,19 JUL 2013,
703-1210,V11,27 JUL 2013,
703-1210,V11T,09 AUG 2013,
703-1210,V12,24 AUG 2013,
703-1210,V13,06 SEP 2013,
703-1258,V1,10 JUL 2012,
703-1258,V2,18 JUL 2012,
703-1258,V3,20 JUL 2012,
703-1258,V3E,31 JUL 2012,
703-1258,V4,01 AUG 2012,
703-1258,V5,17 AUG 2012,
703-1258,V6,19 AUG 2012,
703-1258,V7,04 SEP 2012,
703-1258,V8,14 SEP 2012,
703-1258,V8T,28 SEP 2012,
703-1258,V9,09 OCT 2012,
703-1258,V9T,23 OCT 2012,
703-1258,V10,05 NOV 2012,
703-1258,V10T,19 NOV 2012,
703-1258,V11,03 DEC 2012,
703-1258,V11T,20 DEC 2012,
703-1258,V12,31 DEC 2012,
703-1258,V13,21 JAN 2013,
703-1258,V501,28 JAN 2013,
703-1279,V1,27 APR 2013,
703-1279,V2,11 MAY 2013,
703-1279,V3,13 MAY 2013,
703-1279,ET,22 JUN 2013,4
703-1295,V1,24 OCT 2013,
703-1295,UNS,04 NOV 2013,
703-1295,V2,19 NOV 2013,
703-1295,V3,21 NOV 2013,
703-1295,V3E,04 DEC 2013,
703-1295,V4,05 DEC 2013,
703-1295,V5,18 DEC 2013,
703-1295,V6,20 DEC 2013,
703-1295,V7,01 JAN 2014,
703-1295,V8,15 JAN 2014,
703-1295,V8T,29 JAN 2014,
703-1295,V9,18 FEB 2014,
703-1295,V9T,04 MAR 2014,
703-1295,V10,13 MAR 2014,
703-1295,ET,19 MAY 2014,11
703-1299,V1,07 SEP 2012,
703-1299,V2,10 SEP 2012,
703-1299,V3,12 SEP 2012,
703-1299,V3E,27 SEP 2012,
703-1299,V4,28 SEP 2012,
703-1299,V5,10 OCT 2012,
703-1299,V6,12 OCT 2012,
703-1299,V7,24 OCT 2012,
703-1299,V8,07 NOV 2012,
703-1299,V8T,21 NOV 2012,
703-1299,V9,05 DEC 2012,
703-1299,V9T,19 DEC 2012,
703-1299,V10,02 JAN 2013,
703-1299,V10T,16 JAN 2013,
703-1299,V11,30 JAN 2013,
703-1299,V11T,13 FEB 2013,
703-1299,V12,01 MAR 2013,
703-1299,V13,13 MAR 2013,
703-1299,UNS,27 MAR 2013,
703-1335,V1,28 FEB 2014,
703-1335,UNS,21 FEB 2014,
703-1335,V2,15 MAR 2014,
703-1335,V3,17 MAR 2014,
703-1335,V3E,30 MAR 2014,
703-1335,V4,31 MAR 2014,
703-1335,V5,13 APR 2014,
703-1335,V6,15 APR 2014,
703-1335,ET,24 MAY 2014,7
703-1379,V1,12 SEP 2013,
703-1379,V2,20 SEP 2013,
703-1379,V3,22 SEP 2013,
703-1379,V3E,06 OCT 2013,
703-1379,V4,07 OCT 2013,
703-1379,V5,19 OCT 2013,
703-1379,V6,21 OCT 2013,
703-1379,V7,08 NOV 2013,
703-1379,V8,17 NOV 2013,
703-1379,V8T,01 DEC 2013,
703-1379,V9,15 DEC 2013,
703-1379,V9T,29 DEC 2013,
703-1379,V10,11 JAN 2014,
703-1379,V10T,25 JAN 2014,
703-1379,V11,09 FEB 2014,
703-1379,V11T,23 FEB 2014,
703-1379,UNS,23 FEB 2014,
703-1379,V12,08 MAR 2014,
703-1379,V13,21 MAR 2014,
703-1396,V1,09 FEB 2014,
703-1403,V1,05 DEC 2012,
703-1403,V2,10 DEC 2012,
703-1403,V3,12 DEC 2012,
703-1403,ET,19 DEC 2012,4
703-1403,V501,08 JAN 2013,
703-1439,V1,04 MAR 2014,
703-1439,V2,10 MAR 2014,
703-1439,V3,12 MAR 2014,
703-1439,V3E,25 MAR 2014,
703-1439,V4,26 MAR 2014,
703-1439,V5,08 APR 2014,
703-1439,V6,10 APR 2014,
703-1439,V7,21 APR 2014,
703-1439,V8,05 MAY 2014,
703-1439,V8T,19 MAY 2014,
703-1439,V9,02 JUN 2014,
703-1439,V9T,16 JUN 2014,
703-1439,V10,30 JUN 2014,
703-1439,V10T,16 JUL 2014,
703-1439,V11,29 JUL 2014,
703-1439,V11T,06 AUG 2014,
703-1439,V12,28 AUG 2014,
703-1439,V13,11 SEP 2014,
704-1008,V1,06 JAN 2013,
704-1008,UNS,06 JAN 2013,
704-1008,V2,11 JAN 2013,
704-1008,V3,13 JAN 2013,
704-1008,V3E,27 JAN 2013,
704-1008,V4,28 JAN 2013,
704-1008,V5,09 FEB 2013,
704-1008,V6,11 FEB 2013,
704-1008,ET,25 FEB 2013,7
704-1009,V1,20 AUG 2013,
704-1009,V2,24 AUG 2013,
704-1009,V3,27 AUG 2013,
704-1009,V3E,13 SEP 2013,
704-1009,V4,14 SEP 2013,
704-1009,ET,02 OCT 2013,5
704-1010,V1,08 FEB 2014,
704-1010,V2,19 FEB 2014,
704-1010,V3,21 FEB 2014,
704-1010,V3E,07 MAR 2014,
704-1010,V4,08 MAR 2014,
704-1010,V5,23 MAR 2014,
704-1010,V6,26 MAR 2014,
704-1010,V7,11 APR 2014,
704-1010,V8,24 APR 2014,
704-1010,V8T,08 MAY 2014,
704-1010,V9,16 MAY 2014,
704-1010,V9T,30 MAY 2014,
704-1010,UNS,30 MAY 2014,
704-1010,V10,13 JUN 2014,
704-1010,V10T,27 JUN 2014,
704-1010,ET,09 JUL 2014,11
704-1017,V1,20 SEP 2013,
704-1017,V2,27 SEP 2013,
704-1017,V3,06 OCT 2013,
704-1017,V3E,18 OCT 2013,
704-1017,V4,19 OCT 2013,
704-1017,V5,09 NOV 2013,
704-1017,V6,11 NOV 2013,
704-1017,ET,24 NOV 2013,7
704-1017,V501,06 DEC 2013,
704-1025,V1,18 SEP 2013,
704-1025,V2,25 SEP 2013,
704-1025,V3,27 SEP 2013,
704-1025,V3E,10 OCT 2013,
704-1025,V4,11 OCT 2013,
704-1025,V5,25 OCT 2013,
704-1025,UNS,28 OCT 2013,
704-1025,ET,29 NOV 2013,6
704-1065,V1,17 OCT 2013,
704-1065,V2,22 OCT 2013,
704-1065,V3,24 OCT 2013,
704-1065,V3E,06 NOV 2013,
704-1065,V4,07 NOV 2013,
704-1065,V5,25 NOV 2013,
704-1065,V6,27 NOV 2013,
704-1065,V7,06 DEC 2013,
704-1065,V8,20 DEC 2013,
704-1065,ET,24 DEC 2013,9
704-1065,V501,17 FEB 2014,
704-1074,V1,19 JAN 2014,
704-1074,V2,20 JAN 2014,
704-1074,V3,22 JAN 2014,
704-1074,V3E,08 FEB 2014,
704-1074,V4,09 FEB 2014,
704-1074,V5,22 FEB 2014,
704-1074,V6,24 FEB 2014,
704-1074,V7,09 MAR 2014,
704-1074,ET,31 MAR 2014,8
704-1093,V1,22 FEB 2013,
704-1093,UNS,22 FEB 2013,
704-1093,UNS,02 MAR 2013,
704-1093,V2,13 MAR 2013,
704-1093,V3,15 MAR 2013,
704-1093,V3E,29 MAR 2013,
704-1093,V4,30 MAR 2013,
704-1093,V5,12 APR 2013,
704-1093,V6,17 APR 2013,
704-1093,V7,25 APR 2013,
704-1093,V8,11 MAY 2013,
704-1093,V8T,23 MAY 2013,
704-1093,V9,07 JUN 2013,
704-1093,ET,20 JUN 2013,10
704-1093,V501,26 JUL 2013,
704-1093,V201,25 DEC 2013,
704-1114,V1,09 JAN 2013,
704-1114,V2,21 JAN 2013,
704-1114,V3,23 JAN 2013,
704-1114,V3E,02 FEB 2013,
704-1114,V4,03 FEB 2013,
704-1114,V5,18 FEB 2013,
704-1114,V6,20 FEB 2013,
704-1114,V7,13 MAR 2013,
704-1114,V8,26 MAR 2013,
704-1114,V8T,03 APR 2013,
704-1114,V9,17 APR 2013,
704-1114,V9T,29 APR 2013,
704-1114,V10,14 MAY 2013,
704-1114,V10T,28 MAY 2013,
704-1114,V11,16 JUN 2013,
704-1114,ET,08 JUL 2013,12
704-1120,V1,18 NOV 2013,
704-1120,V2,30 NOV 2013,
704-1120,V3,02 DEC 2013,
704-1120,V3E,14 DEC 2013,
704-1120,V4,15 DEC 2013,
704-1120,V5,29 DEC 2013,
704-1120,V6,31 DEC 2013,
704-1120,V7,13 JAN 2014,
704-1120,V8,27 JAN 2014,
704-1120,ET,03 FEB 2014,9
704-1120,V501,10 MAR 2014,
704-1127,V1,16 SEP 2013,
704-1127,V2,30 SEP 2013,
704-1127,V3,02 OCT 2013,
704-1127,V3E,15 OCT 2013,
704-1127,V4,16 OCT 2013,
704-1127,V5,30 OCT 2013,
704-1127,V6,03 NOV 2013,
704-1127,V7,13 NOV 2013,
704-1127,V8,26 NOV 2013,
704-1127,V8T,10 DEC 2013,
704-1127,V9,25 DEC 2013,
704-1127,V9T,08 JAN 2014,
704-1127,V10,21 JAN 2014,
704-1127,V10T,05 FEB 2014,
704-1127,V11,17 FEB 2014,
704-1127,V11T,05 MAR 2014,
704-1127,V12,17 MAR 2014,
704-1127,V13,31 MAR 2014,
704-1135,V1,23 OCT 2013,
704-1135,V2,29 OCT 2013,
704-1135,V3,31 OCT 2013,
704-1135,V3E,13 NOV 2013,
704-1135,V4,14 NOV 2013,
704-1135,V5,26 NOV 2013,
704-1135,V6,28 NOV 2013,
704-1135,V7,11 DEC 2013,
704-1135,V8,25 DEC 2013,
704-1135,V8T,09 JAN 2014,
704-1135,V9,22 JAN 2014,
704-1135,V9T,23 JAN 2014,
704-1135,V10,19 FEB 2014,
704-1135,V10T,08 MAR 2014,
704-1135,V11,26 MAR 2014,
704-1135,V11T,03 APR 2014,
704-1135,V12,01 MAY 2014,
704-1135,V13,16 MAY 2014,
704-1164,V1,11 SEP 2012,
704-1164,V2,16 SEP 2012,
704-1164,V3,19 SEP 2012,
704-1164,V3E,03 OCT 2012,
704-1164,V4,04 OCT 2012,
704-1164,V5,21 OCT 2012,
704-1164,V6,23 OCT 2012,
704-1164,V7,01 NOV 2012,
704-1164,V8,15 NOV 2012,
704-1164,V8T,28 NOV 2012,
704-1164,V9,16 DEC 2012,
704-1164,V9T,26 DEC 2012,
704-1164,V10,14 JAN 2013,
704-1164,V10T,23 JAN 2013,
704-1164,V11,14 FEB 2013,
704-1164,V11T,20 FEB 2013,
704-1164,V12,17 MAR 2013,
704-1164,V13,04 APR 2013,
704-1218,V1,11 NOV 2012,
704-1218,UNS,11 OCT 2012,
704-1218,UNS,11 NOV 2012,
704-1218,V2,17 NOV 2012,
704-1218,V3,19 NOV 2012,
704-1218,V3E,02 DEC 2012,
704-1218,V4,03 DEC 2012,
704-1218,V5,15 DEC 2012,
704-1218,V6,17 DEC 2012,
704-1218,V7,30 DEC 2012,
704-1218,V8,14 JAN 2013,
704-1218,V8T,25 JAN 2013,
704-1218,V9,11 FEB 2013,
704-1218,V9T,27 FEB 2013,
704-1218,V10,18 MAR 2013,
704-1218,V10T,28 MAR 2013,
704-1218,V11,14 APR 2013,
704-1218,V11T,22 APR 2013,
704-1218,V12,13 MAY 2013,
704-1218,V13,27 MAY 2013,
704-1233,V1,08 MAR 2013,
704-1233,V2,19 MAR 2013,
704-1233,V3,21 MAR 2013,
704-1233,V3E,03 APR 2013,
704-1233,V4,04 APR 2013,
704-1233,V5,16 APR 2013,
704-1233,V6,18 APR 2013,
704-1233,V7,01 MAY 2013,
704-1233,V8,16 MAY 2013,
704-1233,V8T,30 MAY 2013,
704-1233,V9,13 JUN 2013,
704-1233,V9T,27 JUN 2013,
704-1233,V10,11 JUL 2013,
704-1233,ET,14 JUL 2013,11
704-1241,V1,14 AUG 2013,
704-1241,V2,23 AUG 2013,
704-1241,V3,25 AUG 2013,
704-1241,V3E,04 SEP 2013,
704-1241,V4,05 SEP 2013,
704-1241,V5,19 SEP 2013,
704-1241,V6,21 SEP 2013,
704-1241,V7,09 OCT 2013,
704-1241,ET,31 OCT 2013,8
704-1241,V501,22 JAN 2014,
704-1260,V1,23 AUG 2012,
704-1260,V2,26 AUG 2012,
704-1260,V3,30 AUG 2012,
704-1260,V3E,12 SEP 2012,
704-1260,V4,13 SEP 2012,
704-1260,V5,26 SEP 2012,
704-1260,V6,28 SEP 2012,
704-1260,V7,11 OCT 2012,
704-1260,V8,24 OCT 2012,
704-1260,ET,18 JAN 2013,9
704-1266,V1,05 OCT 2013,
704-1266,V2,11 OCT 2013,
704-1266,V3,13 OCT 2013,
704-1266,V3E,26 OCT 2013,
704-1266,V4,27 OCT 2013,
704-1266,V5,08 NOV 2013,
704-1266,V6,10 NOV 2013,
704-1266,V7,22 NOV 2013,
704-1266,ET,06 DEC 2013,8
704-1266,V501,03 JAN 2014,
704-1323,V1,13 JUN 2013,
704-1323,V2,07 JUL 2013,
704-1323,V3,08 JUL 2013,
704-1323,V3E,21 JUL 2013,
704-1323,V4,23 JUL 2013,
704-1323,V5,04 AUG 2013,
704-1323,V6,06 AUG 2013,
704-1323,ET,08 AUG 2013,7
704-1323,V501,01 OCT 2013,
704-1325,V1,16 APR 2014,
704-1325,V2,21 APR 2014,
704-1325,V3,23 APR 2014,
704-1325,V3E,06 MAY 2014,
704-1325,V4,07 MAY 2014,
704-1325,V5,19 MAY 2014,
704-1325,V6,21 MAY 2014,
704-1325,V7,04 JUN 2014,
704-1325,V8,18 JUN 2014,
704-1325,V8T,02 JUL 2014,
704-1325,V9,16 JUL 2014,
704-1325,ET,06 AUG 2014,10
704-1332,V1,24 NOV 2013,
704-1332,V2,07 DEC 2013,
704-1332,V3,09 DEC 2013,
704-1332,V3E,22 DEC 2013,
704-1332,V4,23 DEC 2013,
704-1332,V5,04 JAN 2014,
704-1332,V6,06 JAN 2014,
704-1332,V7,20 JAN 2014,
704-1332,V8,03 FEB 2014,
704-1332,ET,16 FEB 2014,9
704-1332,V501,24 FEB 2014,
704-1351,V1,26 SEP 2013,
704-1351,UNS,03 OCT 2013,
704-1351,V2,10 OCT 2013,
704-1351,V3,12 OCT 2013,
704-1351,V4,26 OCT 2013,
704-1351,V5,07 NOV 2013,
704-1351,UNS,09 NOV 2013,
704-1351,V6,09 NOV 2013,
704-1351,V7,16 NOV 2013,
704-1351,V8,02 DEC 2013,
704-1351,V8T,14 DEC 2013,
704-1351,V9,28 DEC 2013,
704-1351,V9T,11 JAN 2014,
704-1351,V10,26 JAN 2014,
704-1351,V10T,08 FEB 2014,
704-1351,V11,01 MAR 2014,
704-1351,V11T,15 MAR 2014,
704-1351,V12,04 APR 2014,
704-1351,V13,18 APR 2014,
704-1388,V1,28 NOV 2012,
704-1388,V2,05 DEC 2012,
704-1388,V3,07 DEC 2012,
704-1388,V3E,20 DEC 2012,
704-1388,V4,21 DEC 2012,
704-1388,V5,02 JAN 2013,
704-1388,V6,04 JAN 2013,
704-1388,V7,18 JAN 2013,
704-1388,V8,30 JAN 2013,
704-1388,V8T,16 FEB 2013,
704-1388,V9,27 FEB 2013,
704-1388,V9T,15 MAR 2013,
704-1388,V10,27 MAR 2013,
704-1388,V10T,12 APR 2013,
704-1388,V11,28 APR 2013,
704-1388,V11T,12 MAY 2013,
704-1388,V12,23 MAY 2013,
704-1388,V13,19 JUN 2013,
704-1435,V1,01 NOV 2012,
704-1435,V2,15 NOV 2012,
704-1435,V3,17 NOV 2012,
704-1435,V3E,30 NOV 2012,
704-1435,V4,01 DEC 2012,
704-1435,V5,15 DEC 2012,
704-1435,V6,17 DEC 2012,
704-1435,V7,30 DEC 2012,
704-1435,ET,12 JAN 2013,8
704-1445,V1,01 MAY 2014,
704-1445,UNS,03 MAY 2014,
704-1445,V2,09 MAY 2014,
704-1445,V3,11 MAY 2014,
704-1445,V3E,24 MAY 2014,
704-1445,V4,25 MAY 2014,
704-1445,V5,11 JUN 2014,
704-1445,V6,13 JUN 2014,
704-1445,V7,25 JUN 2014,
704-1445,V8,09 JUL 2014,
704-1445,V8T,27 JUL 2014,
704-1445,V9,06 AUG 2014,
704-1445,V9T,24 AUG 2014,
704-1445,V10,03 SEP 2014,
704-1445,V10T,25 SEP 2014,
704-1445,V11,01 OCT 2014,
704-1445,V11T,15 OCT 2014,
704-1445,ET,01 NOV 2014,12
705-1011,V1,01 SEP 2013,
705-1018,V1,30 JUN 2013,
705-1018,V2,03 JUL 2013,
705-1018,V3,05 JUL 2013,
705-1018,ET,12 JUL 2013,4
705-1031,V1,17 NOV 2013,
705-1031,V2,19 NOV 2013,
705-1031,V3,27 NOV 2013,
705-1031,V3E,17 DEC 2013,
705-1031,V4,18 DEC 2013,
705-1031,V5,25 DEC 2013,
705-1031,V6,27 DEC 2013,
705-1031,V7,12 JAN 2014,
705-1031,V8,23 JAN 2014,
705-1031,V8T,06 FEB 2014,
705-1031,V9,20 FEB 2014,
705-1031,V9T,06 MAR 2014,
705-1031,V10,20 MAR 2014,
705-1031,V10T,03 APR 2014,
705-1031,V11,13 APR 2014,
705-1031,V11T,26 APR 2014,
705-1031,ET,11 MAY 2014,12
705-1058,V1,02 DEC 2013,
705-1059,V1,02 AUG 2013,
705-1059,V2,03 AUG 2013,
705-1059,V3,05 AUG 2013,
705-1059,V3E,18 AUG 2013,
705-1059,V4,19 AUG 2013,
705-1059,V5,05 SEP 2013,
705-1059,V6,07 SEP 2013,
705-1059,V7,19 SEP 2013,
705-1059,V8,03 OCT 2013,
705-1059,V8T,17 OCT 2013,
705-1059,V9,07 NOV 2013,
705-1059,V9T,21 NOV 2013,
705-1059,ET,05 DEC 2013,10
705-1059,V501,02 JAN 2014,
705-1059,V201,06 FEB 2014,
705-1112,V1,23 FEB 2014,
705-1186,V1,03 JAN 2014,
705-1186,V2,06 JAN 2014,
705-1186,V3,08 JAN 2014,
705-1186,V3E,22 JAN 2014,
705-1186,V4,23 JAN 2014,
705-1186,UNS,26 JAN 2014,
705-1186,UNS,01 FEB 2014,
705-1186,ET,07 FEB 2014,5
705-1186,UNS,07 FEB 2014,
705-1199,V1,11 SEP 2013,
705-1199,V2,14 SEP 2013,
705-1199,V3,16 SEP 2013,
705-1199,ET,29 SEP 2013,4
705-1199,V501,29 SEP 2013,
705-1243,V1,26 FEB 2013,
705-1280,V1,11 JAN 2014,
705-1280,V2,15 JAN 2014,
705-1280,V3,17 JAN 2014,
705-1280,V3E,30 JAN 2014,
705-1280,V4,31 JAN 2014,
705-1280,V5,13 FEB 2014,
705-1280,V6,15 FEB 2014,
705-1280,V7,07 MAR 2014,
705-1280,V8,21 MAR 2014,
705-1280,V8T,04 APR 2014,
705-1280,V9,18 APR 2014,
705-1280,V9T,02 MAY 2014,
705-1280,V10,16 MAY 2014,
705-1280,V10T,30 MAY 2014,
705-1280,V11,13 JUN 2014,
705-1280,V11T,27 JUN 2014,
705-1280,V12,11 JUL 2014,
705-1280,V13,25 JUL 2014,
705-1281,V1,26 NOV 2013,
705-1281,V2,26 NOV 2013,
705-1281,V3,28 NOV 2013,
705-1281,V3E,14 DEC 2013,
705-1281,V4,15 DEC 2013,
705-1281,V5,28 DEC 2013,
705-1281,V6,30 DEC 2013,
705-1281,V7,07 JAN 2014,
705-1281,V8,21 JAN 2014,
705-1281,V8T,04 FEB 2014,
705-1281,V9,18 FEB 2014,
705-1281,V9T,04 MAR 2014,
705-1281,ET,17 MAR 2014,10
705-1281,V501,20 APR 2014,
705-1282,V1,23 DEC 2012,
705-1282,V2,24 DEC 2012,
705-1282,V3,26 DEC 2012,
705-1282,V3E,08 JAN 2013,
705-1282,V4,09 JAN 2013,
705-1282,V5,21 JAN 2013,
705-1282,V6,23 JAN 2013,
705-1282,V7,07 FEB 2013,
705-1282,V8,20 FEB 2013,
705-1282,V8T,06 MAR 2013,
705-1282,V9,20 MAR 2013,
705-1282,V9T,03 APR 2013,
705-1282,V10,16 APR 2013,
705-1282,V10T,30 APR 2013,
705-1282,V11,14 MAY 2013,
705-1282,V11T,28 MAY 2013,
705-1282,V12,11 JUN 2013,
705-1282,V13,24 JUN 2013,
705-1292,V1,11 OCT 2013,
705-1292,V2,12 OCT 2013,
705-1292,V3,14 OCT 2013,
705-1292,V3E,28 OCT 2013,
705-1292,V4,29 OCT 2013,
705-1292,V5,22 NOV 2013,
705-1292,UNS,25 NOV 2013,
705-1292,V6,25 NOV 2013,
705-1292,V7,11 DEC 2013,
705-1292,V8,02 JAN 2014,
705-1292,V8T,16 JAN 2014,
705-1292,V9,07 FEB 2014,
705-1292,V9T,21 FEB 2014,
705-1292,V10,03 MAR 2014,
705-1292,V10T,17 MAR 2014,
705-1292,V11,31 MAR 2014,
705-1292,V11T,14 APR 2014,
705-1292,V12,28 APR 2014,
705-1292,V13,14 MAY 2014,
705-1303,V1,10 DEC 2013,
705-1303,V2,14 DEC 2013,
705-1303,V3,16 DEC 2013,
705-1303,V3E,29 DEC 2013,
705-1303,V4,30 DEC 2013,
705-1303,V5,12 JAN 2014,
705-1303,V6,14 JAN 2014,
705-1303,V7,26 JAN 2014,
705-1303,V8,10 FEB 2014,
705-1303,V8T,24 FEB 2014,
705-1303,V9,03 MAR 2014,
705-1303,V9T,17 MAR 2014,
705-1303,V10,07 APR 2014,
705-1303,V10T,21 APR 2014,
705-1303,ET,02 JUN 2014,11
705-1310,V1,26 OCT 2013,
705-1310,V2,31 OCT 2013,
705-1310,V3,02 NOV 2013,
705-1310,V3E,21 NOV 2013,
705-1310,V4,22 NOV 2013,
705-1310,V5,30 NOV 2013,
705-1310,V6,02 DEC 2013,
705-1310,V7,16 DEC 2013,
705-1310,V8,26 DEC 2013,
705-1310,V8T,10 JAN 2014,
705-1310,UNS,10 JAN 2014,
705-1310,ET,23 JAN 2014,9
705-1310,V501,24 FEB 2014,
705-1349,V1,24 FEB 2013,
705-1349,UNS,03 MAR 2013,
705-1349,V2,08 MAR 2013,
705-1349,V3,10 MAR 2013,
705-1349,V3E,23 MAR 2013,
705-1349,V4,24 MAR 2013,
705-1349,V5,04 APR 2013,
705-1349,V6,17 APR 2013,
705-1349,V7,17 APR 2013,
705-1349,V8,01 MAY 2013,
705-1349,V8T,15 MAY 2013,
705-1349,V9,28 MAY 2013,
705-1349,V9T,11 JUN 2013,
705-1349,V10,25 JUN 2013,
705-1349,V10T,09 JUL 2013,
705-1349,V11,23 JUL 2013,
705-1349,V11T,06 AUG 2013,
705-1349,V12,25 AUG 2013,
705-1349,V13,08 SEP 2013,
705-1377,V1,29 DEC 2013,
705-1377,V2,02 JAN 2014,
705-1377,V3,04 JAN 2014,
705-1377,V3E,24 JAN 2014,
705-1377,V4,25 JAN 2014,
705-1377,V5,07 FEB 2014,
705-1377,V6,09 FEB 2014,
705-1377,ET,07 MAR 2014,7
705-1382,V1,09 MAY 2013,
705-1382,V2,11 MAY 2013,
705-1382,V3,13 MAY 2013,
705-1382,ET,13 MAY 2013,4
705-1393,V1,02 SEP 2012,
705-1393,UNS,05 SEP 2012,
705-1393,V2,05 SEP 2012,
705-1393,V3,07 SEP 2012,
705-1393,V3E,26 SEP 2012,
705-1393,V4,27 SEP 2012,
705-1393,V5,10 OCT 2012,
705-1393,V6,12 OCT 2012,
705-1393,V7,26 OCT 2012,
705-1393,V8,02 NOV 2012,
705-1393,V8T,16 NOV 2012,
705-1393,V9,05 DEC 2012,
705-1393,V9T,20 DEC 2012,
705-1393,V10,02 JAN 2013,
705-1393,V10T,16 JAN 2013,
705-1393,ET,20 FEB 2013,11
705-1393,V501,25 APR 2013,
705-1421,V1,14 JAN 2013,
705-1431,V1,16 JUN 2013,
705-1431,V2,21 JUN 2013,
705-1431,V3,23 JUN 2013,
705-1431,V3E,06 JUL 2013,
705-1431,V4,07 JUL 2013,
705-1431,V5,20 JUL 2013,
705-1431,V6,22 JUL 2013,
705-1431,V7,07 AUG 2013,
705-1431,V8,21 AUG 2013,
705-1431,V8T,04 SEP 2013,
705-1431,V9,18 SEP 2013,
705-1431,V9T,02 OCT 2013,
705-1431,V10,17 OCT 2013,
705-1431,V10T,30 OCT 2013,
705-1431,V11,13 NOV 2013,
705-1431,V11T,27 NOV 2013,
705-1431,V12,05 DEC 2013,
705-1431,V13,19 DEC 2013,
706-1041,V1,21 DEC 2013,
706-1041,V2,28 DEC 2013,
706-1041,V3,31 DEC 2013,
706-1041,V3E,11 JAN 2014,
706-1041,V4,14 JAN 2014,
706-1041,V5,28 JAN 2014,
706-1041,V6,30 JAN 2014,
706-1041,V7,11 FEB 2014,
706-1041,V8,04 MAR 2014,
706-1041,V8T,18 MAR 2014,
706-1041,V9,01 APR 2014,
706-1041,V9T,22 APR 2014,
706-1041,V10,06 MAY 2014,
706-1041,V10T,20 MAY 2014,
706-1041,V11,10 JUN 2014,
706-1041,V11T,26 JUN 2014,
706-1041,V12,15 JUL 2014,
706-1041,V13,29 JUL 2014,
706-1049,V1,30 APR 2013,
706-1049,V2,11 MAY 2013,
706-1049,V3,14 MAY 2013,
706-1049,V3E,25 MAY 2013,
706-1049,V4,28 MAY 2013,
706-1049,V5,11 JUN 2013,
706-1049,V6,13 JUN 2013,
706-1049,ET,25 JUN 2013,7
706-1049,V501,20 AUG 2013,
706-1049,V201,26 NOV 2013,
706-1384,V1,25 AUG 2012,
706-1384,UNS,28 AUG 2012,
706-1384,V2,12 SEP 2012,
706-1384,V3,15 SEP 2012,
706-1384,ET,29 SEP 2012,4
706-1384,V201,22 JUN 2013,
707-1037,V1,12 DEC 2013,
707-1037,V2,18 DEC 2013,
707-1037,V3,20 DEC 2013,
707-1037,ET,08 JAN 2014,4
707-1206,V1,20 OCT 2013,
707-1206,V2,26 OCT 2013,
707-1206,V3,28 OCT 2013,
707-1206,V3E,11 NOV 2013,
707-1206,V4,12 NOV 2013,
707-1206,V5,25 NOV 2013,
707-1206,V6,27 NOV 2013,
707-1206,V7,09 DEC 2013,
707-1206,V8,23 DEC 2013,
707-1206,V8T,05 JAN 2014,
707-1206,V9,19 JAN 2014,
707-1206,V9T,02 FEB 2014,
707-1206,V10,16 FEB 2014,
707-1206,V10T,01 MAR 2014,
707-1206,V11,16 MAR 2014,
707-1206,V11T,30 MAR 2014,
707-1206,V12,13 APR 2014,
707-1206,V13,27 APR 2014,
707-1276,V1,12 OCT 2012,
707-1430,V1,14 FEB 2014,
707-1434,V1,25 JUL 2013,
708-1013,V1,13 OCT 2012,
708-1019,V1,10 DEC 2013,
708-1019,V2,17 DEC 2013,
708-1019,V3,20 DEC 2013,
708-1019,ET,23 JAN 2014,4
708-1032,V1,02 FEB 2013,
708-1032,V2,07 FEB 2013,
708-1032,V3,09 FEB 2013,
708-1032,V3E,22 FEB 2013,
708-1032,V4,23 FEB 2013,
708-1032,ET,09 MAR 2013,5
708-1054,V1,14 FEB 2014,
708-1067,V1,07 FEB 2013,
708-1084,V1,01 MAY 2013,
708-1084,V2,06 MAY 2013,
708-1084,V3,09 MAY 2013,
708-1084,V3E,23 MAY 2013,
708-1084,V4,23 MAY 2013,
708-1084,V5,09 JUN 2013,
708-1084,V6,11 JUN 2013,
708-1084,V7,23 JUN 2013,
708-1084,V8,07 JUL 2013,
708-1084,V8T,21 JUL 2013,
708-1084,V9,01 AUG 2013,
708-1084,V9T,19 AUG 2013,
708-1084,UNS,19 AUG 2013,
708-1084,V10,01 SEP 2013,
708-1084,V10T,15 SEP 2013,
708-1084,V11,01 OCT 2013,
708-1084,V11T,15 OCT 2013,
708-1084,V12,28 OCT 2013,
708-1084,V13,11 NOV 2013,
708-1087,V1,06 OCT 2012,
708-1087,V2,20 OCT 2012,
708-1087,V3,22 OCT 2012,
708-1087,V3E,04 NOV 2012,
708-1087,V4,05 NOV 2012,
708-1087,V5,20 NOV 2012,
708-1087,V6,25 NOV 2012,
708-1087,V7,08 DEC 2012,
708-1087,V8,22 DEC 2012,
708-1087,V8T,05 JAN 2013,
708-1087,V9,19 JAN 2013,
708-1087,V9T,02 FEB 2013,
708-1087,V10,16 FEB 2013,
708-1087,V10T,02 MAR 2013,
708-1087,V11,16 MAR 2013,
708-1087,V11T,30 MAR 2013,
708-1087,V12,10 APR 2013,
708-1087,V13,28 APR 2013,
708-1104,V1,23 JAN 2014,
708-1158,V1,01 FEB 2014,
708-1158,UNS,01 FEB 2014,
708-1158,UNS,26 FEB 2014,
708-1158,V2,06 FEB 2014,
708-1158,V3,08 FEB 2014,
708-1158,V3E,25 FEB 2014,
708-1158,V4,26 FEB 2014,
708-1158,V5,06 MAR 2014,
708-1158,V6,08 MAR 2014,
708-1158,ET,22 MAR 2014,7
708-1171,V1,25 NOV 2012,
708-1171,V2,02 DEC 2012,
708-1171,V3,06 DEC 2012,
708-1171,V3E,17 DEC 2012,
708-1171,V4,18 DEC 2012,
708-1171,V5,31 DEC 2012,
708-1171,V6,02 JAN 2013,
708-1171,V7,14 JAN 2013,
708-1171,V8,28 JAN 2013,
708-1171,V8T,11 FEB 2013,
708-1171,V9,25 FEB 2013,
708-1171,V9T,11 MAR 2013,
708-1171,V10,25 MAR 2013,
708-1171,V10T,08 APR 2013,
708-1171,V11,22 APR 2013,
708-1171,V11T,02 MAY 2013,
708-1171,V12,20 MAY 2013,
708-1171,V13,04 JUN 2013,
708-1178,V1,13 DEC 2013,
708-1178,UNS,19 DEC 2013,
708-1178,UNS,26 DEC 2013,
708-1178,V2,19 DEC 2013,
708-1178,V3,29 DEC 2013,
708-1178,V3E,09 JAN 2014,
708-1178,V4,18 JAN 2014,
708-1178,V5,02 FEB 2014,
708-1178,V6,07 FEB 2014,
708-1178,V7,23 FEB 2014,
708-1178,V8,09 MAR 2014,
708-1178,V8T,27 MAR 2014,
708-1178,ET,06 APR 2014,9
708-1184,V1,14 JAN 2013,
708-1213,V1,01 FEB 2013,
708-1213,V2,07 FEB 2013,
708-1213,V3,09 FEB 2013,
708-1213,V4,22 FEB 2013,
708-1213,ET,26 FEB 2013,5
708-1216,V1,14 OCT 2012,
708-1216,V2,19 OCT 2012,
708-1216,V3,24 OCT 2012,
708-1216,V3E,07 NOV 2012,
708-1216,V4,08 NOV 2012,
708-1216,V5,22 NOV 2012,
708-1216,V6,24 NOV 2012,
708-1216,ET,06 DEC 2012,7
708-1216,V501,09 JAN 2013,
708-1236,V1,08 SEP 2013,
708-1236,UNS,19 SEP 2013,
708-1236,V2,19 SEP 2013,
708-1236,V3,21 SEP 2013,
708-1236,ET,26 SEP 2013,4
708-1242,V1,13 AUG 2012,
708-1253,V1,26 APR 2013,
708-1253,V2,05 MAY 2013,
708-1253,V3,07 MAY 2013,
708-1253,V3E,20 MAY 2013,
708-1253,V4,21 MAY 2013,
708-1253,UNS,21 MAY 2013,
708-1253,V5,07 JUN 2013,
708-1253,V6,09 JUN 2013,
708-1253,V7,25 JUN 2013,
708-1253,V8,09 JUL 2013,
708-1253,V8T,26 JUL 2013,
708-1253,V9,05 AUG 2013,
708-1253,V9T,20 AUG 2013,
708-1253,V10,02 SEP 2013,
708-1253,V10T,16 SEP 2013,
708-1253,V11,29 SEP 2013,
708-1253,V11T,13 OCT 2013,
708-1253,V12,27 OCT 2013,
708-1253,V13,05 NOV 2013,
708-1272,V1,22 JAN 2013,
708-1272,V2,30 JAN 2013,
708-1272,V3,06 FEB 2013,
708-1272,V3E,19 FEB 2013,
708-1272,V4,21 FEB 2013,
708-1272,V5,07 MAR 2013,
708-1272,V6,09 MAR 2013,
708-1272,V7,20 MAR 2013,
708-1272,ET,04 APR 2013,8
708-1286,V1,25 AUG 2013,
708-1286,V2,08 SEP 2013,
708-1286,V3,10 SEP 2013,
708-1286,V3E,22 SEP 2013,
708-1286,V4,23 SEP 2013,
708-1286,V5,07 OCT 2013,
708-1286,V6,09 OCT 2013,
708-1286,V7,20 OCT 2013,
708-1286,V8,03 NOV 2013,
708-1286,V8T,17 NOV 2013,
708-1286,V9,01 DEC 2013,
708-1286,V9T,17 DEC 2013,
708-1286,V10,29 DEC 2013,
708-1286,V10T,18 JAN 2014,
708-1286,V11,01 FEB 2014,
708-1286,V11T,17 FEB 2014,
708-1286,V12,23 FEB 2014,
708-1286,V13,08 MAR 2014,
708-1296,V1,07 JUN 2013,
708-1296,V2,12 JUN 2013,
708-1296,V3,14 JUN 2013,
708-1296,V3E,26 JUN 2013,
708-1296,V4,27 JUN 2013,
708-1296,V5,10 JUL 2013,
708-1296,V6,12 JUL 2013,
708-1296,V7,24 JUL 2013,
708-1296,V8,07 AUG 2013,
708-1296,V8T,20 AUG 2013,
708-1296,V9,04 SEP 2013,
708-1296,V9T,18 SEP 2013,
708-1296,V10,02 OCT 2013,
708-1296,V10T,21 OCT 2013,
708-1296,V11,30 OCT 2013,
708-1296,V11T,14 NOV 2013,
708-1296,V12,27 NOV 2013,
708-1296,V13,12 DEC 2013,
708-1297,V1,15 JAN 2013,
708-1297,V2,23 JAN 2013,
708-1297,V3,25 JAN 2013,
708-1297,V3E,07 FEB 2013,
708-1297,V4,08 FEB 2013,
708-1297,V5,20 FEB 2013,
708-1297,V6,22 FEB 2013,
708-1297,V7,06 MAR 2013,
708-1297,V8,19 MAR 2013,
708-1297,V8T,02 APR 2013,
708-1297,V9,16 APR 2013,
708-1297,V9T,30 APR 2013,
708-1297,ET,08 MAY 2013,10
708-1297,V501,07 JUN 2013,
708-1316,V1,15 AUG 2013,
708-1316,V2,22 AUG 2013,
708-1316,V3,23 AUG 2013,
708-1316,V4,05 SEP 2013,
708-1316,V5,22 SEP 2013,
708-1316,V7,10 OCT 2013,
708-1316,V8,25 OCT 2013,
708-1316,V8T,08 NOV 2013,
708-1316,V9,22 NOV 2013,
708-1316,V9T,06 DEC 2013,
708-1316,V10,21 DEC 2013,
708-1316,V10T,05 JAN 2014,
708-1316,V11,18 JAN 2014,
708-1316,V11T,07 FEB 2014,
708-1316,V12,15 FEB 2014,
708-1316,V13,01 MAR 2014,
708-1336,V1,21 NOV 2012,
708-1336,V2,05 DEC 2012,
708-1336,V3,07 DEC 2012,
708-1336,V3E,20 DEC 2012,
708-1336,V4,21 DEC 2012,
708-1336,V5,01 JAN 2013,
708-1336,V6,03 JAN 2013,
708-1336,V7,15 JAN 2013,
708-1336,V8,29 JAN 2013,
708-1336,V8T,08 FEB 2013,
708-1336,V9,27 FEB 2013,
708-1336,V9T,13 MAR 2013,
708-1336,V10,27 MAR 2013,
708-1336,V10T,10 APR 2013,
708-1336,V11,23 APR 2013,
708-1336,V11T,07 MAY 2013,
708-1336,V12,22 MAY 2013,
708-1336,V13,05 JUN 2013,
708-1336,V501,05 JUL 2013,
708-1342,V1,21 DEC 2012,
708-1342,V2,27 DEC 2012,
708-1342,V3,29 DEC 2012,
708-1342,V3E,11 JAN 2013,
708-1342,V4,12 JAN 2013,
708-1342,V5,24 JAN 2013,
708-1342,V6,26 JAN 2013,
708-1342,V7,07 FEB 2013,
708-1342,V8,23 FEB 2013,
708-1342,V8T,12 MAR 2013,
708-1342,V9,21 MAR 2013,
708-1342,V9T,05 APR 2013,
708-1342,V10,20 APR 2013,
708-1342,V10T,04 MAY 2013,
708-1342,V11,18 MAY 2013,
708-1342,V11T,04 JUN 2013,
708-1342,V12,15 JUN 2013,
708-1342,V13,28 JUN 2013,
708-1347,V1,11 APR 2013,
708-1347,V2,18 APR 2013,
708-1347,V3,20 APR 2013,
708-1347,V3E,03 MAY 2013,
708-1347,V4,04 MAY 2013,
708-1347,V5,16 MAY 2013,
708-1347,V6,18 MAY 2013,
708-1347,V7,30 MAY 2013,
708-1347,V8,13 JUN 2013,
708-1347,ET,18 JUN 2013,9
708-1347,V501,02 AUG 2013,
708-1348,V1,28 JUL 2013,
708-1348,UNS,03 AUG 2013,
708-1348,UNS,27 JUL 2013,
708-1348,V2,03 AUG 2013,
708-1348,V3,05 AUG 2013,
708-1348,V3E,18 AUG 2013,
708-1348,V4,19 AUG 2013,
708-1348,V5,31 AUG 2013,
708-1348,UNS,02 SEP 2013,
708-1348,V6,02 SEP 2013,
708-1348,V7,15 SEP 2013,
708-1348,V8,06 OCT 2013,
708-1348,V8T,21 OCT 2013,
708-1348,V9,04 NOV 2013,
708-1348,V9T,18 NOV 2013,
708-1348,V10,01 DEC 2013,
708-1348,V10T,19 DEC 2013,
708-1348,V11,28 DEC 2013,
708-1348,V11T,16 JAN 2014,
708-1348,V12,03 FEB 2014,
708-1348,UNS,03 FEB 2014,
708-1348,V13,13 FEB 2014,
708-1352,V1,16 SEP 2013,
708-1353,V1,17 JUN 2013,
708-1353,V2,02 JUL 2013,
708-1353,V3,04 JUL 2013,
708-1353,V3E,17 JUL 2013,
708-1353,V4,18 JUL 2013,
708-1353,V5,04 AUG 2013,
708-1353,V6,07 AUG 2013,
708-1353,V7,18 AUG 2013,
708-1353,ET,10 SEP 2013,8
708-1372,V1,03 APR 2013,
708-1372,V2,10 APR 2013,
708-1372,V3,12 APR 2013,
708-1372,ET,10 MAY 2013,4
708-1378,V1,24 AUG 2013,
708-1378,V2,01 SEP 2013,
708-1378,V3,03 SEP 2013,
708-1378,V3E,20 SEP 2013,
708-1378,V4,21 SEP 2013,
708-1378,V5,05 OCT 2013,
708-1378,V7,19 OCT 2013,
708-1378,V8,05 NOV 2013,
708-1378,V8T,19 NOV 2013,
708-1378,V9,02 DEC 2013,
708-1378,V10,12 JAN 2014,
708-1378,V10T,12 JAN 2014,
708-1378,ET,28 JAN 2014,11
708-1406,V1,06 DEC 2013,
708-1406,V2,24 DEC 2013,
708-1406,V3,26 DEC 2013,
708-1406,V3E,08 JAN 2014,
708-1406,V4,09 JAN 2014,
708-1406,V5,22 JAN 2014,
708-1406,V6,24 JAN 2014,
708-1406,V7,10 FEB 2014,
708-1406,V8,24 FEB 2014,
708-1406,V8T,11 MAR 2014,
708-1406,V9,19 MAR 2014,
708-1406,V9T,07 APR 2014,
708-1406,V10,16 APR 2014,
708-1406,V10T,06 MAY 2014,
708-1406,V11,16 MAY 2014,
708-1406,V11T,13 MAY 2014,
708-1406,V12,16 JUN 2014,
708-1406,V13,02 JUL 2014,
708-1428,V1,02 NOV 2013,
708-1428,V2,07 NOV 2013,
708-1428,V3,09 NOV 2013,
708-1428,V3E,22 NOV 2013,
708-1428,V4,23 NOV 2013,
708-1428,V5,10 DEC 2013,
708-1428,V6,12 DEC 2013,
708-1428,V7,26 DEC 2013,
708-1428,ET,31 JAN 2014,8
708-1428,V501,31 JAN 2014,
709-1001,V1,20 SEP 2013,
709-1001,UNS,06 OCT 2013,
709-1001,V2,06 OCT 2013,
709-1001,V3,08 OCT 2013,
709-1001,V3E,21 OCT 2013,
709-1001,V4,22 OCT 2013,
709-1001,V5,02 NOV 2013,
709-1001,V6,04 NOV 2013,
709-1001,V7,19 NOV 2013,
709-1001,V8,03 DEC 2013,
709-1001,V8T,14 DEC 2013,
709-1001,V9,31 DEC 2013,
709-1001,V9T,11 JAN 2014,
709-1001,V10,28 JAN 2014,
709-1001,V10T,11 FEB 2014,
709-1001,V11,25 FEB 2014,
709-1001,V11T,07 MAR 2014,
709-1001,V12,17 MAR 2014,
709-1001,V13,08 APR 2014,
709-1007,V1,21 JUL 2012,
709-1007,UNS,21 JUL 2012,
709-1007,V2,29 JUL 2012,
709-1007,V3,31 JUL 2012,
709-1007,V3E,17 AUG 2012,
709-1007,V4,18 AUG 2012,
709-1007,ET,01 SEP 2012,5
709-1007,V501,07 SEP 2012,
709-1020,V1,22 NOV 2012,
709-1020,V2,29 NOV 2012,
709-1020,V3,01 DEC 2012,
709-1020,V4,15 DEC 2012,
709-1020,V5,27 DEC 2012,
709-1020,V7,12 JAN 2013,
709-1020,V8,26 JAN 2013,
709-1020,V8T,09 FEB 2013,
709-1020,V9,23 FEB 2013,
709-1020,V9T,08 MAR 2013,
709-1020,V10,23 MAR 2013,
709-1020,V10T,13 APR 2013,
709-1020,V11,20 APR 2013,
709-1020,V11T,03 MAY 2013,
709-1020,V12,18 MAY 2013,
709-1020,V13,01 JUN 2013,
709-1029,V1,10 DEC 2012,
709-1029,V2,23 DEC 2012,
709-1029,V3,25 DEC 2012,
709-1029,V3E,08 JAN 2013,
709-1029,V4,09 JAN 2013,
709-1029,V5,21 JAN 2013,
709-1029,V6,23 JAN 2013,
709-1029,V7,06 FEB 2013,
709-1029,V8,19 FEB 2013,
709-1029,V8T,06 MAR 2013,
709-1029,V9,20 MAR 2013,
709-1029,V9T,06 APR 2013,
709-1029,V10,16 APR 2013,
709-1029,V10T,01 MAY 2013,
709-1029,V11,15 MAY 2013,
709-1029,V11T,28 MAY 2013,
709-1029,V12,12 JUN 2013,
709-1029,V13,26 JUN 2013,
709-1081,V1,09 JAN 2014,
709-1081,UNS,05 JAN 2014,
709-1081,V2,17 JAN 2014,
709-1081,V3,18 JAN 2014,
709-1081,V3E,31 JAN 2014,
709-1081,V4,01 FEB 2014,
709-1081,V5,10 FEB 2014,
709-1081,V6,12 FEB 2014,
709-1081,V7,01 MAR 2014,
709-1081,V8,15 MAR 2014,
709-1081,V8T,29 MAR 2014,
709-1081,V9,21 APR 2014,
709-1081,V9T,26 APR 2014,
709-1081,ET,10 MAY 2014,10
709-1088,V1,30 MAR 2014,
709-1088,V2,10 APR 2014,
709-1088,V3,12 APR 2014,
709-1088,V3E,25 APR 2014,
709-1088,V4,26 APR 2014,
709-1088,V5,08 MAY 2014,
709-1088,V6,10 MAY 2014,
709-1088,V7,22 MAY 2014,
709-1088,V8,01 JUN 2014,
709-1088,V8T,15 JUN 2014,
709-1088,V9,29 JUN 2014,
709-1088,V9T,10 JUL 2014,
709-1088,V10,02 AUG 2014,
709-1088,V10T,17 AUG 2014,
709-1088,V11,23 AUG 2014,
709-1088,V11T,06 SEP 2014,
709-1088,V12,27 SEP 2014,
709-1088,V13,09 OCT 2014,
709-1099,V1,14 OCT 2013,
709-1099,V2,23 OCT 2013,
709-1099,V3,25 OCT 2013,
709-1099,V3E,11 NOV 2013,
709-1099,V4,12 NOV 2013,
709-1099,V5,27 NOV 2013,
709-1099,V6,29 NOV 2013,
709-1099,V7,11 DEC 2013,
709-1099,V8,26 DEC 2013,
709-1099,V8T,08 JAN 2014,
709-1099,V9,20 JAN 2014,
709-1099,V9T,03 FEB 2014,
709-1099,V10,14 FEB 2014,
709-1099,V10T,24 FEB 2014,
709-1099,V11,14 MAR 2014,
709-1099,V11T,25 MAR 2014,
709-1099,V12,11 APR 2014,
709-1099,V13,25 APR 2014,
709-1102,V1,07 JAN 2013,
709-1102,UNS,13 JAN 2013,
709-1102,V2,13 JAN 2013,
709-1102,V3,15 JAN 2013,
709-1102,V3E,30 JAN 2013,
709-1102,V4,31 JAN 2013,
709-1102,V5,11 FEB 2013,
709-1102,V6,13 FEB 2013,
709-1102,V7,27 FEB 2013,
709-1102,V8,12 MAR 2013,
709-1102,ET,31 MAR 2013,9
709-1102,V501,12 MAY 2013,
709-1168,V1,25 JUL 2013,
709-1168,V2,31 JUL 2013,
709-1168,V3,02 AUG 2013,
709-1168,V3E,16 AUG 2013,
709-1168,V4,17 AUG 2013,
709-1168,V5,30 AUG 2013,
709-1168,V7,13 SEP 2013,
709-1168,ET,27 SEP 2013,8
709-1168,V501,01 NOV 2013,
709-1217,V1,16 FEB 2013,
709-1217,V2,02 MAR 2013,
709-1217,V3,04 MAR 2013,
709-1217,V3E,18 MAR 2013,
709-1217,V4,19 MAR 2013,
709-1217,V5,30 MAR 2013,
709-1217,V6,01 APR 2013,
709-1217,V7,13 APR 2013,
709-1217,V8,29 APR 2013,
709-1217,V8T,13 MAY 2013,
709-1217,V9,25 MAY 2013,
709-1217,V9T,11 JUN 2013,
709-1217,ET,25 JUN 2013,10
709-1224,V1,18 NOV 2013,
709-1237,V1,17 JAN 2014,
709-1238,V1,02 MAY 2013,
709-1238,V2,13 MAY 2013,
709-1238,V3,15 MAY 2013,
709-1238,V3E,28 MAY 2013,
709-1238,V4,29 MAY 2013,
709-1238,V5,19 JUN 2013,
709-1238,V6,25 JUN 2013,
709-1238,V7,26 JUN 2013,
709-1238,V8,02 JUL 2013,
709-1238,V8T,24 JUL 2013,
709-1238,ET,07 AUG 2013,9
709-1238,V501,13 AUG 2013,
709-1259,V1,13 JAN 2013,
709-1259,V2,24 JAN 2013,
709-1259,V3,26 JAN 2013,
709-1259,V3E,09 FEB 2013,
709-1259,V4,10 FEB 2013,
709-1259,V5,22 FEB 2013,
709-1259,V6,24 FEB 2013,
709-1259,V7,08 MAR 2013,
709-1259,V8,23 MAR 2013,
709-1259,V8T,05 APR 2013,
709-1259,V9,20 APR 2013,
709-1259,V9T,03 MAY 2013,
709-1259,V10,11 MAY 2013,
709-1259,V10T,25 MAY 2013,
709-1259,ET,13 JUN 2013,11
709-1285,V1,17 MAR 2013,
709-1285,V2,22 MAR 2013,
709-1285,V3,24 MAR 2013,
709-1285,V3E,07 APR 2013,
709-1285,V4,08 APR 2013,
709-1285,V5,19 APR 2013,
709-1285,V6,21 APR 2013,
709-1285,V7,03 MAY 2013,
709-1285,V8,19 MAY 2013,
709-1285,ET,31 MAY 2013,9
709-1301,V1,14 JUL 2013,
709-1301,UNS,14 JUL 2013,
709-1301,V2,17 JUL 2013,
709-1301,V3,19 JUL 2013,
709-1301,V3E,01 AUG 2013,
709-1301,V4,02 AUG 2013,
709-1301,V5,11 AUG 2013,
709-1301,V6,13 AUG 2013,
709-1301,V7,30 AUG 2013,
709-1301,V8,13 SEP 2013,
709-1301,V8T,29 SEP 2013,
709-1301,V9,13 OCT 2013,
709-1301,V9T,25 OCT 2013,
709-1301,V10,08 NOV 2013,
709-1301,V10T,22 NOV 2013,
709-1301,V11,06 DEC 2013,
709-1301,V11T,20 DEC 2013,
709-1301,V12,04 JAN 2014,
709-1301,V13,17 JAN 2014,
709-1306,V1,19 JAN 2014,
709-1306,V2,01 FEB 2014,
709-1306,V3,03 FEB 2014,
709-1306,V3E,18 FEB 2014,
709-1306,V4,19 FEB 2014,
709-1306,V5,02 MAR 2014,
709-1306,V6,04 MAR 2014,
709-1306,V7,19 MAR 2014,
709-1306,V8,02 APR 2014,
709-1306,V8T,13 APR 2014,
709-1306,V9,30 APR 2014,
709-1306,V9T,14 MAY 2014,
709-1306,V10,28 MAY 2014,
709-1306,V10T,09 JUN 2014,
709-1306,ET,25 JUN 2014,11
709-1309,V1,09 JUN 2013,
709-1309,UNS,09 JUN 2013,
709-1309,V2,17 JUN 2013,
709-1309,V3,19 JUN 2013,
709-1309,V3E,30 JUN 2013,
709-1309,V4,01 JUL 2013,
709-1309,V5,16 JUL 2013,
709-1309,V6,18 JUL 2013,
709-1309,V7,31 JUL 2013,
709-1309,V8,15 AUG 2013,
709-1309,V8T,29 AUG 2013,
709-1309,V9,11 SEP 2013,
709-1309,V9T,23 SEP 2013,
709-1309,V10,16 OCT 2013,
709-1309,V10T,28 OCT 2013,
709-1309,V11,07 NOV 2013,
709-1309,V11T,25 NOV 2013,
709-1309,V12,05 DEC 2013,
709-1309,V13,19 DEC 2013,
709-1312,V1,13 APR 2014,
709-1312,UNS,18 APR 2014,
709-1312,V2,18 APR 2014,
709-1312,V3,20 APR 2014,
709-1312,V4,10 MAY 2014,
709-1312,V5,17 MAY 2014,
709-1312,V6,19 MAY 2014,
709-1312,V7,02 JUN 2014,
709-1312,V8,13 JUN 2014,
709-1312,V8T,03 JUL 2014,
709-1312,V9,13 JUL 2014,
709-1312,V9T,25 JUL 2014,
709-1312,V10,10 AUG 2014,
709-1312,V10T,28 AUG 2014,
709-1312,V11,07 SEP 2014,
709-1312,V11T,14 SEP 2014,
709-1312,V12,05 OCT 2014,
709-1312,V13,19 OCT 2014,
709-1326,V1,21 MAR 2013,
709-1326,V2,03 APR 2013,
709-1326,V3,05 APR 2013,
709-1326,V3E,17 APR 2013,
709-1326,V4,18 APR 2013,
709-1326,V5,01 MAY 2013,
709-1326,V6,03 MAY 2013,
709-1326,V7,18 MAY 2013,
709-1326,V8,01 JUN 2013,
709-1326,V8T,12 JUN 2013,
709-1326,V9,26 JUN 2013,
709-1326,V9T,11 JUL 2013,
709-1326,V10,26 JUL 2013,
709-1326,V10T,07 AUG 2013,
709-1326,V11,21 AUG 2013,
709-1326,V11T,05 SEP 2013,
709-1326,V12,20 SEP 2013,
709-1326,V13,02 OCT 2013,
709-1329,V1,01 AUG 2013,
709-1329,UNS,13 AUG 2013,
709-1329,V2,13 AUG 2013,
709-1329,V3,15 AUG 2013,
709-1329,ET,29 AUG 2013,4
709-1339,V1,15 DEC 2012,
709-1339,V2,21 DEC 2012,
709-1339,V3,23 DEC 2012,
709-1339,V3E,04 JAN 2013,
709-1339,V4,05 JAN 2013,
709-1339,V5,20 JAN 2013,
709-1339,V6,22 JAN 2013,
709-1339,V7,03 FEB 2013,
709-1339,V8,19 FEB 2013,
709-1339,V8T,09 MAR 2013,
709-1339,V9,17 MAR 2013,
709-1339,V9T,31 MAR 2013,
709-1339,V10,14 APR 2013,
709-1339,V10T,28 APR 2013,
709-1339,V11,12 MAY 2013,
709-1339,V11T,25 MAY 2013,
709-1339,V12,08 JUN 2013,
709-1339,V13,24 JUN 2013,
709-1424,V1,15 FEB 2013,
709-1424,V2,01 MAR 2013,
709-1424,V3,03 MAR 2013,
709-1424,ET,08 MAR 2013,4
709-1424,UNS,17 MAR 2013,
709-1424,V501,17 MAR 2013,
710-1002,V1,30 DEC 2013,
710-1002,UNS,31 DEC 2013,
710-1002,V2,12 JAN 2014,
710-1002,V3,14 JAN 2014,
710-1002,ET,18 JAN 2014,4
710-1002,V501,20 JAN 2014,
710-1006,V1,27 JAN 2013,
710-1006,V2,08 FEB 2013,
710-1006,V3,10 FEB 2013,
710-1006,V3E,21 FEB 2013,
710-1006,V4,22 FEB 2013,
710-1006,V5,08 MAR 2013,
710-1006,V6,10 MAR 2013,
710-1006,V7,23 MAR 2013,
710-1006,V8,06 APR 2013,
710-1006,V8T,20 APR 2013,
710-1006,V9,04 MAY 2013,
710-1006,V9T,18 MAY 2013,
710-1006,UNS,18 MAY 2013,
710-1006,V10,01 JUN 2013,
710-1006,V10T,15 JUN 2013,
710-1006,V11,29 JUN 2013,
710-1006,V11T,13 JUL 2013,
710-1006,UNS,13 JUL 2013,
710-1006,V12,27 JUL 2013,
710-1006,V13,10 AUG 2013,
710-1021,V1,19 SEP 2013,
710-1021,V2,25 SEP 2013,
710-1021,V3,27 SEP 2013,
710-1021,V3E,10 OCT 2013,
710-1021,V4,11 OCT 2013,
710-1021,V5,27 OCT 2013,
710-1021,V6,29 OCT 2013,
710-1021,ET,12 NOV 2013,7
710-1021,V501,22 NOV 2013,
710-1027,V1,03 FEB 2014,
710-1027,V2,27 FEB 2014,
710-1027,V3,28 FEB 2014,
710-1027,V4,14 MAR 2014,
710-1027,V5,28 MAR 2014,
710-1027,V7,11 APR 2014,
710-1027,V8,24 APR 2014,
710-1027,V8T,08 MAY 2014,
710-1027,V9,23 MAY 2014,
710-1027,V9T,06 JUN 2014,
710-1027,V10,20 JUN 2014,
710-1027,V10T,04 JUL 2014,
710-1027,V11,17 JUL 2014,
710-1027,V11T,31 JUL 2014,
710-1027,V12,19 AUG 2014,
710-1027,V13,29 AUG 2014,
710-1045,V1,20 MAY 2013,
710-1045,V2,01 JUN 2013,
710-1045,V3,03 JUN 2013,
710-1045,V3E,16 JUN 2013,
710-1045,V4,17 JUN 2013,
710-1045,V5,01 JUL 2013,
710-1045,V6,05 JUL 2013,
710-1045,V7,15 JUL 2013,
710-1045,V8,29 JUL 2013,
710-1045,V8T,12 AUG 2013,
710-1045,ET,17 AUG 2013,9
710-1045,V501,08 SEP 2013,
710-1053,V1,15 DEC 2012,
710-1053,V2,24 DEC 2012,
710-1053,V3,26 DEC 2012,
710-1053,V3E,08 JAN 2013,
710-1053,V4,09 JAN 2013,
710-1053,V5,24 JAN 2013,
710-1053,V6,26 JAN 2013,
710-1053,V7,06 FEB 2013,
710-1053,ET,15 FEB 2013,8
710-1053,UNS,26 FEB 2013,
710-1053,V501,26 FEB 2013,
710-1060,V1,24 DEC 2012,
710-1060,V2,30 DEC 2012,
710-1060,V3,01 JAN 2013,
710-1060,V3E,14 JAN 2013,
710-1060,V4,15 JAN 2013,
710-1060,V5,01 FEB 2013,
710-1060,V6,03 FEB 2013,
710-1060,V7,12 FEB 2013,
710-1060,V8,26 FEB 2013,
710-1060,V8T,12 MAR 2013,
710-1060,UNS,12 MAR 2013,
710-1060,V9,26 MAR 2013,
710-1060,V9T,09 APR 2013,
710-1060,V10,23 APR 2013,
710-1060,V10T,07 MAY 2013,
710-1060,V11,24 MAY 2013,
710-1060,V11T,07 JUN 2013,
710-1060,V12,21 JUN 2013,
710-1060,V13,05 JUL 2013,
710-1070,V1,28 AUG 2012,
710-1070,V2,06 SEP 2012,
710-1070,V3,08 SEP 2012,
710-1070,V3E,21 SEP 2012,
710-1070,V4,22 SEP 2012,
710-1070,V5,06 OCT 2012,
710-1070,V6,08 OCT 2012,
710-1070,V7,20 OCT 2012,
710-1070,V8,05 NOV 2012,
710-1070,V8T,19 NOV 2012,
710-1070,V9,01 DEC 2012,
710-1070,V9T,15 DEC 2012,
710-1070,V10,28 DEC 2012,
710-1070,V10T,12 JAN 2013,
710-1070,ET,23 FEB 2013,11
710-1070,V501,04 JUL 2013,
710-1077,V1,03 NOV 2013,
710-1077,V2,15 NOV 2013,
710-1077,V3,17 NOV 2013,
710-1077,V3E,30 NOV 2013,
710-1077,V4,01 DEC 2013,
710-1077,V5,15 DEC 2013,
710-1077,V6,17 DEC 2013,
710-1077,V7,30 DEC 2013,
710-1077,V8,12 JAN 2014,
710-1077,V8T,26 JAN 2014,
710-1077,UNS,26 JAN 2014,
710-1077,V9,09 FEB 2014,
710-1077,V9T,23 FEB 2014,
710-1077,V10,09 MAR 2014,
710-1077,V10T,23 MAR 2014,
710-1077,V11,06 APR 2014,
710-1077,V11T,20 APR 2014,
710-1077,V12,03 MAY 2014,
710-1077,V13,18 MAY 2014,
710-1078,V1,06 SEP 2013,
710-1078,V2,15 SEP 2013,
710-1078,V3,17 SEP 2013,
710-1078,V3E,05 OCT 2013,
710-1078,V4,06 OCT 2013,
710-1078,V5,20 OCT 2013,
710-1078,V6,22 OCT 2013,
710-1078,V7,03 NOV 2013,
710-1078,V8,17 NOV 2013,
710-1078,V8T,01 DEC 2013,
710-1078,V9,21 DEC 2013,
710-1078,V9T,04 JAN 2014,
710-1078,V10,12 JAN 2014,
710-1078,V10T,26 JAN 2014,
710-1078,V11,09 FEB 2014,
710-1078,V11T,23 FEB 2014,
710-1078,V12,08 MAR 2014,
710-1078,V13,23 MAR 2014,
710-1083,V1,09 JUL 2013,
710-1083,V2,20 JUL 2013,
710-1083,V3,22 JUL 2013,
710-1083,ET,03 AUG 2013,4
710-1129,V1,05 MAR 2013,
710-1137,V1,03 OCT 2013,
710-1137,V2,09 OCT 2013,
710-1137,V3,11 OCT 2013,
710-1137,V3E,24 OCT 2013,
710-1137,V4,25 OCT 2013,
710-1137,V5,08 NOV 2013,
710-1137,V6,11 NOV 2013,
710-1137,ET,13 NOV 2013,7
710-1137,V501,25 NOV 2013,
710-1142,V1,12 SEP 2012,
710-1142,V2,30 SEP 2012,
710-1142,V3,02 OCT 2012,
710-1142,V3E,15 OCT 2012,
710-1142,V4,16 OCT 2012,
710-1142,ET,23 OCT 2012,5
710-1142,V501,28 OCT 2012,
710-1149,V1,16 NOV 2013,
710-1154,V1,08 MAR 2014,
710-1154,UNS,15 MAR 2014,
710-1154,UNS,22 MAR 2014,
710-1154,V2,28 MAR 2014,
710-1154,V3,29 MAR 2014,
710-1154,V4,12 APR 2014,
710-1154,V5,25 APR 2014,
710-1154,ET,09 MAY 2014,7
710-1154,V501,13 JUN 2014,
710-1166,V1,10 NOV 2012,
710-1166,V2,28 NOV 2012,
710-1166,V3,30 NOV 2012,
710-1166,V3E,13 DEC 2012,
710-1166,V4,14 DEC 2012,
710-1166,V5,28 DEC 2012,
710-1166,V6,30 DEC 2012,
710-1166,V7,11 JAN 2013,
710-1166,UNS,16 JAN 2013,
710-1166,V8,25 JAN 2013,
710-1166,V8T,08 FEB 2013,
710-1166,V9,22 FEB 2013,
710-1166,V9T,08 MAR 2013,
710-1166,ET,30 MAR 2013,10
710-1166,V501,22 MAY 2013,
710-1183,V1,24 OCT 2013,
710-1183,UNS,01 NOV 2013,
710-1183,V2,14 NOV 2013,
710-1183,V3,16 NOV 2013,
710-1183,V3E,29 NOV 2013,
710-1183,V4,30 NOV 2013,
710-1183,V5,14 DEC 2013,
710-1183,V6,16 DEC 2013,
710-1183,V7,28 DEC 2013,
710-1183,V8,11 JAN 2014,
710-1183,V8T,25 JAN 2014,
710-1183,V9,08 FEB 2014,
710-1183,V9T,21 FEB 2014,
710-1183,V10,10 MAR 2014,
710-1183,V10T,22 MAR 2014,
710-1183,UNS,22 MAR 2014,
710-1183,V11,05 APR 2014,
710-1183,V11T,19 APR 2014,
710-1183,UNS,19 APR 2014,
710-1183,V12,03 MAY 2014,
710-1183,UNS,10 MAY 2014,
710-1183,V13,17 MAY 2014,
710-1187,V1,26 OCT 2012,
710-1187,V2,08 NOV 2012,
710-1187,V3,10 NOV 2012,
710-1187,V3E,23 NOV 2012,
710-1187,V4,24 NOV 2012,
710-1187,UNS,25 NOV 2012,
710-1187,V5,09 DEC 2012,
710-1187,UNS,06 DEC 2012,
710-1187,V6,11 DEC 2012,
710-1187,V7,23 DEC 2012,
710-1187,UNS,30 DEC 2012,
710-1187,V8,06 JAN 2013,
710-1187,V8T,20 JAN 2013,
710-1187,V9,03 FEB 2013,
710-1187,V9T,17 FEB 2013,
710-1187,V10,02 MAR 2013,
710-1187,V10T,15 MAR 2013,
710-1187,V11,31 MAR 2013,
710-1187,V11T,31 MAR 2013,
710-1187,V12,28 APR 2013,
710-1187,V13,12 MAY 2013,
710-1235,V1,13 SEP 2012,
710-1235,V2,23 SEP 2012,
710-1235,V3,26 SEP 2012,
710-1235,V3E,09 OCT 2012,
710-1235,V4,10 OCT 2012,
710-1235,V5,24 OCT 2012,
710-1235,V6,27 OCT 2012,
710-1235,V7,07 NOV 2012,
710-1235,V8,21 NOV 2012,
710-1235,V8T,05 DEC 2012,
710-1235,V9,19 DEC 2012,
710-1235,V9T,02 JAN 2013,
710-1235,V10,15 JAN 2013,
710-1235,V10T,29 JAN 2013,
710-1235,V11,12 FEB 2013,
710-1235,V11T,26 FEB 2013,
710-1235,V12,13 MAR 2013,
710-1235,V13,27 MAR 2013,
710-1249,V1,19 DEC 2013,
710-1249,V2,26 DEC 2013,
710-1249,V3,28 DEC 2013,
710-1249,V3E,10 JAN 2014,
710-1249,V4,11 JAN 2014,
710-1249,V5,25 JAN 2014,
710-1249,V6,27 JAN 2014,
710-1249,V7,08 FEB 2014,
710-1249,V8,22 FEB 2014,
710-1249,V8T,08 MAR 2014,
710-1249,V9,22 MAR 2014,
710-1249,V9T,05 APR 2014,
710-1249,V10,19 APR 2014,
710-1249,V10T,03 MAY 2014,
710-1249,V11,17 MAY 2014,
710-1249,V11T,31 MAY 2014,
710-1249,V12,14 JUN 2014,
710-1249,V13,28 JUN 2014,
710-1257,V1,29 NOV 2013,
710-1264,V1,02 JUN 2013,
710-1264,V2,11 JUN 2013,
710-1264,V3,13 JUN 2013,
710-1264,V3E,26 JUN 2013,
710-1264,V4,27 JUN 2013,
710-1264,V5,11 JUL 2013,
710-1264,V6,13 JUL 2013,
710-1264,V7,25 JUL 2013,
710-1264,V8,08 AUG 2013,
710-1264,V8T,22 AUG 2013,
710-1264,V9,03 SEP 2013,
710-1264,V9T,19 SEP 2013,
710-1264,V10,01 OCT 2013,
710-1264,ET,12 OCT 2013,11
710-1264,V501,05 NOV 2013,
710-1270,V1,01 FEB 2014,
710-1270,V2,10 FEB 2014,
710-1270,V3,12 FEB 2014,
710-1270,ET,01 MAR 2014,4
710-1270,V501,26 MAR 2014,
710-1271,V1,04 SEP 2012,
710-1271,V2,24 SEP 2012,
710-1271,V3,27 SEP 2012,
710-1271,V3E,11 OCT 2012,
710-1271,V4,12 OCT 2012,
710-1271,V5,26 OCT 2012,
710-1271,V6,28 OCT 2012,
710-1271,V7,08 NOV 2012,
710-1271,ET,02 DEC 2012,8
710-1271,V501,09 DEC 2012,
710-1278,V1,13 DEC 2012,
710-1278,V2,22 DEC 2012,
710-1278,V3,24 DEC 2012,
710-1278,V3E,06 JAN 2013,
710-1278,V4,07 JAN 2013,
710-1278,V5,24 JAN 2013,
710-1278,V6,26 JAN 2013,
710-1278,V7,07 FEB 2013,
710-1278,V8,21 FEB 2013,
710-1278,ET,03 MAR 2013,9
710-1278,V501,10 MAR 2013,
710-1300,V1,04 DEC 2012,
710-1300,V2,13 DEC 2012,
710-1300,V3,15 DEC 2012,
710-1300,V3E,29 DEC 2012,
710-1300,V4,30 DEC 2012,
710-1300,V5,13 JAN 2013,
710-1300,V6,15 JAN 2013,
710-1300,V7,28 JAN 2013,
710-1300,V8,11 FEB 2013,
710-1300,ET,19 FEB 2013,9
710-1300,V501,19 MAR 2013,
710-1314,V1,21 APR 2013,
710-1314,V2,22 APR 2013,
710-1314,V3,24 APR 2013,
710-1314,V3E,08 MAY 2013,
710-1314,V4,09 MAY 2013,
710-1314,V5,23 MAY 2013,
710-1314,ET,25 MAY 2013,6
710-1315,V1,12 FEB 2013,
710-1315,UNS,20 FEB 2013,
710-1315,V2,25 FEB 2013,
710-1315,V3,27 FEB 2013,
710-1315,V3E,12 MAR 2013,
710-1315,V4,13 MAR 2013,
710-1315,V5,26 MAR 2013,
710-1315,V6,28 MAR 2013,
710-1315,V7,10 APR 2013,
710-1315,V8,23 APR 2013,
710-1315,V8T,07 MAY 2013,
710-1315,V9,21 MAY 2013,
710-1315,V9T,04 JUN 2013,
710-1315,V10,18 JUN 2013,
710-1315,V10T,02 JUL 2013,
710-1315,ET,16 JUL 2013,11
710-1315,V501,02 SEP 2013,
710-1337,V1,30 DEC 2013,
710-1354,V1,29 OCT 2012,
710-1354,V2,09 NOV 2012,
710-1354,V3,11 NOV 2012,
710-1354,V3E,24 NOV 2012,
710-1354,V4,25 NOV 2012,
710-1354,V5,08 DEC 2012,
710-1354,V6,12 DEC 2012,
710-1354,V7,22 DEC 2012,
710-1354,V8,06 JAN 2013,
710-1354,V8T,20 JAN 2013,
710-1354,V9,02 FEB 2013,
710-1354,V9T,16 FEB 2013,
710-1354,V10,02 MAR 2013,
710-1354,V10T,16 MAR 2013,
710-1354,V11,30 MAR 2013,
710-1354,V11T,13 APR 2013,
710-1354,V12,21 APR 2013,
710-1354,V13,01 MAY 2013,
710-1358,V1,02 SEP 2012,
710-1358,V2,15 SEP 2012,
710-1358,V3,17 SEP 2012,
710-1358,V3E,30 SEP 2012,
710-1358,V4,01 OCT 2012,
710-1358,V5,20 OCT 2012,
710-1358,V6,22 OCT 2012,
710-1358,V7,30 OCT 2012,
710-1358,V8,14 NOV 2012,
710-1358,V8T,28 NOV 2012,
710-1358,V9,12 DEC 2012,
710-1358,V9T,26 DEC 2012,
710-1358,V10,09 JAN 2013,
710-1358,V10T,23 JAN 2013,
710-1358,V11,06 FEB 2013,
710-1358,ET,12 MAR 2013,12
710-1368,V1,21 OCT 2013,
710-1368,V2,22 OCT 2013,
710-1368,V3,23 OCT 2013,
710-1368,V3E,05 NOV 2013,
710-1368,V4,06 NOV 2013,
710-1368,V5,20 NOV 2013,
710-1368,V6,22 NOV 2013,
710-1368,V7,04 DEC 2013,
710-1368,V8,19 DEC 2013,
710-1368,V8T,01 JAN 2014,
710-1368,V9,15 JAN 2014,
710-1368,V9T,29 JAN 2014,
710-1368,V10,12 FEB 2014,
710-1368,V10T,26 FEB 2014,
710-1368,V11,12 MAR 2014,
710-1368,V11T,26 MAR 2014,
710-1368,V12,09 APR 2014,
710-1368,V13,24 APR 2014,
710-1376,V1,21 APR 2014,
710-1380,V1,02 JUN 2013,
710-1385,V1,21 OCT 2012,
710-1385,V2,27 OCT 2012,
710-1385,V3,29 OCT 2012,
710-1385,V3E,11 NOV 2012,
710-1385,V4,12 NOV 2012,
710-1385,UNS,13 NOV 2012,
710-1385,UNS,20 NOV 2012,
710-1385,V5,26 NOV 2012,
710-1385,V6,30 NOV 2012,
710-1385,V7,10 DEC 2012,
710-1385,V8,25 DEC 2012,
710-1385,V8T,08 JAN 2013,
710-1385,V9,21 JAN 2013,
710-1385,V9T,04 FEB 2013,
710-1385,ET,18 FEB 2013,10
710-1385,UNS,24 FEB 2013,
710-1385,V501,24 FEB 2013,
710-1408,V1,26 DEC 2012,
710-1408,V2,03 JAN 2013,
710-1408,V3,05 JAN 2013,
710-1408,V3E,23 JAN 2013,
710-1408,V4,24 JAN 2013,
710-1408,V5,07 FEB 2013,
710-1408,V6,09 FEB 2013,
710-1408,V7,20 FEB 2013,
710-1408,V8,07 MAR 2013,
710-1408,V8T,21 MAR 2013,
710-1408,V9,04 APR 2013,
710-1408,V9T,18 APR 2013,
710-1408,V10,03 MAY 2013,
710-1408,V10T,17 MAY 2013,
710-1408,V11,31 MAY 2013,
710-1408,V11T,14 JUN 2013,
710-1408,V12,28 JUN 2013,
710-1408,V13,12 JUL 2013,
710-1443,V1,13 DEC 2013,
711-1012,V1,20 MAR 2013,
711-1012,UNS,23 MAR 2013,
711-1012,V2,01 APR 2013,
711-1012,V3,03 APR 2013,
711-1012,V3E,16 APR 2013,
711-1012,V4,17 APR 2013,
711-1012,ET,02 MAY 2013,5
711-1012,V501,17 JUL 2013,
711-1012,V201,18 SEP 2013,
711-1022,V1,17 MAR 2014,
711-1036,V1,20 JUL 2012,
711-1036,V2,27 JUL 2012,
711-1036,V3,29 JUL 2012,
711-1036,V3E,11 AUG 2012,
711-1036,V4,12 AUG 2012,
711-1036,V5,29 AUG 2012,
711-1036,V6,31 AUG 2012,
711-1036,V7,09 SEP 2012,
711-1036,V8,23 SEP 2012,
711-1036,V8T,07 OCT 2012,
711-1036,V9,21 OCT 2012,
711-1036,V9T,03 NOV 2012,
711-1036,UNS,03 NOV 2012,
711-1036,V10,17 NOV 2012,
711-1036,V10T,02 DEC 2012,
711-1036,V11,15 DEC 2012,
711-1036,V11T,29 DEC 2012,
711-1036,V12,13 JAN 2013,
711-1036,V13,10 FEB 2013,
711-1143,V1,30 MAR 2013,
711-1143,V2,01 APR 2013,
711-1143,V3,03 APR 2013,
711-1143,V3E,16 APR 2013,
711-1143,V4,17 APR 2013,
711-1143,V5,29 APR 2013,
711-1143,V6,01 MAY 2013,
711-1143,V7,15 MAY 2013,
711-1143,UNS,19 MAY 2013,
711-1143,V8,28 MAY 2013,
711-1143,ET,01 JUN 2013,9
711-1143,UNS,22 JUN 2013,
711-1143,UNS,22 SEP 2013,
711-1143,V501,22 JUN 2013,
711-1143,V201,22 SEP 2013,
711-1163,V1,08 NOV 2012,
711-1173,V1,04 OCT 2012,
711-1226,V1,24 OCT 2013,
711-1251,V1,28 FEB 2014,
711-1283,V1,27 MAR 2014,
711-1284,V1,05 AUG 2013,
711-1290,V1,20 DEC 2013,
711-1433,V1,23 JAN 2013,
711-1433,UNS,22 JAN 2013,
711-1433,V2,25 JAN 2013,
711-1433,V3,27 JAN 2013,
711-1433,ET,06 FEB 2013,4
713-1043,V1,17 AUG 2013,
713-1043,V2,13 SEP 2013,
713-1043,V3,15 SEP 2013,
713-1043,V3E,29 SEP 2013,
713-1043,V4,30 SEP 2013,
713-1043,V5,11 OCT 2013,
713-1043,V6,13 OCT 2013,
713-1043,V7,01 NOV 2013,
713-1043,V8,11 NOV 2013,
713-1043,V8T,25 NOV 2013,
713-1043,V9,06 DEC 2013,
713-1043,V9T,22 DEC 2013,
713-1043,V10,03 JAN 2014,
713-1043,V10T,21 JAN 2014,
713-1043,V11,26 JAN 2014,
713-1043,V11T,21 FEB 2014,
713-1043,V12,28 FEB 2014,
713-1043,V13,24 MAR 2014,
713-1073,V1,15 MAR 2014,
713-1073,V2,28 MAR 2014,
713-1073,V3,30 MAR 2014,
713-1073,V4,14 APR 2014,
713-1073,V5,26 APR 2014,
713-1073,V6,28 APR 2014,
713-1073,V7,12 MAY 2014,
713-1073,V8,25 MAY 2014,
713-1073,V8T,08 JUN 2014,
713-1073,V9,22 JUN 2014,
713-1073,V9T,08 JUL 2014,
713-1073,V10,21 JUL 2014,
713-1073,V10T,05 AUG 2014,
713-1073,V11,17 AUG 2014,
713-1073,V11T,05 SEP 2014,
713-1073,V12,21 SEP 2014,
713-1073,V13,05 OCT 2014,
713-1106,V1,03 OCT 2012,
713-1106,V2,29 OCT 2012,
713-1106,V3,31 OCT 2012,
713-1106,V3E,14 NOV 2012,
713-1106,V4,15 NOV 2012,
713-1106,V5,26 NOV 2012,
713-1106,V6,28 NOV 2012,
713-1106,V7,09 DEC 2012,
713-1106,V8,27 DEC 2012,
713-1106,V8T,14 JAN 2013,
713-1106,V9,10 FEB 2013,
713-1106,V9T,14 FEB 2013,
713-1106,V10,27 FEB 2013,
713-1106,V11,20 MAR 2013,
713-1106,V11T,04 APR 2013,
713-1106,V12,22 APR 2013,
713-1106,V13,06 MAY 2013,
713-1141,V1,23 MAY 2013,
713-1141,V2,29 MAY 2013,
713-1141,V3,31 MAY 2013,
713-1141,V3E,13 JUN 2013,
713-1141,V4,14 JUN 2013,
713-1141,V5,26 JUN 2013,
713-1141,V6,28 JUN 2013,
713-1141,ET,06 AUG 2013,7
713-1179,V1,11 JUL 2013,
713-1179,V2,07 AUG 2013,
713-1179,V3,09 AUG 2013,
713-1179,V3E,23 AUG 2013,
713-1179,V4,24 AUG 2013,
713-1179,V5,05 SEP 2013,
713-1179,V6,07 SEP 2013,
713-1179,V7,19 SEP 2013,
713-1179,V8,04 OCT 2013,
713-1179,V8T,17 OCT 2013,
713-1179,V9,06 NOV 2013,
713-1179,V10,26 NOV 2013,
713-1179,V10T,13 DEC 2013,
713-1179,V11,01 JAN 2014,
713-1179,V11T,14 JAN 2014,
713-1179,V12,24 JAN 2014,
713-1179,V13,05 FEB 2014,
713-1209,V1,16 MAY 2013,
713-1209,V2,25 MAY 2013,
713-1209,V3,27 MAY 2013,
713-1209,V3E,13 JUN 2013,
713-1209,V4,14 JUN 2013,
713-1209,V5,22 JUN 2013,
713-1209,V6,24 JUN 2013,
713-1209,V7,08 JUL 2013,
713-1209,V8,22 JUL 2013,
713-1209,V8T,04 AUG 2013,
713-1209,V9,19 AUG 2013,
713-1209,V9T,31 AUG 2013,
713-1209,V10,15 SEP 2013,
713-1209,V10T,30 SEP 2013,
713-1209,V11,14 OCT 2013,
713-1209,V11T,28 OCT 2013,
713-1209,V12,14 NOV 2013,
713-1209,V13,22 NOV 2013,
713-1256,V1,10 SEP 2012,
713-1256,V2,17 SEP 2012,
713-1256,V3,19 SEP 2012,
713-1256,V3E,02 OCT 2012,
713-1256,V4,03 OCT 2012,
713-1256,V5,15 OCT 2012,
713-1256,V6,17 OCT 2012,
713-1256,V7,31 OCT 2012,
713-1256,V8,14 NOV 2012,
713-1256,V8T,01 DEC 2012,
713-1256,V9,12 DEC 2012,
713-1256,V9T,25 DEC 2012,
713-1256,V10,08 JAN 2013,
713-1256,V10T,22 JAN 2013,
713-1256,V11,03 FEB 2013,
713-1256,V11T,19 FEB 2013,
713-1256,V12,09 MAR 2013,
713-1256,V13,25 MAR 2013,
713-1269,V1,14 JAN 2014,
713-1269,UNS,14 JAN 2014,
713-1269,V2,26 JAN 2014,
713-1269,V3,27 JAN 2014,
713-1269,V4,10 FEB 2014,
713-1269,V5,23 FEB 2014,
713-1269,V6,25 FEB 2014,
713-1269,V7,10 MAR 2014,
713-1269,V8,23 MAR 2014,
713-1269,V8T,11 APR 2014,
713-1269,V9,20 APR 2014,
713-1269,V9T,03 MAY 2014,
713-1269,V10,19 MAY 2014,
713-1269,V10T,03 JUN 2014,
713-1269,V11,15 JUN 2014,
713-1269,V12,13 JUL 2014,
713-1269,V13,28 JUL 2014,
713-1448,V1,05 JAN 2014,
713-1448,UNS,02 NOV 2013,
713-1448,V2,17 JAN 2014,
713-1448,V3,19 JAN 2014,
713-1448,V3E,31 JAN 2014,
713-1448,V4,01 FEB 2014,
713-1448,V5,14 FEB 2014,
713-1448,V6,16 FEB 2014,
713-1448,V7,02 MAR 2014,
713-1448,V8,17 MAR 2014,
713-1448,V8T,30 MAR 2014,
713-1448,V9,14 APR 2014,
713-1448,V9T,27 APR 2014,
713-1448,ET,17 MAY 2014,10
713-1448,V501,07 JUN 2014,
713-1448,V201,27 JUL 2014,
714-1035,V1,03 APR 2014,
714-1035,V2,15 APR 2014,
714-1035,V3,17 APR 2014,
714-1035,V3E,30 APR 2014,
714-1035,V4,01 MAY 2014,
714-1035,V5,26 MAY 2014,
714-1035,V6,28 MAY 2014,
714-1035,V7,04 JUN 2014,
714-1035,V8,17 JUN 2014,
714-1035,V8T,01 JUL 2014,
714-1035,V9,10 JUL 2014,
714-1035,V9T,24 JUL 2014,
714-1035,V10,06 AUG 2014,
714-1035,V10T,20 AUG 2014,
714-1035,V11,03 SEP 2014,
714-1035,V11T,17 SEP 2014,
714-1035,V12,02 OCT 2014,
714-1035,V13,16 OCT 2014,
714-1068,V1,31 JUL 2013,
714-1068,V2,06 AUG 2013,
714-1068,V3,08 AUG 2013,
714-1068,V3E,21 AUG 2013,
714-1068,V4,22 AUG 2013,
714-1068,V5,05 SEP 2013,
714-1068,V6,07 SEP 2013,
714-1068,V7,19 SEP 2013,
714-1068,V8,03 OCT 2013,
714-1068,ET,16 OCT 2013,9
714-1068,V501,23 OCT 2013,
714-1195,V1,16 APR 2013,
714-1195,V2,24 APR 2013,
714-1195,V3,26 APR 2013,
714-1195,V4,09 MAY 2013,
714-1195,V5,23 MAY 2013,
714-1195,V7,05 JUN 2013,
714-1195,V8,20 JUN 2013,
714-1195,V8T,04 JUL 2013,
714-1195,V9,17 JUL 2013,
714-1195,V9T,31 JUL 2013,
714-1195,V10,09 AUG 2013,
714-1195,V10T,23 AUG 2013,
714-1195,V11,12 SEP 2013,
714-1195,V11T,26 SEP 2013,
714-1195,V12,10 OCT 2013,
714-1195,V13,23 OCT 2013,
714-1288,V1,24 NOV 2013,
714-1288,UNS,24 NOV 2013,
714-1288,V2,02 DEC 2013,
714-1288,V3,04 DEC 2013,
714-1288,V4,17 DEC 2013,
714-1288,V5,01 JAN 2014,
714-1288,V6,03 JAN 2014,
714-1288,V7,19 JAN 2014,
714-1288,V8,02 FEB 2014,
714-1288,V8T,16 FEB 2014,
714-1288,V9,02 MAR 2014,
714-1288,V9T,16 MAR 2014,
714-1288,V10,01 APR 2014,
714-1288,V10T,15 APR 2014,
714-1288,V11,29 APR 2014,
714-1288,V11T,13 MAY 2014,
714-1288,V12,27 MAY 2014,
714-1288,UNS,06 JUN 2014,
714-1288,V13,17 JUN 2014,
714-1375,V1,23 FEB 2013,
714-1375,V2,24 FEB 2013,
714-1375,V3,26 FEB 2013,
714-1375,V3E,18 MAR 2013,
714-1375,V4,19 MAR 2013,
714-1375,V5,06 APR 2013,
714-1375,V6,08 APR 2013,
714-1375,V7,15 APR 2013,
714-1375,V8,26 APR 2013,
714-1375,V8T,10 MAY 2013,
714-1375,V9,25 MAY 2013,
714-1375,V9T,08 JUN 2013,
714-1375,V10,22 JUN 2013,
714-1375,V10T,06 JUL 2013,
714-1375,V11,20 JUL 2013,
714-1375,V11T,03 AUG 2013,
714-1375,V12,23 AUG 2013,
714-1375,V13,07 SEP 2013,
714-1425,V1,11 AUG 2013,
714-1425,V2,13 AUG 2013,
714-1425,V3,15 AUG 2013,
714-1425,ET,22 AUG 2013,4
715-1085,V1,03 FEB 2013,
715-1085,V2,14 FEB 2013,
715-1085,V3,16 FEB 2013,
715-1085,V3E,03 MAR 2013,
715-1085,V4,04 MAR 2013,
715-1085,V5,17 MAR 2013,
715-1085,V6,19 MAR 2013,
715-1085,V7,31 MAR 2013,
715-1085,V8,14 APR 2013,
715-1085,V8T,28 APR 2013,
715-1085,V9,12 MAY 2013,
715-1085,V9T,26 MAY 2013,
715-1085,V10,09 JUN 2013,
715-1085,V10T,23 JUN 2013,
715-1085,V11,07 JUL 2013,
715-1085,V11T,21 JUL 2013,
715-1085,V12,04 AUG 2013,
715-1085,V13,18 AUG 2013,
715-1107,V1,12 FEB 2013,
715-1107,V2,24 FEB 2013,
715-1107,V3,26 FEB 2013,
715-1107,V3E,11 MAR 2013,
715-1107,V4,12 MAR 2013,
715-1107,V5,26 MAR 2013,
715-1107,V6,28 MAR 2013,
715-1107,V7,08 APR 2013,
715-1107,V8,23 APR 2013,
715-1107,V8T,07 MAY 2013,
715-1107,ET,13 MAY 2013,9
715-1107,V501,21 MAY 2013,
715-1107,V201,14 AUG 2013,
715-1134,V1,17 APR 2014,
715-1155,V1,29 NOV 2013,
715-1155,V2,11 DEC 2013,
715-1155,V3,13 DEC 2013,
715-1155,V3E,26 DEC 2013,
715-1155,V4,27 DEC 2013,
715-1155,V5,10 JAN 2014,
715-1155,V6,12 JAN 2014,
715-1155,ET,26 APR 2014,7
715-1155,V201,26 APR 2014,
715-1207,V1,12 NOV 2012,
715-1207,V2,16 NOV 2012,
715-1207,V3,18 NOV 2012,
715-1207,V3E,01 DEC 2012,
715-1207,V4,02 DEC 2012,
715-1207,V5,17 DEC 2012,
715-1207,V6,19 DEC 2012,
715-1207,V7,31 DEC 2012,
715-1207,V8,13 JAN 2013,
715-1207,V8T,27 JAN 2013,
715-1207,V9,10 FEB 2013,
715-1207,V9T,24 FEB 2013,
715-1207,V10,10 MAR 2013,
715-1207,V10T,24 MAR 2013,
715-1207,V11,07 APR 2013,
715-1207,V11T,21 APR 2013,
715-1207,V12,05 MAY 2013,
715-1207,V13,01 JUN 2013,
715-1225,V1,22 JAN 2013,
715-1319,V1,03 FEB 2013,
715-1319,V2,15 FEB 2013,
715-1319,V3,17 FEB 2013,
715-1319,V3E,02 MAR 2013,
715-1319,V4,03 MAR 2013,
715-1319,ET,18 MAR 2013,5
715-1321,V1,06 FEB 2014,
715-1321,V2,09 FEB 2014,
715-1321,V3,11 FEB 2014,
715-1321,V3E,25 FEB 2014,
715-1321,V4,26 FEB 2014,
715-1321,V5,12 MAR 2014,
715-1321,V6,14 MAR 2014,
715-1321,V7,26 MAR 2014,
715-1321,V8,09 APR 2014,
715-1321,ET,22 APR 2014,9
715-1333,V1,03 JUN 2013,
715-1397,V1,20 MAR 2013,
715-1397,V2,01 APR 2013,
715-1397,V3,03 APR 2013,
715-1397,V3E,17 APR 2013,
715-1397,V4,18 APR 2013,
715-1397,V5,01 MAY 2013,
715-1397,V6,03 MAY 2013,
715-1397,V7,16 MAY 2013,
715-1397,V8,29 MAY 2013,
715-1397,V8T,12 JUN 2013,
715-1397,V9,27 JUN 2013,
715-1397,V9T,11 JUL 2013,
715-1397,V10,24 JUL 2013,
715-1397,V10T,07 AUG 2013,
715-1397,V11,21 AUG 2013,
715-1397,V11T,04 SEP 2013,
715-1397,V12,18 SEP 2013,
715-1397,V13,03 OCT 2013,
715-1405,V1,27 JUN 2013,
715-1405,V2,04 JUL 2013,
715-1405,V3,06 JUL 2013,
715-1405,ET,13 JUL 2013,4
715-1405,V501,13 JUL 2013,
715-1405,V201,11 JAN 2014,
715-1407,V1,24 OCT 2012,
716-1003,V1,29 MAR 2014,
716-1024,V1,06 JUL 2012,
716-1024,V2,07 JUL 2012,
716-1024,V3,09 JUL 2012,
716-1024,V3E,22 JUL 2012,
716-1024,V4,23 JUL 2012,
716-1024,V5,03 AUG 2012,
716-1024,V6,05 AUG 2012,
716-1024,V7,24 AUG 2012,
716-1024,V8,03 SEP 2012,
716-1024,V8T,17 SEP 2012,
716-1024,V9,30 SEP 2012,
716-1024,V9T,14 OCT 2012,
716-1024,V10,01 NOV 2012,
716-1024,V10T,17 NOV 2012,
716-1024,V11,30 NOV 2012,
716-1024,V11T,16 DEC 2012,
716-1024,V12,30 DEC 2012,
716-1024,V13,20 JAN 2013,
716-1026,V1,23 MAR 2014,
716-1026,V2,27 MAR 2014,
716-1026,V3,02 APR 2014,
716-1026,UNS,17 APR 2014,
716-1026,V3E,17 APR 2014,
716-1026,V4,18 APR 2014,
716-1026,V5,30 APR 2014,
716-1026,V6,02 MAY 2014,
716-1026,V7,14 MAY 2014,
716-1026,V8,29 MAY 2014,
716-1026,V8T,12 JUN 2014,
716-1026,V9,26 JUN 2014,
716-1026,V9T,10 JUL 2014,
716-1026,V10,31 JUL 2014,
716-1026,V10T,14 AUG 2014,
716-1026,V11,28 AUG 2014,
716-1026,V11T,10 SEP 2014,
716-1026,V12,27 SEP 2014,
716-1026,V13,16 OCT 2014,
716-1030,V1,25 DEC 2013,
716-1030,V2,26 DEC 2013,
716-1030,V3,28 DEC 2013,
716-1030,ET,10 JAN 2014,4
716-1044,V1,20 APR 2013,
716-1044,V2,25 APR 2013,
716-1044,V3,27 APR 2013,
716-1044,V3E,09 MAY 2013,
716-1044,V4,10 MAY 2013,
716-1044,V5,24 MAY 2013,
716-1044,V6,26 MAY 2013,
716-1044,V7,13 JUN 2013,
716-1044,V8,28 JUN 2013,
716-1044,V8T,12 JUL 2013,
716-1044,V9,25 JUL 2013,
716-1044,V9T,08 AUG 2013,
716-1044,V10,16 AUG 2013,
716-1044,V10T,29 AUG 2013,
716-1044,V11,13 SEP 2013,
716-1044,V11T,27 SEP 2013,
716-1044,V12,16 OCT 2013,
716-1044,UNS,25 OCT 2013,
716-1044,V13,03 NOV 2013,
716-1061,V1,14 FEB 2014,
716-1063,V1,06 MAY 2013,
716-1063,V2,07 MAY 2013,
716-1063,V3,09 MAY 2013,
716-1063,V3E,22 MAY 2013,
716-1063,V4,23 MAY 2013,
716-1063,V5,03 JUN 2013,
716-1063,V6,05 JUN 2013,
716-1063,V7,23 JUN 2013,
716-1063,V8,04 JUL 2013,
716-1063,V8T,18 JUL 2013,
716-1063,V9,31 JUL 2013,
716-1063,V9T,14 AUG 2013,
716-1063,ET,28 AUG 2013,10
716-1063,V501,28 AUG 2013,
716-1063,V201,17 NOV 2013,
716-1071,V1,03 JUN 2013,
716-1071,V2,06 JUN 2013,
716-1071,V3,08 JUN 2013,
716-1071,V3E,21 JUN 2013,
716-1071,V4,22 JUN 2013,
716-1071,V5,05 JUL 2013,
716-1071,V6,07 JUL 2013,
716-1071,V7,26 JUL 2013,
716-1071,ET,01 AUG 2013,8
716-1071,V501,01 AUG 2013,
716-1071,V201,16 DEC 2013,
716-1094,V1,16 DEC 2012,
716-1094,V2,17 DEC 2012,
716-1094,V3,19 DEC 2012,
716-1094,V3E,05 JAN 2013,
716-1094,V4,06 JAN 2013,
716-1094,UNS,08 JAN 2013,
716-1094,V5,19 JAN 2013,
716-1094,V6,21 JAN 2013,
716-1094,ET,26 JAN 2013,7
716-1094,V501,26 JAN 2013,
716-1094,V201,22 JUN 2013,
716-1103,V1,18 MAR 2014,
716-1103,V2,18 MAR 2014,
716-1103,V3,20 MAR 2014,
716-1103,V3E,04 APR 2014,
716-1103,V4,05 APR 2014,
716-1103,V5,22 APR 2014,
716-1103,V6,24 APR 2014,
716-1103,V7,08 MAY 2014,
716-1103,V8,22 MAY 2014,
716-1103,V8T,05 JUN 2014,
716-1103,V9,21 JUN 2014,
716-1103,V9T,02 JUL 2014,
716-1103,V10,23 JUL 2014,
716-1103,V10T,06 AUG 2014,
716-1103,V11,19 AUG 2014,
716-1103,V11T,23 AUG 2014,
716-1103,V12,30 AUG 2014,
716-1103,UNS,09 SEP 2014,
716-1103,V13,20 SEP 2014,
716-1108,V1,04 FEB 2013,
716-1108,V2,10 FEB 2013,
716-1108,V3,12 FEB 2013,
716-1108,V3E,25 FEB 2013,
716-1108,V4,26 FEB 2013,
716-1108,V5,08 MAR 2013,
716-1108,V6,10 MAR 2013,
716-1108,V7,26 MAR 2013,
716-1108,V8,12 APR 2013,
716-1108,V8T,26 APR 2013,
716-1108,V9,10 MAY 2013,
716-1108,V9T,25 MAY 2013,
716-1108,V10,07 JUN 2013,
716-1108,V10T,21 JUN 2013,
716-1108,V11,08 JUL 2013,
716-1108,V11T,21 JUL 2013,
716-1108,V12,02 AUG 2013,
716-1108,V13,10 AUG 2013,
716-1151,V1,23 JAN 2013,
716-1151,V2,30 JAN 2013,
716-1151,V3,01 FEB 2013,
716-1151,V3E,14 FEB 2013,
716-1151,V4,15 FEB 2013,
716-1151,V5,27 FEB 2013,
716-1151,V6,01 MAR 2013,
716-1151,V7,15 MAR 2013,
716-1151,V8,02 APR 2013,
716-1151,V8T,16 APR 2013,
716-1151,V9,03 MAY 2013,
716-1151,V9T,15 MAY 2013,
716-1151,ET,07 JUN 2013,10
716-1151,V501,07 JUN 2013,
716-1151,V201,13 AUG 2013,
716-1157,V1,23 SEP 2013,
716-1157,V2,30 SEP 2013,
716-1157,V3,02 OCT 2013,
716-1157,V3E,15 OCT 2013,
716-1157,V4,16 OCT 2013,
716-1157,V5,04 NOV 2013,
716-1157,V6,06 NOV 2013,
716-1157,V7,12 NOV 2013,
716-1157,V8,26 NOV 2013,
716-1157,V8T,17 DEC 2013,
716-1157,V9,24 DEC 2013,
716-1157,V9T,07 JAN 2014,
716-1157,V10,20 JAN 2014,
716-1157,V10T,03 FEB 2014,
716-1157,V11,24 FEB 2014,
716-1157,V11T,10 MAR 2014,
716-1157,V12,26 MAR 2014,
716-1157,V13,05 APR 2014,
716-1160,V1,23 MAR 2013,
716-1160,V2,03 APR 2013,
716-1160,V3,05 APR 2013,
716-1160,V3E,18 APR 2013,
716-1160,V4,19 APR 2013,
716-1160,V5,04 MAY 2013,
716-1160,V6,08 MAY 2013,
716-1160,V7,23 MAY 2013,
716-1160,V8,12 JUN 2013,
716-1160,V8T,26 JUN 2013,
716-1160,V9,05 JUL 2013,
716-1160,V9T,19 JUL 2013,
716-1160,UNS,19 JUL 2013,
716-1160,V10,27 JUL 2013,
716-1160,V10T,10 AUG 2013,
716-1160,V11,28 AUG 2013,
716-1160,V11T,11 SEP 2013,
716-1160,V12,27 SEP 2013,
716-1160,V13,11 OCT 2013,
716-1167,V1,30 SEP 2012,
716-1167,V2,06 OCT 2012,
716-1167,V3,08 OCT 2012,
716-1167,V3E,28 OCT 2012,
716-1167,V4,29 OCT 2012,
716-1167,V5,05 NOV 2012,
716-1167,V6,07 NOV 2012,
716-1167,V7,19 NOV 2012,
716-1167,V8,03 DEC 2012,
716-1167,V8T,17 DEC 2012,
716-1167,V9,31 DEC 2012,
716-1167,V9T,14 JAN 2013,
716-1167,V10,28 JAN 2013,
716-1167,V10T,11 FEB 2013,
716-1167,V11,24 FEB 2013,
716-1167,V12,24 MAR 2013,
716-1167,V13,13 APR 2013,
716-1177,V1,29 AUG 2014,
716-1177,UNS,02 SEP 2014,
716-1177,V2,01 SEP 2014,
716-1177,V3,02 SEP 2014,
716-1177,V4,16 SEP 2014,
716-1177,V5,01 OCT 2014,
716-1177,V7,20 OCT 2014,
716-1177,V8,30 OCT 2014,
716-1177,V8T,13 NOV 2014,
716-1177,V9,01 DEC 2014,
716-1177,V9T,15 DEC 2014,
716-1177,V10,01 JAN 2015,
716-1177,V10T,14 JAN 2015,
716-1177,V11,22 JAN 2015,
716-1177,V11T,05 FEB 2015,
716-1177,V12,17 FEB 2015,
716-1177,V13,05 MAR 2015,
716-1189,V1,07 OCT 2012,
716-1189,V2,07 OCT 2012,
716-1189,V3,09 OCT 2012,
716-1189,V3E,23 OCT 2012,
716-1189,V4,24 OCT 2012,
716-1189,V5,11 NOV 2012,
716-1189,V6,13 NOV 2012,
716-1189,V7,27 NOV 2012,
716-1189,V8,08 DEC 2012,
716-1189,V8T,23 DEC 2012,
716-1189,V9,05 JAN 2013,
716-1189,V9T,19 JAN 2013,
716-1189,V10,03 FEB 2013,
716-1189,V10T,18 FEB 2013,
716-1189,ET,03 MAR 2013,11
716-1189,V501,03 MAR 2013,
716-1189,V201,08 APR 2013,
716-1229,V1,14 FEB 2013,
716-1229,V2,18 FEB 2013,
716-1229,V3,20 FEB 2013,
716-1229,V3E,05 MAR 2013,
716-1229,V4,06 MAR 2013,
716-1229,V5,18 MAR 2013,
716-1229,V6,19 MAR 2013,
716-1229,ET,02 APR 2013,7
716-1229,V501,02 APR 2013,
716-1244,V1,15 AUG 2013,
716-1298,V1,04 APR 2013,
716-1298,UNS,31 MAR 2013,
716-1298,V2,07 APR 2013,
716-1298,V3,08 APR 2013,
716-1298,V4,22 APR 2013,
716-1298,V5,06 MAY 2013,
716-1298,V7,23 MAY 2013,
716-1298,V8,07 JUN 2013,
716-1298,V8T,17 JUN 2013,
716-1298,ET,06 JUL 2013,9
716-1298,V501,06 JUL 2013,
716-1298,V201,07 OCT 2013,
716-1305,V1,06 AUG 2013,
716-1308,V1,23 AUG 2013,
716-1308,UNS,21 AUG 2013,
716-1308,UNS,26 AUG 2013,
716-1308,V2,26 AUG 2013,
716-1308,V3,28 AUG 2013,
716-1308,V3E,11 SEP 2013,
716-1308,V4,12 SEP 2013,
716-1308,V5,23 SEP 2013,
716-1308,V6,25 SEP 2013,
716-1308,ET,07 OCT 2013,7
716-1311,V1,08 MAY 2014,
716-1311,UNS,02 MAY 2014,
716-1311,V2,13 MAY 2014,
716-1311,V3,14 MAY 2014,
716-1311,V4,28 MAY 2014,
716-1311,V5,11 JUN 2014,
716-1311,V7,26 JUN 2014,
716-1311,V8,08 JUL 2014,
716-1311,V8T,19 JUL 2014,
716-1311,V9,07 AUG 2014,
716-1311,V9T,21 AUG 2014,
716-1311,V10,10 SEP 2014,
716-1311,ET,30 SEP 2014,11
716-1311,V201,15 NOV 2014,
716-1331,V1,25 NOV 2013,
716-1364,V1,27 JUN 2013,
716-1364,V2,03 JUL 2013,
716-1364,V3,04 JUL 2013,
716-1364,V4,17 JUL 2013,
716-1364,V5,31 JUL 2013,
716-1364,V7,18 AUG 2013,
716-1364,V8,02 SEP 2013,
716-1364,V8T,12 SEP 2013,
716-1364,V9,06 OCT 2013,
716-1364,V9T,20 OCT 2013,
716-1364,V10,07 NOV 2013,
716-1364,V10T,21 NOV 2013,
716-1364,V11,05 DEC 2013,
716-1364,V11T,18 DEC 2013,
716-1364,V12,23 DEC 2013,
716-1364,V13,09 JAN 2014,
716-1373,V1,24 NOV 2012,
716-1373,V2,12 DEC 2012,
716-1373,V3,14 DEC 2012,
716-1373,V3E,29 DEC 2012,
716-1373,V4,30 DEC 2012,
716-1373,V5,10 JAN 2013,
716-1373,V6,12 JAN 2013,
716-1373,V7,26 JAN 2013,
716-1373,V8,09 FEB 2013,
716-1373,V8T,23 FEB 2013,
716-1373,ET,28 FEB 2013,9
716-1373,V501,28 FEB 2013,
716-1418,V1,27 APR 2013,
716-1418,V2,03 MAY 2013,
716-1418,V3,05 MAY 2013,
716-1418,V3E,18 MAY 2013,
716-1418,V4,19 MAY 2013,
716-1418,V5,05 JUN 2013,
716-1418,V6,08 JUN 2013,
716-1418,V7,22 JUN 2013,
716-1418,V8,11 JUL 2013,
716-1418,V8T,24 JUL 2013,
716-1418,V9,03 AUG 2013,
716-1418,V9T,17 AUG 2013,
716-1418,V10,05 SEP 2013,
716-1418,V10T,19 SEP 2013,
716-1418,V11,05 OCT 2013,
716-1418,V11T,19 OCT 2013,
716-1418,V12,06 NOV 2013,
716-1418,V13,20 NOV 2013,
716-1441,V1,13 JAN 2014,
716-1441,V2,20 JAN 2014,
716-1441,V3,22 JAN 2014,
716-1441,V3E,05 FEB 2014,
716-1441,V4,06 FEB 2014,
716-1441,V5,18 FEB 2014,
716-1441,V6,20 FEB 2014,
716-1441,V7,05 MAR 2014,
716-1441,V8,19 MAR 2014,
716-1441,V8T,02 APR 2014,
716-1441,V9,18 APR 2014,
716-1441,V9T,02 MAY 2014,
716-1441,V10,19 MAY 2014,
716-1441,V10T,02 JUN 2014,
716-1441,V11,05 JUN 2014,
716-1441,V11T,19 JUN 2014,
716-1441,V12,08 JUL 2014,
716-1441,UNS,10 JUL 2014,
716-1441,V13,22 JUL 2014,
716-1447,V1,10 DEC 2013,
716-1447,V2,14 DEC 2013,
716-1447,V3,16 DEC 2013,
716-1447,V3E,30 DEC 2013,
716-1447,V4,31 DEC 2013,
716-1447,V5,11 JAN 2014,
716-1447,V6,13 JAN 2014,
716-1447,V7,27 JAN 2014,
716-1447,V8,10 FEB 2014,
716-1447,V8T,24 FEB 2014,
716-1447,V9,14 MAR 2014,
716-1447,V9T,28 MAR 2014,
716-1447,V10,12 APR 2014,
716-1447,V10T,26 APR 2014,
716-1447,V11,09 MAY 2014,
716-1447,V11T,23 MAY 2014,
716-1447,V12,07 JUN 2014,
716-1447,V13,17 JUN 2014,
717-1004,V1,01 JAN 2014,
717-1004,V2,12 JAN 2014,
717-1004,V3,14 JAN 2014,
717-1004,V3E,27 JAN 2014,
717-1004,V4,28 JAN 2014,
717-1004,V5,09 FEB 2014,
717-1004,V6,11 FEB 2014,
717-1004,V7,25 FEB 2014,
717-1004,V8,11 MAR 2014,
717-1004,V8T,25 MAR 2014,
717-1004,V9,08 APR 2014,
717-1004,V9T,22 APR 2014,
717-1004,V10,06 MAY 2014,
717-1004,V10T,20 MAY 2014,
717-1004,V11,03 JUN 2014,
717-1004,V11T,14 JUN 2014,
717-1004,V12,01 JUL 2014,
717-1004,V13,16 JUL 2014,
717-1109,V1,20 JAN 2014,
717-1109,V2,25 JAN 2014,
717-1109,V3,27 JAN 2014,
717-1109,V3E,09 FEB 2014,
717-1109,V4,10 FEB 2014,
717-1109,V5,23 FEB 2014,
717-1109,V6,25 FEB 2014,
717-1109,V7,10 MAR 2014,
717-1109,V8,24 MAR 2014,
717-1109,V8T,07 APR 2014,
717-1109,V9,18 APR 2014,
717-1109,V9T,05 MAY 2014,
717-1109,V10,19 MAY 2014,
717-1109,V10T,31 MAY 2014,
717-1109,V11,16 JUN 2014,
717-1109,V11T,30 JUN 2014,
717-1109,V12,18 JUL 2014,
717-1109,V13,28 JUL 2014,
717-1174,V1,16 JAN 2013,
717-1174,V2,20 JAN 2013,
717-1174,V3,22 JAN 2013,
717-1174,V3E,03 FEB 2013,
717-1174,V4,04 FEB 2013,
717-1174,V5,18 FEB 2013,
717-1174,V6,20 FEB 2013,
717-1174,V7,04 MAR 2013,
717-1174,V8,19 MAR 2013,
717-1174,V8T,01 APR 2013,
717-1174,V9,15 APR 2013,
717-1174,V9T,01 MAY 2013,
717-1174,UNS,04 MAY 2013,
717-1174,UNS,01 MAY 2013,
717-1174,V10,18 MAY 2013,
717-1174,V10T,03 JUN 2013,
717-1174,V11,12 JUN 2013,
717-1174,V11T,25 JUN 2013,
717-1174,V12,07 JUL 2013,
717-1174,V13,24 JUL 2013,
717-1201,V1,12 DEC 2013,
717-1201,V2,17 DEC 2013,
717-1201,V3,19 DEC 2013,
717-1201,V3E,02 JAN 2014,
717-1201,V4,03 JAN 2014,
717-1201,V5,17 JAN 2014,
717-1201,V6,19 JAN 2014,
717-1201,V7,30 JAN 2014,
717-1201,ET,21 FEB 2014,8
717-1344,V1,01 JAN 2014,
717-1344,UNS,09 JAN 2014,
717-1344,V2,09 JAN 2014,
717-1344,V3,11 JAN 2014,
717-1344,V3E,23 JAN 2014,
717-1344,V4,24 JAN 2014,
717-1344,V5,07 FEB 2014,
717-1344,V6,09 FEB 2014,
717-1344,V7,19 FEB 2014,
717-1344,ET,14 MAR 2014,8
717-1357,V1,21 APR 2013,
717-1357,UNS,21 APR 2013,
717-1357,V2,30 APR 2013,
717-1357,V3,01 MAY 2013,
717-1357,V4,15 MAY 2013,
717-1357,V5,29 MAY 2013,
717-1357,V7,13 JUN 2013,
717-1357,V8,19 JUN 2013,
717-1357,V8T,03 JUL 2013,
717-1357,V9,24 JUL 2013,
717-1357,V9T,07 AUG 2013,
717-1357,V10,21 AUG 2013,
717-1357,V10T,03 SEP 2013,
717-1357,V11,18 SEP 2013,
717-1357,V11T,03 OCT 2013,
717-1357,ET,20 OCT 2013,12
717-1446,V1,20 AUG 2013,
717-1446,V2,30 AUG 2013,
717-1446,V3,01 SEP 2013,
717-1446,V3E,15 SEP 2013,
717-1446,V4,16 SEP 2013,
717-1446,V5,06 OCT 2013,
717-1446,V6,08 OCT 2013,
717-1446,V7,16 OCT 2013,
717-1446,V8,30 OCT 2013,
717-1446,V8T,12 NOV 2013,
717-1446,V9,24 NOV 2013,
717-1446,V9T,16 DEC 2013,
717-1446,V10,29 DEC 2013,
717-1446,V10T,12 JAN 2014,
717-1446,V11,19 JAN 2014,
717-1446,V11T,02 FEB 2014,
717-1446,V12,16 FEB 2014,
717-1446,V13,04 MAR 2014,
717-1446,UNS,17 MAR 2014,
718-1066,V1,28 JUN 2013,
718-1066,V2,05 JUL 2013,
718-1066,V3,07 JUL 2013,
718-1066,ET,30 JUL 2013,4
718-1066,V201,13 JAN 2014,
718-1079,V1,11 SEP 2012,
718-1079,V2,17 SEP 2012,
718-1079,V3,19 SEP 2012,
718-1079,V3E,02 OCT 2012,
718-1079,V4,03 OCT 2012,
718-1079,V5,15 OCT 2012,
718-1079,V6,17 OCT 2012,
718-1079,ET,06 NOV 2012,7
718-1079,V201,05 MAR 2013,
718-1101,V1,01 FEB 2013,
718-1101,V2,15 FEB 2013,
718-1101,V3,17 FEB 2013,
718-1101,V3E,02 MAR 2013,
718-1101,V4,03 MAR 2013,
718-1101,V5,14 MAR 2013,
718-1101,V6,16 MAR 2013,
718-1101,V7,30 MAR 2013,
718-1101,V8,13 APR 2013,
718-1101,V8T,28 APR 2013,
718-1101,V9,12 MAY 2013,
718-1101,V9T,30 MAY 2013,
718-1101,UNS,30 MAY 2013,
718-1101,V10,14 JUN 2013,
718-1101,V10T,23 JUN 2013,
718-1101,V11,06 JUL 2013,
718-1101,ET,02 AUG 2013,12
718-1139,V1,03 MAY 2013,
718-1139,V2,17 MAY 2013,
718-1139,V3,19 MAY 2013,
718-1139,V3E,01 JUN 2013,
718-1139,V4,02 JUN 2013,
718-1139,V5,15 JUN 2013,
718-1139,V6,17 JUN 2013,
718-1139,V7,30 JUN 2013,
718-1139,V8,14 JUL 2013,
718-1139,V8T,28 JUL 2013,
718-1139,V9,15 AUG 2013,
718-1139,V10,08 SEP 2013,
718-1139,V10T,22 SEP 2013,
718-1139,V11,06 OCT 2013,
718-1139,V11T,20 OCT 2013,
718-1139,V12,03 NOV 2013,
718-1139,V13,17 NOV 2013,
718-1150,V1,12 JAN 2013,
718-1150,V2,17 JAN 2013,
718-1150,V3,19 JAN 2013,
718-1150,V3E,01 FEB 2013,
718-1150,V4,02 FEB 2013,
718-1150,V5,16 FEB 2013,
718-1150,V6,18 FEB 2013,
718-1150,V7,01 MAR 2013,
718-1150,V8,17 MAR 2013,
718-1150,V8T,31 MAR 2013,
718-1150,V9,12 APR 2013,
718-1150,V9T,26 APR 2013,
718-1150,V10,10 MAY 2013,
718-1150,V10T,24 MAY 2013,
718-1150,V11,07 JUN 2013,
718-1150,UNS,07 JUN 2013,
718-1150,V12,07 JUL 2013,
718-1150,V13,31 JUL 2013,
718-1170,V1,25 AUG 2013,
718-1170,UNS,31 AUG 2013,
718-1170,V2,14 SEP 2013,
718-1170,V3,16 SEP 2013,
718-1170,V3E,28 SEP 2013,
718-1170,V4,29 SEP 2013,
718-1170,ET,03 NOV 2013,5
718-1170,V201,15 MAR 2014,
718-1172,V1,15 SEP 2013,
718-1172,V2,19 SEP 2013,
718-1172,V3,21 SEP 2013,
718-1172,V3E,04 OCT 2013,
718-1172,V4,05 OCT 2013,
718-1172,V5,17 OCT 2013,
718-1172,V6,19 OCT 2013,
718-1172,V7,02 NOV 2013,
718-1172,V8,16 NOV 2013,
718-1172,ET,29 NOV 2013,9
718-1172,V201,21 MAR 2014,
718-1250,V1,21 AUG 2013,
718-1250,V2,19 SEP 2013,
718-1250,V3,21 SEP 2013,
718-1250,V3E,02 OCT 2013,
718-1250,V4,03 OCT 2013,
718-1250,V5,17 OCT 2013,
718-1250,V6,19 OCT 2013,
718-1250,V7,02 NOV 2013,
718-1250,V8,16 NOV 2013,
718-1250,V8T,30 NOV 2013,
718-1250,V9,14 DEC 2013,
718-1250,V9T,28 DEC 2013,
718-1250,V10,11 JAN 2014,
718-1250,V10T,25 JAN 2014,
718-1250,ET,08 FEB 2014,11
718-1250,V501,08 MAR 2014,
718-1250,V201,08 MAR 2014,
718-1254,V1,28 JUN 2013,
718-1254,UNS,04 JUL 2013,
718-1254,UNS,10 JUL 2013,
718-1254,V2,02 JUL 2013,
718-1254,V3,10 JUL 2013,
718-1254,V3E,24 JUL 2013,
718-1254,V4,25 JUL 2013,
718-1254,V5,06 AUG 2013,
718-1254,V6,08 AUG 2013,
718-1254,V7,20 AUG 2013,
718-1254,V8,05 SEP 2013,
718-1254,V8T,18 SEP 2013,
718-1254,V9,03 OCT 2013,
718-1254,V9T,18 OCT 2013,
718-1254,V10,31 OCT 2013,
718-1254,V10T,14 NOV 2013,
718-1254,V11,26 NOV 2013,
718-1254,V11T,10 DEC 2013,
718-1254,V12,26 DEC 2013,
718-1254,V13,09 JAN 2014,
718-1328,V1,28 JAN 2013,
718-1328,UNS,21 JAN 2013,
718-1328,V2,30 JAN 2013,
718-1328,V3,01 FEB 2013,
718-1328,V3E,13 FEB 2013,
718-1328,V4,14 FEB 2013,
718-1328,V5,07 MAR 2013,
718-1328,V6,09 MAR 2013,
718-1328,V7,20 MAR 2013,
718-1328,V8,04 APR 2013,
718-1328,V8T,17 APR 2013,
718-1328,ET,01 MAY 2013,9
718-1328,V201,24 JUL 2013,
718-1355,V1,12 FEB 2013,
718-1355,V2,26 FEB 2013,
718-1355,V3,28 FEB 2013,
718-1355,V3E,15 MAR 2013,
718-1355,V4,16 MAR 2013,
718-1355,V5,28 MAR 2013,
718-1355,V6,30 MAR 2013,
718-1355,V7,13 APR 2013,
718-1355,V8,25 APR 2013,
718-1355,V8T,09 MAY 2013,
718-1355,V9,23 MAY 2013,
718-1355,V9T,06 JUN 2013,
718-1355,V10,20 JUN 2013,
718-1355,V11,18 JUL 2013,
718-1355,V11T,02 AUG 2013,
718-1355,V12,15 AUG 2013,
718-1355,V13,29 AUG 2013,
718-1371,V1,11 APR 2013,
718-1371,V2,24 APR 2013,
718-1371,V3,26 APR 2013,
718-1371,V3E,07 MAY 2013,
718-1371,V4,08 MAY 2013,
718-1371,UNS,09 MAY 2013,
718-1371,V5,24 MAY 2013,
718-1371,V6,26 MAY 2013,
718-1371,V7,20 JUN 2013,
718-1371,V8,04 JUL 2013,
718-1371,V8T,18 JUL 2013,
718-1371,ET,08 AUG 2013,9
718-1427,V1,13 DEC 2012,
718-1427,V2,15 DEC 2012,
718-1427,V3,17 DEC 2012,
718-1427,V3E,30 DEC 2012,
718-1427,V4,31 DEC 2012,
718-1427,V5,17 JAN 2013,
718-1427,V6,19 JAN 2013,
718-1427,V7,28 JAN 2013,
718-1427,ET,18 FEB 2013,8
718-1427,UNS,18 FEB 2013,
718-1427,V201,03 JUN 2013,
