SUBJECT,FOLDER,VISIT_DATE,WEIGHT,WEIGHT_UNIT,HEIGHT,HEIGHT_UNIT
701-1015,V1,26 DEC 2013,119.0,lb,58.0,in
701-1015,V10,07 MAY 2014,117.0,lb,,
701-1015,V11,21 MAY 2014,117.0,lb,,
701-1015,V12,18 JUN 2014,117.0,lb,,
701-1015,V13,02 JUL 2014,118.0,lb,,
701-1015,V3,02 JAN 2014,120.0,lb,,
701-1015,V4,16 JAN 2014,117.0,lb,,
701-1015,V5,30 JAN 2014,119.0,lb,,
701-1015,V7,12 FEB 2014,117.0,lb,,
701-1015,V8,05 MAR 2014,117.0,lb,,
701-1015,V9,26 MAR 2014,117.0,lb,,
701-1023,ET,02 SEP 2012,177.0,lb,,
701-1023,V1,22 JUL 2012,173.0,lb,64.0,in
701-1023,V3,05 AUG 2012,177.0,lb,,
701-1023,V4,27 AUG 2012,178.0,lb,,
701-1028,V1,11 JUL 2013,218.0,lb,70.0,in
701-1028,V10,06 NOV 2013,220.0,lb,,
701-1028,V11,04 DEC 2013,220.0,lb,,
701-1028,V12,06 JAN 2014,219.0,lb,,
701-1028,V13,14 JAN 2014,220.0,lb,,
701-1028,V3,19 JUL 2013,219.0,lb,,
701-1028,V4,01 AUG 2013,219.0,lb,,
701-1028,V5,14 AUG 2013,218.0,lb,,
701-1028,V7,29 AUG 2013,217.0,lb,,
701-1028,V8,10 SEP 2013,219.0,lb,,
701-1028,V9,09 OCT 2013,218.0,lb,,
701-1033,ET,14 APR 2014,195.0,lb,,
701-1033,V1,10 MAR 2014,195.0,lb,69.0,in
701-1033,V3,18 MAR 2014,195.0,lb,,
701-1033,V4,01 APR 2014,197.0,lb,,
701-1034,V1,24 JUN 2014,140.0,lb,61.0,in
701-1034,V10,21 OCT 2014,142.0,lb,,
701-1034,V11,18 NOV 2014,143.0,lb,,
701-1034,V12,17 DEC 2014,144.0,lb,,
701-1034,V13,30 DEC 2014,141.0,lb,,
701-1034,V3,01 JUL 2014,138.0,lb,,
701-1034,V4,15 JUL 2014,138.0,lb,,
701-1034,V5,29 JUL 2014,141.0,lb,,
701-1034,V7,11 AUG 2014,141.0,lb,,
701-1034,V8,26 AUG 2014,139.0,lb,,
701-1034,V9,25 SEP 2014,139.0,lb,,
701-1047,ET,29 MAR 2013,148.0,lb,,
701-1047,V1,22 JAN 2013,146.0,lb,58.5,in
701-1047,V3,12 FEB 2013,148.0,lb,,
701-1047,V4,25 FEB 2013,149.0,lb,,
701-1047,V5,10 MAR 2013,149.0,lb,,
701-1097,V1,23 DEC 2013,172.0,lb,066.5,in
701-1097,V10,23 APR 2014,175.0,lb,,
701-1097,V11,21 MAY 2014,176.0,lb,,
701-1097,V12,18 JUN 2014,177.0,lb,,
701-1097,V13,09 JUL 2014,173.0,lb,,
701-1097,V3,01 JAN 2014,172.0,lb,,
701-1097,V4,15 JAN 2014,175.0,lb,,
701-1097,V5,29 JAN 2014,175.0,lb,,
701-1097,V7,11 FEB 2014,175.0,lb,,
701-1097,V8,26 FEB 2014,173.0,lb,,
701-1097,V9,26 MAR 2014,176.0,lb,,
701-1111,ET,17 SEP 2012,134.0,lb,,
701-1111,V1,25 AUG 2012,133.0,lb,062.3,in
701-1111,V3,07 SEP 2012,132.0,lb,,
701-1115,ET,23 JAN 2013,173.0,lb,,
701-1115,V1,23 NOV 2012,173.5,lb,71.5,in
701-1115,V3,30 NOV 2012,174.0,lb,,
701-1115,V4,13 DEC 2012,174.0,lb,,
701-1115,V5,26 DEC 2012,173.0,lb,,
701-1115,V7,10 JAN 2013,173.0,lb,,
701-1118,V1,27 FEB 2014,158.0,lb,71.0,in
701-1118,V10,02 JUL 2014,161.0,lb,,
701-1118,V11,30 JUL 2014,158.0,lb,,
701-1118,V12,27 AUG 2014,157.0,lb,,
701-1118,V13,09 SEP 2014,161.0,lb,,
701-1118,V3,12 MAR 2014,157.0,lb,,
701-1118,V4,26 MAR 2014,157.0,lb,,
701-1118,V5,09 APR 2014,157.0,lb,,
701-1118,V7,23 APR 2014,157.0,lb,,
701-1118,V8,08 MAY 2014,160.0,lb,,
701-1118,V9,05 JUN 2014,162.0,lb,,
701-1130,V1,09 FEB 2014,175.0,lb,66.8,in
701-1130,V10,07 JUN 2014,173.0,lb,,
701-1130,V11,02 JUL 2014,174.0,lb,,
701-1130,V12,02 AUG 2014,170.0,lb,,
701-1130,V13,16 AUG 2014,171.0,lb,,
701-1130,V3,15 FEB 2014,175.0,lb,,
701-1130,V4,01 MAR 2014,175.0,lb,,
701-1130,V5,15 MAR 2014,172.0,lb,,
701-1130,V7,29 MAR 2014,172.0,lb,,
701-1130,V8,12 APR 2014,176.0,lb,,
701-1130,V9,16 MAY 2014,173.0,lb,,
701-1133,V1,23 OCT 2012,165.0,lb,64.0,in
701-1133,V10,18 FEB 2013,166.0,lb,,
701-1133,V11,18 MAR 2013,164,lb,,
701-1133,V12,18 APR 2013,160.0,lb,,
701-1133,V13,29 APR 2013,161.0,lb,,
701-1133,V3,28 OCT 2012,164.0,lb,,
701-1133,V4,12 NOV 2012,163.0,lb,,
701-1133,V5,26 NOV 2012,164.0,lb,,
701-1133,V7,11 DEC 2012,165.0,lb,,
701-1133,V8,24 DEC 2012,166.0,lb,,
701-1133,V9,22 JAN 2013,168.0,lb,,
701-1146,ET,30 JUN 2013,118.5,lb,,
701-1146,V1,07 MAY 2013,119.0,lb,58.0,in
701-1146,V3,20 MAY 2013,119.0,lb,,
701-1146,V4,03 JUN 2013,120.0,lb,,
701-1146,V5,16 JUN 2013,120.0,lb,,
701-1148,V1,14 AUG 2013,190.0,lb,069.0,in
701-1148,V10,13 DEC 2013,194.0,lb,,
701-1148,V11,10 JAN 2014,199.0,lb,,
701-1148,V12,08 FEB 2014,199.0,lb,,
701-1148,V13,20 FEB 2014,200.0,lb,,
701-1148,V3,23 AUG 2013,192.0,lb,,
701-1148,V4,05 SEP 2013,193.0,lb,,
701-1148,V5,19 SEP 2013,196.0,lb,,
701-1148,V7,03 OCT 2013,193.0,lb,,
701-1148,V8,18 OCT 2013,195.0,lb,,
701-1148,V9,17 NOV 2013,195.0,lb,,
701-1153,V1,06 SEP 2013,128.0,lb,061.5,in
701-1153,V10,08 JAN 2014,124.0,lb,,
701-1153,V11,11 FEB 2014,126.0,lb,,
701-1153,V12,11 MAR 2014,124.0,lb,,
701-1153,V13,01 APR 2014,125.0,lb,,
701-1153,V3,23 SEP 2013,128.0,lb,,
701-1153,V4,08 OCT 2013,126.0,lb,,
701-1153,V5,19 OCT 2013,125.0,lb,,
701-1153,V7,04 NOV 2013,127.0,lb,,
701-1153,V8,18 NOV 2013,128.0,lb,,
701-1153,V9,16 DEC 2013,126.0,lb,,
701-1180,ET,23 MAR 2013,199.0,lb,,
701-1180,V1,28 JAN 2013,196.0,lb,071.0,in
701-1180,V3,12 FEB 2013,198.0,lb,,
701-1180,V4,25 FEB 2013,199.0,lb,,
701-1180,V5,11 MAR 2013,197.0,lb,,
701-1181,ET,12 DEC 2013,146.0,lb,,
701-1181,V1,26 NOV 2013,149.0,lb,061.0,in
701-1181,V3,05 DEC 2013,147.0,lb,,
701-1188,ET,25 MAR 2013,222.0,lb,,
701-1188,V1,03 FEB 2013,226.0,lb,70.0,in
701-1188,V3,15 FEB 2013,223.0,lb,,
701-1188,V4,02 MAR 2013,224.0,lb,,
701-1188,V5,16 MAR 2013,225.0,lb,,
701-1192,V1,08 JUL 2012,141.0,lb,59.5,in
701-1192,V10,15 NOV 2012,140.0,lb,,
701-1192,V11,13 DEC 2012,138.0,lb,,
701-1192,V12,11 JAN 2013,138.0,lb,,
701-1192,V13,20 JAN 2013,137.0,lb,,
701-1192,V3,22 JUL 2012,140.0,lb,,
701-1192,V4,07 AUG 2012,141.0,lb,,
701-1192,V5,21 AUG 2012,141.0,lb,,
701-1192,V7,04 SEP 2012,143.0,lb,,
701-1192,V8,23 SEP 2012,137.0,lb,,
701-1192,V9,14 OCT 2012,140.0,lb,,
701-1203,V1,25 JAN 2013,147.0,lb,63,in
701-1203,V10,25 MAY 2013,146.0,lb,,
701-1203,V11,22 JUN 2013,143.0,lb,,
701-1203,V12,22 JUL 2013,143.0,lb,,
701-1203,V13,03 AUG 2013,141.0,lb,,
701-1203,V3,02 FEB 2013,146.0,lb,,
701-1203,V4,23 FEB 2013,147.0,lb,,
701-1203,V5,02 MAR 2013,145.0,lb,,
701-1203,V7,16 MAR 2013,148.0,lb,,
701-1203,V8,30 MAR 2013,146.0,lb,,
701-1203,V9,09 MAY 2013,149.0,lb,,
701-1211,V1,30 OCT 2012,101.0,lb,63.0,in
701-1211,V3,15 NOV 2012,100.0,lb,,
701-1211,V4,28 NOV 2012,100.0,lb,,
701-1211,V5,11 DEC 2012,101.0,lb,,
701-1211,V7,25 DEC 2012,100.0,lb,,
701-1211,V8,08 JAN 2013,95.0,lb,,
701-1234,V1,20 MAR 2013,171.0,lb,71.5,in
701-1234,V10,27 JUL 2013,169.0,lb,,
701-1234,V11,18 AUG 2013,170.0,lb,,
701-1234,V12,10 SEP 2013,169.0,lb,,
701-1234,V13,22 SEP 2013,171.0,lb,,
701-1234,V3,30 MAR 2013,170.0,lb,,
701-1234,V4,21 APR 2013,170.0,lb,,
701-1234,V5,28 APR 2013,170.0,lb,,
701-1234,V7,08 MAY 2013,170.0,lb,,
701-1234,V8,26 MAY 2013,170.0,lb,,
701-1234,V9,07 JUL 2013,169.0,lb,,
701-1239,V1,28 DEC 2013,210.0,lb,66.5,in
701-1239,V10,02 MAY 2014,211.0,lb,,
701-1239,V11,28 MAY 2014,212.0,lb,,
701-1239,V12,27 JUN 2014,214.0,lb,,
701-1239,V13,11 JUL 2014,214.0,lb,,
701-1239,V3,11 JAN 2014,211.5,lb,,
701-1239,V4,25 JAN 2014,211.0,lb,,
701-1239,V5,08 FEB 2014,210.0,lb,,
701-1239,V7,19 FEB 2014,213.0,lb,,
701-1239,V8,06 MAR 2014,208.0,lb,,
701-1239,V9,02 APR 2014,209.0,lb,,
701-1275,ET,14 JUN 2014,150.0,lb,,
701-1275,V1,25 JAN 2014,152.0,lb,066.0,in
701-1275,V3,07 FEB 2014,152.0,lb,,
701-1275,V4,22 FEB 2014,152.0,lb,,
701-1275,V5,07 MAR 2014,154.0,lb,,
701-1275,V7,22 MAR 2014,157.0,lb,,
701-1275,V8,05 APR 2014,156.0,lb,,
701-1275,V9,03 MAY 2014,155.0,lb,,
701-1287,V1,17 JAN 2014,123.0,lb,61.0,in
701-1287,V10,15 MAY 2014,122.0,lb,,
701-1287,V11,12 JUN 2014,121.0,lb,,
701-1287,V12,12 JUL 2014,123.0,lb,,
701-1287,V13,26 JUL 2014,123.0,lb,,
701-1287,V3,25 JAN 2014,124.0,lb,,
701-1287,V4,11 FEB 2014,126.0,lb,,
701-1287,V5,20 FEB 2014,126.0,lb,,
701-1287,V7,06 MAR 2014,124.0,lb,,
701-1287,V8,21 MAR 2014,123.0,lb,,
701-1287,V9,17 APR 2014,124.0,lb,,
701-1294,ET,14 JUN 2013,177.0,lb,,
701-1294,V1,17 MAR 2013,173.0,lb,67.0,in
701-1294,V3,24 MAR 2013,173.0,lb,,
701-1294,V4,10 APR 2013,173.0,lb,,
701-1294,V5,24 APR 2013,173.0,lb,,
701-1294,V7,08 MAY 2013,174.0,lb,,
701-1294,V8,22 MAY 2013,176.0,lb,,
701-1302,ET,05 NOV 2013,181.0,lb,,
701-1302,V1,20 AUG 2013,179.0,lb,70.0,in
701-1302,V3,29 AUG 2013,181.0,lb,,
701-1302,V4,15 SEP 2013,179.0,lb,,
701-1302,V5,24 SEP 2013,182.0,lb,,
701-1302,V7,08 OCT 2013,178.0,lb,,
701-1302,V8,22 OCT 2013,181.0,lb,,
701-1317,V1,10 MAY 2014,147.0,lb,69.5,in
701-1317,V10,11 SEP 2014,147.0,lb,,
701-1317,V11,09 OCT 2014,148.0,lb,,
701-1317,V12,06 NOV 2014,149.0,lb,,
701-1317,V13,20 NOV 2014,150.0,lb,,
701-1317,V3,22 MAY 2014,147.0,lb,,
701-1317,V4,05 JUN 2014,147.0,lb,,
701-1317,V5,19 JUN 2014,150.0,lb,,
701-1317,V7,03 JUL 2014,149.0,lb,,
701-1317,V8,22 JUL 2014,149.0,lb,,
701-1317,V9,15 AUG 2014,143.0,lb,,
701-1324,V1,16 SEP 2012,168.0,lb,065.5,in
701-1324,V10,22 JAN 2013,166.0,lb,,
701-1324,V11,19 FEB 2013,170.0,lb,,
701-1324,V12,19 MAR 2013,168.0,lb,,
701-1324,V13,02 APR 2013,166.0,lb,,
701-1324,V3,02 OCT 2012,170.0,lb,,
701-1324,V4,16 OCT 2012,173.0,lb,,
701-1324,V5,30 OCT 2012,171.0,lb,,
701-1324,V7,13 NOV 2012,169.0,lb,,
701-1324,V8,25 NOV 2012,169.0,lb,,
701-1324,V9,25 DEC 2012,166.0,lb,,
701-1341,ET,07 FEB 2013,150.0,lb,,
701-1341,V1,22 DEC 2012,154.0,lb,62.0,in
701-1341,V3,05 JAN 2013,156.0,lb,,
701-1341,V4,18 JAN 2013,153.0,lb,,
701-1345,ET,18 MAR 2014,126.0,lb,,
701-1345,V1,01 OCT 2013,123.0,lb,68.5,in
701-1345,V10,27 JAN 2014,125.0,lb,,
701-1345,V11,25 FEB 2014,126.0,lb,,
701-1345,V3,08 OCT 2013,124.0,lb,,
701-1345,V4,24 OCT 2013,124.0,lb,,
701-1345,V5,08 NOV 2013,124.0,lb,,
701-1345,V7,19 NOV 2013,125.0,lb,,
701-1345,V8,03 DEC 2013,124.0,lb,,
701-1345,V9,31 DEC 2013,124.0,lb,,
701-1360,ET,14 AUG 2013,175.0,lb,,
701-1360,V1,24 JUL 2013,176.0,lb,65.5,in
701-1360,V3,31 JUL 2013,177.0,lb,,
701-1363,V1,20 MAY 2013,144.0,lb,63.5,in
701-1363,V10,18 SEP 2013,145.0,lb,,
701-1363,V11,14 OCT 2013,143.0,lb,,
701-1363,V12,13 NOV 2013,144.0,lb,,
701-1363,V13,27 NOV 2013,144.0,lb,,
701-1363,V3,30 MAY 2013,143.0,lb,,
701-1363,V4,12 JUN 2013,144.0,lb,,
701-1363,V5,25 JUN 2013,146.0,lb,,
701-1363,V7,10 JUL 2013,147.0,lb,,
701-1363,V8,24 JUL 2013,145.0,lb,,
701-1363,V9,21 AUG 2013,148.0,lb,,
701-1383,V1,22 JAN 2013,187.0,lb,64.5,in
701-1383,V10,30 MAY 2013,187.0,lb,,
701-1383,V11,25 JUN 2013,186.0,lb,,
701-1383,V12,30 JUL 2013,183.0,lb,,
701-1383,V13,06 AUG 2013,183.0,lb,,
701-1383,V3,04 FEB 2013,187.0,lb,,
701-1383,V4,19 FEB 2013,190.0,lb,,
701-1383,V5,12 MAR 2013,188.0,lb,,
701-1383,V7,19 MAR 2013,188.0,lb,,
701-1383,V8,02 APR 2013,188.0,lb,,
701-1383,V9,30 APR 2013,186.0,lb,,
701-1387,ET,25 MAR 2014,134.0,lb,,
701-1387,V1,23 FEB 2014,134.0,lb,64.0,in
701-1387,V3,12 MAR 2014,131.0,lb,,
701-1392,V1,17 OCT 2012,180.0,lb,66.0,in
701-1392,V10,17 FEB 2013,179.0,lb,,
701-1392,V11,17 MAR 2013,179.0,lb,,
701-1392,V12,15 APR 2013,180.0,lb,,
701-1392,V13,28 APR 2013,179.0,lb,,
701-1392,V3,28 OCT 2012,179.0,lb,,
701-1392,V4,11 NOV 2012,179.0,lb,,
701-1392,V5,24 NOV 2012,178.0,lb,,
701-1392,V7,09 DEC 2012,180.0,lb,,
701-1392,V8,20 DEC 2012,180.0,lb,,
701-1392,V9,20 JAN 2013,181.0,lb,,
701-1415,V1,15 SEP 2013,162.5,lb,69.0,in
701-1415,V10,14 JAN 2014,173.0,lb,,
701-1415,V11,10 FEB 2014,165.0,lb,,
701-1415,V12,10 MAR 2014,169.0,lb,,
701-1415,V13,24 MAR 2014,168.0,lb,,
701-1415,V3,23 SEP 2013,169.0,lb,,
701-1415,V4,07 OCT 2013,170.0,lb,,
701-1415,V5,20 OCT 2013,172.0,lb,,
701-1415,V7,04 NOV 2013,173.0,lb,,
701-1415,V8,21 NOV 2013,173.0,lb,,
701-1415,V9,21 DEC 2013,172.0,lb,,
701-1429,ET,30 APR 2013,126.0,lb,,
701-1429,V1,25 FEB 2013,125.0,lb,58.5,in
701-1429,V3,19 MAR 2013,125.0,lb,,
701-1429,V4,02 APR 2013,125.0,lb,,
701-1429,V5,16 APR 2013,126.0,lb,,
701-1440,V1,24 JUL 2013,107.0,lb,061.5,in
701-1440,V10,27 NOV 2013,111.0,lb,,
701-1440,V11,25 DEC 2013,110.0,lb,,
701-1440,V12,22 JAN 2014,109.0,lb,,
701-1440,V13,05 FEB 2014,107.0,lb,,
701-1440,V3,08 AUG 2013,109.0,lb,,
701-1440,V4,23 AUG 2013,107.0,lb,,
701-1440,V5,04 SEP 2013,107.0,lb,,
701-1440,V7,22 SEP 2013,108.0,lb,,
701-1440,V8,03 OCT 2013,108.0,lb,,
701-1440,V9,31 OCT 2013,110.0,lb,,
701-1442,V1,17 OCT 2013,231.0,lb,064.0,in
701-1442,V10,15 FEB 2014,235.0,lb,,
701-1442,V11,15 MAR 2014,235.0,lb,,
701-1442,V12,17 APR 2014,234,lb,,
701-1442,V13,26 APR 2014,231.0,lb,,
701-1442,V3,26 OCT 2013,234.0,lb,,
701-1442,V4,09 NOV 2013,231.0,lb,,
701-1442,V5,23 NOV 2013,233.0,lb,,
701-1442,V7,07 DEC 2013,234.0,lb,,
701-1442,V8,26 DEC 2013,234.0,lb,,
701-1442,V9,18 JAN 2014,233.0,lb,,
701-1444,ET,13 FEB 2013,225.0,lb,,
701-1444,V1,31 DEC 2012,230.0,lb,67.5,in
701-1444,V3,05 JAN 2013,224.0,lb,,
701-1444,V4,18 JAN 2013,230.0,lb,,
701-1444,V5,31 JAN 2013,227.0,lb,,
702-1082,ET,17 NOV 2013,112.0,lb,,
702-1082,V1,03 JUL 2013,120.0,lb,061.0,in
702-1082,V4,08 AUG 2013,120.0,lb,,
702-1082,V5,24 AUG 2013,120.0,lb,,
702-1082,V7,06 SEP 2013,120.0,lb,,
702-1082,V8,28 SEP 2013,119.0,lb,,
703-1042,V1,23 FEB 2013,168.0,lb,070.0,in
703-1042,V10,22 JUN 2013,167.0,lb,,
703-1042,V11,20 JUL 2013,164.0,lb,,
703-1042,V12,09 AUG 2013,164.0,lb,,
703-1042,V13,31 AUG 2013,164.0,lb,,
703-1042,V3,02 MAR 2013,164.0,lb,,
703-1042,V4,14 MAR 2013,161.0,lb,,
703-1042,V5,28 MAR 2013,163.0,lb,,
703-1042,V7,13 APR 2013,162.0,lb,,
703-1042,V8,27 APR 2013,164.0,lb,,
703-1042,V9,25 MAY 2013,169.0,lb,,
703-1076,ET,24 DEC 2013,196.0,lb,,
703-1076,V1,17 OCT 2013,190.0,lb,065.0,in
703-1076,V3,25 OCT 2013,192.0,lb,,
703-1076,V4,06 NOV 2013,192.0,lb,,
703-1076,V5,20 NOV 2013,193.0,lb,,
703-1076,V7,04 DEC 2013,197.0,lb,,
703-1076,V8,17 DEC 2013,197.0,lb,,
703-1086,ET,24 DEC 2012,214.0,lb,,
703-1086,V1,22 AUG 2012,208.0,lb,077.0,in
703-1086,V3,02 SEP 2012,211.0,lb,,
703-1086,V4,16 SEP 2012,218.0,lb,,
703-1086,V5,30 SEP 2012,211.0,lb,,
703-1086,V7,13 OCT 2012,210.0,lb,,
703-1086,V8,27 OCT 2012,210.0,lb,,
703-1086,V9,27 NOV 2012,209.0,lb,,
703-1096,V1,19 DEC 2012,180.0,lb,063.0,in
703-1096,V3,25 JAN 2013,179.0,lb,,
703-1096,V4,09 FEB 2013,178.0,lb,,
703-1096,V5,23 FEB 2013,185.0,lb,,
703-1100,V1,28 FEB 2013,130.0,lb,066.0,in
703-1100,V10,03 JUL 2013,140.0,lb,,
703-1100,V11,31 JUL 2013,144.0,lb,,
703-1100,V12,28 AUG 2013,140.0,lb,,
703-1100,V13,14 SEP 2013,138.0,lb,,
703-1100,V3,13 MAR 2013,135.0,lb,,
703-1100,V4,29 MAR 2013,137.0,lb,,
703-1100,V5,12 APR 2013,138.0,lb,,
703-1100,V7,24 APR 2013,138.0,lb,,
703-1100,V8,08 MAY 2013,138.0,lb,,
703-1100,V9,05 JUN 2013,140.0,lb,,
703-1119,ET,13 JUN 2013,114.0,lb,,
703-1119,V1,02 FEB 2013,108.0,lb,063.0,in
703-1119,V3,20 FEB 2013,104.0,lb,,
703-1119,V4,10 MAR 2013,112.0,lb,,
703-1119,V5,21 MAR 2013,114.0,lb,,
703-1119,V7,04 APR 2013,114.0,lb,,
703-1119,V8,19 APR 2013,112.0,lb,,
703-1119,V9,17 MAY 2013,116.0,lb,,
703-1175,ET,31 DEC 2013,168.0,lb,,
703-1175,V1,13 DEC 2013,170.0,lb,067.0,in
703-1175,V3,20 DEC 2013,170.0,lb,,
703-1182,ET,12 DEC 2013,152.0,lb,,
703-1182,V1,08 OCT 2013,148.0,lb,068.0,in
703-1182,V3,17 OCT 2013,150.0,lb,,
703-1182,V4,31 OCT 2013,148.0,lb,,
703-1182,V5,19 NOV 2013,150.0,lb,,
703-1182,V7,28 NOV 2013,150.0,lb,,
703-1197,ET,22 JUL 2013,224.0,lb,,
703-1197,V1,01 JUN 2013,232.0,lb,064.0,in
703-1197,V3,16 JUN 2013,225.0,lb,,
703-1210,V1,08 MAR 2013,107.0,lb,057.0,in
703-1210,V10,05 JUL 2013,102.0,lb,,
703-1210,V11,27 JUL 2013,103.0,lb,,
703-1210,V12,24 AUG 2013,100.0,lb,,
703-1210,V13,06 SEP 2013,100.0,lb,,
703-1210,V3,16 MAR 2013,110.0,lb,,
703-1210,V4,30 MAR 2013,108.0,lb,,
703-1210,V5,12 APR 2013,107.0,lb,,
703-1210,V7,28 APR 2013,105.0,lb,,
703-1210,V8,10 MAY 2013,104.0,lb,,
703-1210,V9,07 JUN 2013,104.0,lb,,
703-1258,V1,10 JUL 2012,131.0,lb,061.0,in
703-1258,V10,05 NOV 2012,133.0,lb,,
703-1258,V11,03 DEC 2012,130.0,lb,,
703-1258,V12,31 DEC 2012,130.0,lb,,
703-1258,V13,21 JAN 2013,125.0,lb,,
703-1258,V3,20 JUL 2012,131.0,lb,,
703-1258,V4,01 AUG 2012,130.0,lb,,
703-1258,V5,17 AUG 2012,136.0,lb,,
703-1258,V7,04 SEP 2012,134.0,lb,,
703-1258,V8,14 SEP 2012,136.0,lb,,
703-1258,V9,09 OCT 2012,130.0,lb,,
703-1279,ET,22 JUN 2013,121.0,lb,,
703-1279,V1,27 APR 2013,124.0,lb,064.0,in
703-1279,V3,13 MAY 2013,123.0,lb,,
703-1295,ET,19 MAY 2014,118.0,lb,,
703-1295,V1,24 OCT 2013,129.0,lb,062.0,in
703-1295,V10,13 MAR 2014,120.0,lb,,
703-1295,V3,21 NOV 2013,124.0,lb,,
703-1295,V4,05 DEC 2013,127.0,lb,,
703-1295,V5,18 DEC 2013,126.0,lb,,
703-1295,V7,01 JAN 2014,125.0,lb,,
703-1295,V8,15 JAN 2014,125.0,lb,,
703-1295,V9,18 FEB 2014,124.0,lb,,
703-1299,V1,07 SEP 2012,104.0,lb,060.5,in
703-1299,V10,02 JAN 2013,100.0,lb,,
703-1299,V11,30 JAN 2013,097.0,lb,,
703-1299,V12,01 MAR 2013,096.0,lb,,
703-1299,V13,13 MAR 2013,096.0,lb,,
703-1299,V3,12 SEP 2012,100.0,lb,,
703-1299,V4,28 SEP 2012,100.0,lb,,
703-1299,V5,10 OCT 2012,098.0,lb,,
703-1299,V7,24 OCT 2012,098.0,lb,,
703-1299,V8,07 NOV 2012,100.0,lb,,
703-1299,V9,05 DEC 2012,100.0,lb,,
703-1335,ET,24 MAY 2014,120.0,lb,,
703-1335,V1,28 FEB 2014,123.0,lb,061.0,in
703-1335,V3,17 MAR 2014,122.0,lb,,
703-1335,V4,31 MAR 2014,118.0,lb,,
703-1335,V5,13 APR 2014,118.0,lb,,
703-1379,V1,12 SEP 2013,171.0,lb,062.0,in
703-1379,V10,11 JAN 2014,167.0,lb,,
703-1379,V11,09 FEB 2014,164.0,lb,,
703-1379,V12,08 MAR 2014,156.0,lb,,
703-1379,V13,21 MAR 2014,157.0,lb,,
703-1379,V3,22 SEP 2013,168.0,lb,,
703-1379,V4,07 OCT 2013,171.0,lb,,
703-1379,V5,19 OCT 2013,172.0,lb,,
703-1379,V7,08 NOV 2013,173.0,lb,,
703-1379,V8,17 NOV 2013,173.0,lb,,
703-1379,V9,15 DEC 2013,177.0,lb,,
703-1403,ET,19 DEC 2012,165.0,lb,,
703-1403,V1,05 DEC 2012,173.0,lb,070.0,in
703-1403,V3,12 DEC 2012,177,lb,,
703-1439,V1,04 MAR 2014,135.0,lb,063.0,in
703-1439,V10,30 JUN 2014,140.0,lb,,
703-1439,V11,29 JUL 2014,140.0,lb,,
703-1439,V12,28 AUG 2014,138.0,lb,,
703-1439,V13,11 SEP 2014,140.0,lb,,
703-1439,V3,12 MAR 2014,140.0,lb,,
703-1439,V4,26 MAR 2014,139.0,lb,,
703-1439,V5,08 APR 2014,140.0,lb,,
703-1439,V7,21 APR 2014,136.0,lb,,
703-1439,V8,05 MAY 2014,138.0,lb,,
703-1439,V9,02 JUN 2014,138.0,lb,,
704-1008,ET,25 FEB 2013,104.0,lb,,
704-1008,V1,06 JAN 2013,104.5,lb,148.0,cm
704-1008,V3,13 JAN 2013,103.0,lb,,
704-1008,V4,28 JAN 2013,103.0,lb,,
704-1008,V5,09 FEB 2013,104.0,lb,,
704-1009,V1,20 AUG 2013,143.0,lb,070.5,in
704-1009,V3,27 AUG 2013,147.0,lb,,
704-1009,V4,14 SEP 2013,146.0,lb,,
704-1010,ET,09 JUL 2014,175.0,lb,,
704-1010,V1,08 FEB 2014,180.0,lb,070.0,in
704-1010,V10,13 JUN 2014,177.5,lb,,
704-1010,V3,21 FEB 2014,178.5,lb,,
704-1010,V4,08 MAR 2014,178.0,lb,,
704-1010,V5,23 MAR 2014,178.0,lb,,
704-1010,V7,11 APR 2014,177,lb,,
704-1010,V8,24 APR 2014,178.0,lb,,
704-1010,V9,16 MAY 2014,178.0,lb,,
704-1017,V1,20 SEP 2013,140.0,lb,067.0,in
704-1017,V3,06 OCT 2013,139.0,lb,,
704-1017,V4,19 OCT 2013,139.0,lb,,
704-1025,V1,18 SEP 2013,124.2,lb,166.0,cm
704-1025,V3,27 SEP 2013,122.4,lb,,
704-1025,V4,11 OCT 2013,123.0,lb,,
704-1025,V5,25 OCT 2013,122.5,lb,,
704-1065,ET,24 DEC 2013,177.0,lb,,
704-1065,V1,17 OCT 2013,179.0,lb,071.0,in
704-1065,V3,24 OCT 2013,178.0,lb,,
704-1065,V4,07 NOV 2013,178.0,lb,,
704-1065,V5,25 NOV 2013,177.0,lb,,
704-1065,V7,06 DEC 2013,176.0,lb,,
704-1065,V8,20 DEC 2013,177.5,lb,,
704-1074,ET,31 MAR 2014,163.0,lb,,
704-1074,V1,19 JAN 2014,166.0,lb,66.0,in
704-1074,V3,22 JAN 2014,167.0,lb,,
704-1074,V4,09 FEB 2014,167.0,lb,,
704-1074,V5,22 FEB 2014,166.0,lb,,
704-1074,V7,09 MAR 2014,168.0,lb,,
704-1093,ET,20 JUN 2013,163.0,lb,,
704-1093,V1,22 FEB 2013,162.5,lb,068.5,in
704-1093,V3,15 MAR 2013,162.0,lb,,
704-1093,V4,30 MAR 2013,162.5,lb,,
704-1093,V5,12 APR 2013,162.0,lb,,
704-1093,V7,25 APR 2013,162.0,lb,,
704-1093,V8,11 MAY 2013,162.0,lb,,
704-1093,V9,07 JUN 2013,161.0,lb,,
704-1114,ET,08 JUL 2013,171.0,lb,,
704-1114,V1,09 JAN 2013,171.8,lb,065.5,in
704-1114,V10,14 MAY 2013,174.0,lb,,
704-1114,V11,16 JUN 2013,173.0,lb,,
704-1114,V3,23 JAN 2013,171.5,lb,,
704-1114,V4,03 FEB 2013,171.0,lb,,
704-1114,V5,18 FEB 2013,171.0,lb,,
704-1114,V7,13 MAR 2013,173.0,lb,,
704-1114,V8,26 MAR 2013,172.0,lb,,
704-1114,V9,17 APR 2013,172.0,lb,,
704-1120,ET,03 FEB 2014,107.0,lb,,
704-1120,V1,18 NOV 2013,112.0,lb,147.0,cm
704-1120,V3,02 DEC 2013,114.0,lb,,
704-1120,V4,15 DEC 2013,108.0,lb,,
704-1120,V5,29 DEC 2013,106.0,lb,,
704-1120,V7,13 JAN 2014,107.0,lb,,
704-1120,V8,27 JAN 2014,108.0,lb,,
704-1127,V1,16 SEP 2013,094.5,lb,065.0,in
704-1127,V10,21 JAN 2014,93.5,lb,,
704-1127,V11,17 FEB 2014,094.0,lb,,
704-1127,V12,17 MAR 2014,094.0,lb,,
704-1127,V13,31 MAR 2014,095.0,lb,,
704-1127,V3,02 OCT 2013,090.5,lb,,
704-1127,V4,16 OCT 2013,094.0,lb,,
704-1127,V5,30 OCT 2013,092.0,lb,,
704-1127,V7,13 NOV 2013,094.0,lb,,
704-1127,V8,26 NOV 2013,094.0,lb,,
704-1127,V9,25 DEC 2013,93.0,lb,,
704-1135,V1,23 OCT 2013,143.0,lb,63.7,in
704-1135,V10,19 FEB 2014,140.5,lb,,
704-1135,V11,26 MAR 2014,135.0,lb,,
704-1135,V12,01 MAY 2014,137.0,lb,,
704-1135,V13,16 MAY 2014,135.5,lb,,
704-1135,V3,31 OCT 2013,142.0,lb,,
704-1135,V4,14 NOV 2013,142.0,lb,,
704-1135,V5,26 NOV 2013,143.0,lb,,
704-1135,V7,11 DEC 2013,142.0,lb,,
704-1135,V8,25 DEC 2013,141.0,lb,,
704-1135,V9,22 JAN 2014,140.0,lb,,
704-1164,V1,11 SEP 2012,110.0,lb,062.0,in
704-1164,V10,14 JAN 2013,114.0,lb,,
704-1164,V11,14 FEB 2013,114.0,lb,,
704-1164,V12,17 MAR 2013,114.0,lb,,
704-1164,V13,04 APR 2013,112.0,lb,,
704-1164,V3,19 SEP 2012,110.0,lb,,
704-1164,V4,04 OCT 2012,108.0,lb,,
704-1164,V5,21 OCT 2012,108.0,lb,,
704-1164,V7,01 NOV 2012,112.0,lb,,
704-1164,V8,15 NOV 2012,110.0,lb,,
704-1164,V9,16 DEC 2012,111.0,lb,,
704-1218,V1,11 NOV 2012,121.0,lb,144.0,cm
704-1218,V10,18 MAR 2013,120.0,lb,,
704-1218,V11,14 APR 2013,120.0,lb,,
704-1218,V12,13 MAY 2013,122.0,lb,,
704-1218,V13,27 MAY 2013,122.0,lb,,
704-1218,V3,19 NOV 2012,120.0,lb,,
704-1218,V4,03 DEC 2012,123.0,lb,,
704-1218,V5,15 DEC 2012,124.0,lb,,
704-1218,V7,30 DEC 2012,119.0,lb,,
704-1218,V8,14 JAN 2013,122.0,lb,,
704-1218,V9,11 FEB 2013,124.0,lb,,
704-1233,V1,08 MAR 2013,104.0,lb,58.0,in
704-1233,V10,11 JUL 2013,101.0,lb,,
704-1233,V3,21 MAR 2013,102.0,lb,,
704-1233,V4,04 APR 2013,105.0,lb,,
704-1233,V5,16 APR 2013,104.0,lb,,
704-1233,V7,01 MAY 2013,102.0,lb,,
704-1233,V8,16 MAY 2013,104.0,lb,,
704-1233,V9,13 JUN 2013,102.0,lb,,
704-1241,ET,31 OCT 2013,162.0,lb,,
704-1241,V1,14 AUG 2013,161.0,lb,067.0,in
704-1241,V3,25 AUG 2013,161.0,lb,,
704-1241,V4,05 SEP 2013,161.5,lb,,
704-1241,V5,19 SEP 2013,169.0,lb,,
704-1241,V7,09 OCT 2013,161.0,lb,,
704-1260,V1,23 AUG 2012,107.0,lb,063.0,in
704-1260,V3,30 AUG 2012,107.5,lb,,
704-1260,V4,13 SEP 2012,107.0,lb,,
704-1260,V5,26 SEP 2012,106.0,lb,,
704-1260,V7,11 OCT 2012,107.0,lb,,
704-1260,V8,24 OCT 2012,105.5,lb,,
704-1266,ET,06 DEC 2013,194.0,lb,,
704-1266,V1,05 OCT 2013,197.0,lb,68.5,in
704-1266,V3,13 OCT 2013,195.0,lb,,
704-1266,V4,27 OCT 2013,194.0,lb,,
704-1266,V5,08 NOV 2013,194.0,lb,,
704-1266,V7,22 NOV 2013,193.0,lb,,
704-1323,V1,13 JUN 2013,133.0,lb,064.0,in
704-1323,V3,08 JUL 2013,132.0,lb,,
704-1323,V4,23 JUL 2013,133.0,lb,,
704-1323,V5,04 AUG 2013,131.5,lb,,
704-1325,ET,06 AUG 2014,147.0,lb,,
704-1325,V1,16 APR 2014,150.0,lb,69.0,in
704-1325,V3,23 APR 2014,151.0,lb,,
704-1325,V4,07 MAY 2014,150.0,lb,,
704-1325,V5,19 MAY 2014,151.0,lb,,
704-1325,V7,04 JUN 2014,150.0,lb,,
704-1325,V8,18 JUN 2014,151.0,lb,,
704-1332,ET,16 FEB 2014,170.0,lb,,
704-1332,V1,24 NOV 2013,172.0,lb,173.0,cm
704-1332,V3,09 DEC 2013,173.0,lb,,
704-1332,V4,23 DEC 2013,170.0,lb,,
704-1332,V5,04 JAN 2014,173.0,lb,,
704-1332,V7,20 JAN 2014,170.0,lb,,
704-1332,V8,03 FEB 2014,171.0,lb,,
704-1351,V1,26 SEP 2013,163.0,lb,69.0,in
704-1351,V10,26 JAN 2014,166.0,lb,,
704-1351,V11,01 MAR 2014,166.0,lb,,
704-1351,V12,04 APR 2014,166.0,lb,,
704-1351,V13,18 APR 2014,165.0,lb,,
704-1351,V3,12 OCT 2013,162.0,lb,,
704-1351,V4,26 OCT 2013,162.0,lb,,
704-1351,V5,07 NOV 2013,165.0,lb,,
704-1351,V7,16 NOV 2013,164.0,lb,,
704-1351,V8,02 DEC 2013,163.0,lb,,
704-1351,V9,28 DEC 2013,161.0,lb,,
704-1388,V1,28 NOV 2012,128.0,lb,069.5,in
704-1388,V10,27 MAR 2013,127.0,lb,,
704-1388,V11,28 APR 2013,128.0,lb,,
704-1388,V12,23 MAY 2013,129.0,lb,,
704-1388,V13,19 JUN 2013,131.0,lb,,
704-1388,V3,07 DEC 2012,129.0,lb,,
704-1388,V4,21 DEC 2012,130.0,lb,,
704-1388,V5,02 JAN 2013,128.5,lb,,
704-1388,V7,18 JAN 2013,128.0,lb,,
704-1388,V8,30 JAN 2013,129.0,lb,,
704-1388,V9,27 FEB 2013,127.0,lb,,
704-1435,ET,12 JAN 2013,167.0,lb,,
704-1435,V1,01 NOV 2012,169.0,lb,66.0,in
704-1435,V3,17 NOV 2012,168.0,lb,,
704-1435,V4,01 DEC 2012,169.0,lb,,
704-1435,V5,15 DEC 2012,169.0,lb,,
704-1435,V7,30 DEC 2012,168.0,lb,,
704-1445,V1,01 MAY 2014,158.5,lb,70.0,in
704-1445,V10,03 SEP 2014,158.0,lb,,
704-1445,V11,01 OCT 2014,159.0,lb,,
704-1445,V3,11 MAY 2014,159.0,lb,,
704-1445,V4,25 MAY 2014,160.0,lb,,
704-1445,V5,11 JUN 2014,160.0,lb,,
704-1445,V7,25 JUN 2014,158.0,lb,,
704-1445,V8,09 JUL 2014,159.0,lb,,
704-1445,V9,06 AUG 2014,158.0,lb,,
705-1018,V1,30 JUN 2013,108.0,lb,058.0,in
705-1018,V3,05 JUL 2013,108.0,lb,,
705-1031,ET,11 MAY 2014,162.0,lb,,
705-1031,V1,17 NOV 2013,156.0,lb,062.0,in
705-1031,V10,20 MAR 2014,160.0,lb,,
705-1031,V11,13 APR 2014,160.0,lb,,
705-1031,V3,27 NOV 2013,158.0,lb,,
705-1031,V4,18 DEC 2013,161.0,lb,,
705-1031,V5,25 DEC 2013,160.0,lb,,
705-1031,V7,12 JAN 2014,160.0,lb,,
705-1031,V8,23 JAN 2014,161.0,lb,,
705-1031,V9,20 FEB 2014,156.0,lb,,
705-1059,ET,05 DEC 2013,126.0,lb,,
705-1059,V1,02 AUG 2013,120.0,lb,162.6,cm
705-1059,V3,05 AUG 2013,119.0,lb,,
705-1059,V4,19 AUG 2013,120.0,lb,,
705-1059,V5,05 SEP 2013,122.0,lb,,
705-1059,V7,19 SEP 2013,122.0,lb,,
705-1059,V8,03 OCT 2013,122.0,lb,,
705-1059,V9,07 NOV 2013,124.0,lb,,
705-1186,ET,07 FEB 2014,089.0,lb,,
705-1186,V1,03 JAN 2014,088.0,lb,056.0,in
705-1186,V3,08 JAN 2014,088.0,lb,,
705-1186,V4,23 JAN 2014,086.0,lb,,
705-1199,ET,29 SEP 2013,141.0,lb,,
705-1199,V1,11 SEP 2013,141.0,lb,063.5,in
705-1199,V3,16 SEP 2013,142.0,lb,,
705-1280,V1,11 JAN 2014,154.0,lb,062.0,in
705-1280,V10,16 MAY 2014,147.0,lb,,
705-1280,V11,13 JUN 2014,147.0,lb,,
705-1280,V12,11 JUL 2014,145.0,lb,,
705-1280,V13,25 JUL 2014,147.0,lb,,
705-1280,V3,17 JAN 2014,153.0,lb,,
705-1280,V4,31 JAN 2014,153.0,lb,,
705-1280,V5,13 FEB 2014,150.0,lb,,
705-1280,V7,07 MAR 2014,151.0,lb,,
705-1280,V8,21 MAR 2014,150.0,lb,,
705-1280,V9,18 APR 2014,147.0,lb,,
705-1281,ET,17 MAR 2014,161.0,lb,,
705-1281,V1,26 NOV 2013,161.0,lb,060.0,in
705-1281,V3,28 NOV 2013,161.0,lb,,
705-1281,V4,15 DEC 2013,161.0,lb,,
705-1281,V5,28 DEC 2013,161.0,lb,,
705-1281,V7,07 JAN 2014,160.0,lb,,
705-1281,V8,21 JAN 2014,160.0,lb,,
705-1281,V9,18 FEB 2014,159.0,lb,,
705-1282,V1,23 DEC 2012,160.0,lb,061.0,in
705-1282,V10,16 APR 2013,159.0,lb,,
705-1282,V11,14 MAY 2013,151.0,lb,,
705-1282,V12,11 JUN 2013,161.0,lb,,
705-1282,V13,24 JUN 2013,160.0,lb,,
705-1282,V3,26 DEC 2012,161.0,lb,,
705-1282,V4,09 JAN 2013,157.0,lb,,
705-1282,V5,21 JAN 2013,161.0,lb,,
705-1282,V7,07 FEB 2013,161.0,lb,,
705-1282,V8,20 FEB 2013,160.0,lb,,
705-1282,V9,20 MAR 2013,159.0,lb,,
705-1292,V1,11 OCT 2013,164.0,lb,066.0,in
705-1292,V10,03 MAR 2014,161.0,lb,,
705-1292,V11,31 MAR 2014,163.0,lb,,
705-1292,V12,28 APR 2014,163.0,lb,,
705-1292,V13,14 MAY 2014,162.0,lb,,
705-1292,V3,14 OCT 2013,166.0,lb,,
705-1292,V4,29 OCT 2013,169.0,lb,,
705-1292,V5,22 NOV 2013,166.0,lb,,
705-1292,V7,11 DEC 2013,165.0,lb,,
705-1292,V8,02 JAN 2014,166.0,lb,,
705-1292,V9,07 FEB 2014,164.0,lb,,
705-1303,V1,10 DEC 2013,186.0,lb,069.0,in
705-1303,V10,07 APR 2014,180.0,lb,,
705-1303,V3,16 DEC 2013,186.0,lb,,
705-1303,V4,30 DEC 2013,186.0,lb,,
705-1303,V5,12 JAN 2014,187.0,lb,,
705-1303,V7,26 JAN 2014,188.0,lb,,
705-1303,V8,10 FEB 2014,190.0,lb,,
705-1303,V9,03 MAR 2014,184.0,lb,,
705-1310,ET,23 JAN 2014,106.0,lb,,
705-1310,V1,26 OCT 2013,108.0,lb,057.5,in
705-1310,V3,02 NOV 2013,107.0,lb,,
705-1310,V4,22 NOV 2013,111.0,lb,,
705-1310,V5,30 NOV 2013,107.0,lb,,
705-1310,V7,16 DEC 2013,107.0,lb,,
705-1310,V8,26 DEC 2013,106.0,lb,,
705-1349,V1,24 FEB 2013,096.0,lb,057.0,in
705-1349,V10,25 JUN 2013,123.0,lb,,
705-1349,V11,23 JUL 2013,112.0,lb,,
705-1349,V12,25 AUG 2013,116.0,lb,,
705-1349,V13,08 SEP 2013,095.0,lb,,
705-1349,V3,10 MAR 2013,098.0,lb,,
705-1349,V4,24 MAR 2013,095.0,lb,,
705-1349,V5,04 APR 2013,097.0,lb,,
705-1349,V7,17 APR 2013,097.0,lb,,
705-1349,V8,01 MAY 2013,096.0,lb,,
705-1349,V9,28 MAY 2013,123.0,lb,,
705-1377,V1,29 DEC 2013,125.0,lb,065.0,in
705-1377,V3,04 JAN 2014,126.0,lb,,
705-1377,V4,25 JAN 2014,125.0,lb,,
705-1377,V5,07 FEB 2014,128.0,lb,,
705-1382,V1,09 MAY 2013,212.0,lb,067.0,in
705-1382,V3,13 MAY 2013,212.0,lb,,
705-1393,ET,20 FEB 2013,092.0,lb,,
705-1393,V1,02 SEP 2012,121.0,lb,057.0,in
705-1393,V10,02 JAN 2013,116.0,lb,,
705-1393,V3,07 SEP 2012,124.0,lb,,
705-1393,V4,27 SEP 2012,124.0,lb,,
705-1393,V5,10 OCT 2012,123.0,lb,,
705-1393,V7,26 OCT 2012,120.5,lb,,
705-1393,V8,02 NOV 2012,123.0,lb,,
705-1393,V9,05 DEC 2012,122.0,lb,,
705-1431,V1,16 JUN 2013,118.0,lb,059.0,in
705-1431,V10,17 OCT 2013,122.0,lb,,
705-1431,V11,13 NOV 2013,121.0,lb,,
705-1431,V12,05 DEC 2013,121.0,lb,,
705-1431,V13,19 DEC 2013,121.0,lb,,
705-1431,V3,23 JUN 2013,120.0,lb,,
705-1431,V4,07 JUL 2013,120.0,lb,,
705-1431,V5,20 JUL 2013,120.0,lb,,
705-1431,V7,07 AUG 2013,120.0,lb,,
705-1431,V8,21 AUG 2013,121.0,lb,,
705-1431,V9,18 SEP 2013,120.0,lb,,
706-1041,V1,21 DEC 2013,121.0,lb,066.0,in
706-1041,V10,06 MAY 2014,120.4,lb,,
706-1041,V11,10 JUN 2014,120.0,lb,,
706-1041,V12,15 JUL 2014,120.8,lb,,
706-1041,V13,29 JUL 2014,055.5,kg,,
706-1041,V3,31 DEC 2013,129.5,lb,,
706-1041,V4,14 JAN 2014,125.5,lb,,
706-1041,V5,28 JAN 2014,126.0,lb,,
706-1041,V7,11 FEB 2014,118.0,lb,,
706-1041,V8,04 MAR 2014,120.0,lb,,
706-1041,V9,01 APR 2014,119.6,lb,,
706-1049,ET,25 JUN 2013,128.5,lb,,
706-1049,V1,30 APR 2013,127.0,lb,066.0,in
706-1049,V3,14 MAY 2013,127.5,lb,,
706-1049,V4,28 MAY 2013,128.5,lb,,
706-1049,V5,11 JUN 2013,130.0,lb,,
706-1384,ET,29 SEP 2012,167.0,lb,,
706-1384,V1,25 AUG 2012,164.0,lb,062.0,in
706-1384,V3,15 SEP 2012,167.5,lb,,
707-1037,ET,08 JAN 2014,118.0,lb,,
707-1037,V1,12 DEC 2013,122.0,lb,060.0,in
707-1037,V3,20 DEC 2013,122.0,lb,,
707-1206,V1,20 OCT 2013,164.0,lb,068.5,in
707-1206,V10,16 FEB 2014,162.0,lb,,
707-1206,V11,16 MAR 2014,162.0,lb,,
707-1206,V12,13 APR 2014,162.0,lb,,
707-1206,V13,27 APR 2014,158.0,lb,,
707-1206,V3,28 OCT 2013,164.0,lb,,
707-1206,V4,12 NOV 2013,166.0,lb,,
707-1206,V5,25 NOV 2013,166.0,lb,,
707-1206,V7,09 DEC 2013,164.0,lb,,
707-1206,V8,23 DEC 2013,164.0,lb,,
707-1206,V9,19 JAN 2014,166.0,lb,,
708-1019,ET,23 JAN 2014,164.0,lb,,
708-1019,V1,10 DEC 2013,160.0,lb,072.0,in
708-1019,V3,20 DEC 2013,164.0,lb,,
708-1032,ET,09 MAR 2013,181.0,lb,,
708-1032,V1,02 FEB 2013,180.0,lb,070.0,in
708-1032,V3,09 FEB 2013,182.0,lb,,
708-1032,V4,23 FEB 2013,183.0,lb,,
708-1084,V1,01 MAY 2013,108.0,lb,066.0,in
708-1084,V10,01 SEP 2013,110.0,lb,,
708-1084,V11,01 OCT 2013,112.0,lb,,
708-1084,V12,28 OCT 2013,113.0,lb,,
708-1084,V13,11 NOV 2013,114.0,lb,,
708-1084,V3,09 MAY 2013,111.0,lb,,
708-1084,V4,23 MAY 2013,108.0,lb,,
708-1084,V5,09 JUN 2013,109.0,lb,,
708-1084,V7,23 JUN 2013,110.0,lb,,
708-1084,V8,07 JUL 2013,118.0,lb,,
708-1084,V9,01 AUG 2013,110.0,lb,,
708-1087,V1,06 OCT 2012,147.0,lb,062.0,in
708-1087,V10,16 FEB 2013,157.0,lb,,
708-1087,V11,16 MAR 2013,158.0,lb,,
708-1087,V12,10 APR 2013,155.0,lb,,
708-1087,V13,28 APR 2013,156.0,lb,,
708-1087,V3,22 OCT 2012,147.0,lb,,
708-1087,V5,20 NOV 2012,157.0,lb,,
708-1087,V7,08 DEC 2012,156.0,lb,,
708-1087,V8,22 DEC 2012,157.0,lb,,
708-1087,V9,19 JAN 2013,158.0,lb,,
708-1158,ET,22 MAR 2014,165.0,lb,,
708-1158,V1,01 FEB 2014,163.0,lb,064.0,in
708-1158,V3,08 FEB 2014,162.0,lb,,
708-1158,V4,26 FEB 2014,164.0,lb,,
708-1158,V5,06 MAR 2014,164.0,lb,,
708-1171,V1,25 NOV 2012,119.0,lb,064.0,in
708-1171,V10,25 MAR 2013,128.0,lb,,
708-1171,V11,22 APR 2013,130.0,lb,,
708-1171,V12,20 MAY 2013,132.0,lb,,
708-1171,V13,04 JUN 2013,132.0,lb,,
708-1171,V3,06 DEC 2012,121.0,lb,,
708-1171,V4,18 DEC 2012,119.0,lb,,
708-1171,V5,31 DEC 2012,121.0,lb,,
708-1171,V7,14 JAN 2013,123.0,lb,,
708-1171,V8,28 JAN 2013,124.0,lb,,
708-1171,V9,25 FEB 2013,126.0,lb,,
708-1178,ET,06 APR 2014,142.0,lb,,
708-1178,V1,13 DEC 2013,138.0,lb,065.0,in
708-1178,V3,29 DEC 2013,138.5,lb,,
708-1178,V4,18 JAN 2014,139.0,lb,,
708-1178,V5,02 FEB 2014,139.0,lb,,
708-1178,V7,23 FEB 2014,141.0,lb,,
708-1178,V8,09 MAR 2014,139.0,lb,,
708-1213,ET,26 FEB 2013,093.0,lb,,
708-1213,V1,01 FEB 2013,090.0,lb,065.0,in
708-1213,V3,09 FEB 2013,092.0,lb,,
708-1213,V4,22 FEB 2013,094.0,lb,,
708-1216,ET,06 DEC 2012,171.0,lb,,
708-1216,V1,14 OCT 2012,170.0,lb,068.0,in
708-1216,V3,24 OCT 2012,170.0,lb,,
708-1216,V4,08 NOV 2012,173.0,lb,,
708-1216,V5,22 NOV 2012,173.0,lb,,
708-1236,V1,08 SEP 2013,120.0,lb,060.0,in
708-1236,V3,21 SEP 2013,120.0,lb,,
708-1253,V1,26 APR 2013,170.0,lb,073.0,in
708-1253,V10,02 SEP 2013,172.0,lb,,
708-1253,V11,29 SEP 2013,171.0,lb,,
708-1253,V12,27 OCT 2013,168.0,lb,,
708-1253,V13,05 NOV 2013,164.0,lb,,
708-1253,V3,07 MAY 2013,167.0,lb,,
708-1253,V4,21 MAY 2013,170.0,lb,,
708-1253,V5,07 JUN 2013,172.0,lb,,
708-1253,V7,25 JUN 2013,172.0,lb,,
708-1253,V8,09 JUL 2013,171.0,lb,,
708-1253,V9,05 AUG 2013,172.0,lb,,
708-1272,ET,04 APR 2013,165.0,lb,,
708-1272,V1,22 JAN 2013,166.0,lb,068.0,in
708-1272,V3,06 FEB 2013,164.0,lb,,
708-1272,V4,21 FEB 2013,167.0,lb,,
708-1272,V5,07 MAR 2013,163.0,lb,,
708-1272,V7,20 MAR 2013,165.0,lb,,
708-1286,V1,25 AUG 2013,174,lb,060.0,in
708-1286,V10,29 DEC 2013,173.0,lb,,
708-1286,V11,01 FEB 2014,173.0,lb,,
708-1286,V12,23 FEB 2014,167.0,lb,,
708-1286,V13,08 MAR 2014,162.0,lb,,
708-1286,V3,10 SEP 2013,168.0,lb,,
708-1286,V4,23 SEP 2013,173.0,lb,,
708-1286,V5,07 OCT 2013,168.0,lb,,
708-1286,V7,20 OCT 2013,174.0,lb,,
708-1286,V8,03 NOV 2013,174.0,lb,,
708-1286,V9,01 DEC 2013,174.0,lb,,
708-1296,V1,07 JUN 2013,176.0,lb,067.0,in
708-1296,V10,02 OCT 2013,170.0,lb,,
708-1296,V11,30 OCT 2013,174.0,lb,,
708-1296,V12,27 NOV 2013,174.0,lb,,
708-1296,V13,12 DEC 2013,175.0,lb,,
708-1296,V3,14 JUN 2013,178.0,lb,,
708-1296,V4,27 JUN 2013,180.0,lb,,
708-1296,V5,10 JUL 2013,176.0,lb,,
708-1296,V7,24 JUL 2013,177.0,lb,,
708-1296,V8,07 AUG 2013,173.0,lb,,
708-1296,V9,04 SEP 2013,175.0,lb,,
708-1297,ET,08 MAY 2013,187.0,lb,,
708-1297,V1,15 JAN 2013,174.0,lb,073.0,in
708-1297,V3,25 JAN 2013,174.0,lb,,
708-1297,V4,08 FEB 2013,181.0,lb,,
708-1297,V5,20 FEB 2013,182.0,lb,,
708-1297,V7,06 MAR 2013,181.0,lb,,
708-1297,V8,19 MAR 2013,184.0,lb,,
708-1297,V9,16 APR 2013,186.0,lb,,
708-1316,V1,15 AUG 2013,131.0,lb,063.0,in
708-1316,V10,21 DEC 2013,132.0,lb,,
708-1316,V11,18 JAN 2014,131.0,lb,,
708-1316,V12,15 FEB 2014,132.0,lb,,
708-1316,V13,01 MAR 2014,132.0,lb,,
708-1316,V3,23 AUG 2013,132.0,lb,,
708-1316,V4,05 SEP 2013,134.0,lb,,
708-1316,V5,22 SEP 2013,132.0,lb,,
708-1316,V7,10 OCT 2013,131.0,lb,,
708-1316,V8,25 OCT 2013,131.0,lb,,
708-1316,V9,22 NOV 2013,131.0,lb,,
708-1336,V1,21 NOV 2012,194.0,lb,075.0,in
708-1336,V10,27 MAR 2013,187.0,lb,,
708-1336,V11,23 APR 2013,185.0,lb,,
708-1336,V12,22 MAY 2013,183.0,lb,,
708-1336,V13,05 JUN 2013,185.0,lb,,
708-1336,V3,07 DEC 2012,193.0,lb,,
708-1336,V4,21 DEC 2012,193.0,lb,,
708-1336,V5,01 JAN 2013,188.0,lb,,
708-1336,V7,15 JAN 2013,191.0,lb,,
708-1336,V8,29 JAN 2013,190.0,lb,,
708-1336,V9,27 FEB 2013,185.0,lb,,
708-1342,V1,21 DEC 2012,131.0,lb,067.0,in
708-1342,V10,20 APR 2013,130.0,lb,,
708-1342,V11,18 MAY 2013,131.0,lb,,
708-1342,V12,15 JUN 2013,128.0,lb,,
708-1342,V13,28 JUN 2013,130.0,lb,,
708-1342,V3,29 DEC 2012,130.0,lb,,
708-1342,V4,12 JAN 2013,127.0,lb,,
708-1342,V5,24 JAN 2013,129.0,lb,,
708-1342,V7,07 FEB 2013,129.0,lb,,
708-1342,V8,23 FEB 2013,128.0,lb,,
708-1342,V9,21 MAR 2013,130.0,lb,,
708-1347,ET,18 JUN 2013,170.0,lb,,
708-1347,V1,11 APR 2013,166.0,lb,063.0,in
708-1347,V3,20 APR 2013,165.0,lb,,
708-1347,V4,04 MAY 2013,165.0,lb,,
708-1347,V5,16 MAY 2013,168.0,lb,,
708-1347,V7,30 MAY 2013,169.0,lb,,
708-1347,V8,13 JUN 2013,170.0,lb,,
708-1348,V1,28 JUL 2013,133.0,lb,063.0,in
708-1348,V10,01 DEC 2013,133.0,lb,,
708-1348,V11,28 DEC 2013,132.0,lb,,
708-1348,V12,03 FEB 2014,131.0,lb,,
708-1348,V13,13 FEB 2014,141.0,lb,,
708-1348,V3,05 AUG 2013,133.0,lb,,
708-1348,V4,19 AUG 2013,134.0,lb,,
708-1348,V5,31 AUG 2013,134.0,lb,,
708-1348,V7,15 SEP 2013,138.0,lb,,
708-1348,V8,06 OCT 2013,137.0,lb,,
708-1348,V9,04 NOV 2013,134.0,lb,,
708-1353,ET,10 SEP 2013,111.0,lb,,
708-1353,V1,17 JUN 2013,111.0,lb,062.0,in
708-1353,V3,04 JUL 2013,111.0,lb,,
708-1353,V4,18 JUL 2013,111.0,lb,,
708-1353,V5,04 AUG 2013,114.0,lb,,
708-1353,V7,18 AUG 2013,111,lb,,
708-1372,V1,03 APR 2013,196.0,lb,067.0,in
708-1372,V3,12 APR 2013,196.0,lb,,
708-1378,ET,28 JAN 2014,151.0,lb,,
708-1378,V1,24 AUG 2013,157.0,lb,067.0,in
708-1378,V10,12 JAN 2014,154.0,lb,,
708-1378,V3,03 SEP 2013,155.0,lb,,
708-1378,V4,21 SEP 2013,158.0,lb,,
708-1378,V5,05 OCT 2013,158.0,lb,,
708-1378,V7,19 OCT 2013,156.0,lb,,
708-1378,V8,05 NOV 2013,155.0,lb,,
708-1378,V9,02 DEC 2013,155.0,lb,,
708-1406,V1,06 DEC 2013,121.0,lb,062.0,in
708-1406,V10,16 APR 2014,123.0,lb,,
708-1406,V11,16 MAY 2014,126.0,lb,,
708-1406,V12,16 JUN 2014,125.0,lb,,
708-1406,V13,02 JUL 2014,125.0,lb,,
708-1406,V3,26 DEC 2013,121.0,lb,,
708-1406,V4,09 JAN 2014,123.0,lb,,
708-1406,V5,22 JAN 2014,123.0,lb,,
708-1406,V7,10 FEB 2014,124.0,lb,,
708-1406,V8,24 FEB 2014,122.0,lb,,
708-1406,V9,19 MAR 2014,123.0,lb,,
708-1428,ET,31 JAN 2014,132.0,lb,,
708-1428,V1,02 NOV 2013,131.0,lb,062.0,in
708-1428,V3,09 NOV 2013,130.0,lb,,
708-1428,V4,23 NOV 2013,134.0,lb,,
708-1428,V5,10 DEC 2013,134.0,lb,,
708-1428,V7,26 DEC 2013,130.0,lb,,
709-1001,V1,20 SEP 2013,163.0,lb,067.0,in
709-1001,V10,28 JAN 2014,158.0,lb,,
709-1001,V11,25 FEB 2014,157.0,lb,,
709-1001,V12,17 MAR 2014,157.0,lb,,
709-1001,V13,08 APR 2014,158.0,lb,,
709-1001,V3,08 OCT 2013,161.0,lb,,
709-1001,V4,22 OCT 2013,161.0,lb,,
709-1001,V5,02 NOV 2013,160.0,lb,,
709-1001,V7,19 NOV 2013,163.0,lb,,
709-1001,V8,03 DEC 2013,160.0,lb,,
709-1001,V9,31 DEC 2013,161.0,lb,,
709-1007,ET,01 SEP 2012,133.0,lb,,
709-1007,V1,21 JUL 2012,130.0,lb,062.5,in
709-1007,V3,31 JUL 2012,132.0,lb,,
709-1007,V4,18 AUG 2012,133.0,lb,,
709-1020,V1,22 NOV 2012,118.0,lb,057.0,in
709-1020,V10,23 MAR 2013,115.0,lb,,
709-1020,V11,20 APR 2013,118.5,lb,,
709-1020,V12,18 MAY 2013,118.0,lb,,
709-1020,V13,01 JUN 2013,115.0,lb,,
709-1020,V3,01 DEC 2012,120.0,lb,,
709-1020,V4,15 DEC 2012,121.0,lb,,
709-1020,V5,27 DEC 2012,121.0,lb,,
709-1020,V7,12 JAN 2013,119.0,lb,,
709-1020,V8,26 JAN 2013,116.0,lb,,
709-1020,V9,23 FEB 2013,116.0,lb,,
709-1029,V1,10 DEC 2012,152.0,lb,068.0,in
709-1029,V10,16 APR 2013,154.0,lb,,
709-1029,V11,15 MAY 2013,147.0,lb,,
709-1029,V12,12 JUN 2013,148.0,lb,,
709-1029,V13,26 JUN 2013,146.0,lb,,
709-1029,V3,25 DEC 2012,152.0,lb,,
709-1029,V4,09 JAN 2013,155.5,lb,,
709-1029,V5,21 JAN 2013,156.0,lb,,
709-1029,V7,06 FEB 2013,156.5,lb,,
709-1029,V8,19 FEB 2013,155.5,lb,,
709-1029,V9,20 MAR 2013,154.0,lb,,
709-1081,ET,10 MAY 2014,125.0,lb,,
709-1081,V1,09 JAN 2014,124.0,lb,061.0,in
709-1081,V3,18 JAN 2014,124.5,lb,,
709-1081,V4,01 FEB 2014,124.5,lb,,
709-1081,V5,10 FEB 2014,124.0,lb,,
709-1081,V7,01 MAR 2014,124.0,lb,,
709-1081,V8,15 MAR 2014,128.0,lb,,
709-1081,V9,21 APR 2014,126.0,lb,,
709-1088,V1,30 MAR 2014,176.0,lb,070.5,in
709-1088,V10,02 AUG 2014,170.0,lb,,
709-1088,V11,23 AUG 2014,168.0,lb,,
709-1088,V12,27 SEP 2014,168.0,lb,,
709-1088,V13,09 OCT 2014,165.0,lb,,
709-1088,V3,12 APR 2014,175.0,lb,,
709-1088,V4,26 APR 2014,174.0,lb,,
709-1088,V5,08 MAY 2014,175.0,lb,,
709-1088,V7,22 MAY 2014,175.0,lb,,
709-1088,V8,01 JUN 2014,174.0,lb,,
709-1088,V9,29 JUN 2014,172.0,lb,,
709-1099,V1,14 OCT 2013,116.0,lb,065.0,in
709-1099,V10,14 FEB 2014,118.0,lb,,
709-1099,V11,14 MAR 2014,116.0,lb,,
709-1099,V12,11 APR 2014,118.0,lb,,
709-1099,V13,25 APR 2014,115.0,lb,,
709-1099,V3,25 OCT 2013,118.0,lb,,
709-1099,V4,12 NOV 2013,118.0,lb,,
709-1099,V5,27 NOV 2013,121.0,lb,,
709-1099,V7,11 DEC 2013,123.0,lb,,
709-1099,V8,26 DEC 2013,119.0,lb,,
709-1099,V9,20 JAN 2014,118.0,lb,,
709-1102,ET,31 MAR 2013,183.0,lb,,
709-1102,V1,07 JAN 2013,200.0,lb,065.5,in
709-1102,V3,15 JAN 2013,196.0,lb,,
709-1102,V4,31 JAN 2013,196.0,lb,,
709-1102,V5,11 FEB 2013,193.0,lb,,
709-1102,V7,27 FEB 2013,191.0,lb,,
709-1102,V8,12 MAR 2013,188.0,lb,,
709-1168,ET,27 SEP 2013,137.5,lb,,
709-1168,V1,25 JUL 2013,137.5,lb,059.0,in
709-1168,V3,02 AUG 2013,137.0,lb,,
709-1168,V4,17 AUG 2013,140.0,lb,,
709-1168,V5,30 AUG 2013,139.0,lb,,
709-1168,V7,13 SEP 2013,140.0,lb,,
709-1217,ET,25 JUN 2013,148.0,lb,,
709-1217,V1,16 FEB 2013,150.0,lb,067.5,in
709-1217,V3,04 MAR 2013,150.0,lb,,
709-1217,V4,19 MAR 2013,152.0,lb,,
709-1217,V5,30 MAR 2013,152.0,lb,,
709-1217,V7,13 APR 2013,151.0,lb,,
709-1217,V8,29 APR 2013,151.0,lb,,
709-1217,V9,25 MAY 2013,150.0,lb,,
709-1238,ET,07 AUG 2013,170.0,lb,,
709-1238,V1,02 MAY 2013,181.0,lb,067.0,in
709-1238,V3,15 MAY 2013,182.0,lb,,
709-1238,V4,29 MAY 2013,177.5,lb,,
709-1238,V5,19 JUN 2013,182.0,lb,,
709-1238,V7,26 JUN 2013,179.0,lb,,
709-1238,V8,02 JUL 2013,172.0,lb,,
709-1259,ET,13 JUN 2013,150.0,lb,,
709-1259,V1,13 JAN 2013,141.0,lb,068.0,in
709-1259,V10,11 MAY 2013,147.0,lb,,
709-1259,V3,26 JAN 2013,144.0,lb,,
709-1259,V4,10 FEB 2013,144.0,lb,,
709-1259,V5,22 FEB 2013,147.0,lb,,
709-1259,V7,08 MAR 2013,148.0,lb,,
709-1259,V8,23 MAR 2013,144.0,lb,,
709-1259,V9,20 APR 2013,144.0,lb,,
709-1285,ET,31 MAY 2013,146.0,lb,,
709-1285,V1,17 MAR 2013,143.0,lb,066.0,in
709-1285,V3,24 MAR 2013,143,lb,,
709-1285,V4,08 APR 2013,144.0,lb,,
709-1285,V5,19 APR 2013,147.0,lb,,
709-1285,V7,03 MAY 2013,147.0,lb,,
709-1285,V8,19 MAY 2013,147.0,lb,,
709-1301,V1,14 JUL 2013,112.5,lb,057.5,in
709-1301,V10,08 NOV 2013,105.0,lb,,
709-1301,V11,06 DEC 2013,109.5,lb,,
709-1301,V12,04 JAN 2014,109.5,lb,,
709-1301,V13,17 JAN 2014,110.0,lb,,
709-1301,V3,19 JUL 2013,111.0,lb,,
709-1301,V4,02 AUG 2013,109.0,lb,,
709-1301,V5,11 AUG 2013,112.0,lb,,
709-1301,V7,30 AUG 2013,112.0,lb,,
709-1301,V8,13 SEP 2013,112.0,lb,,
709-1301,V9,13 OCT 2013,106.0,lb,,
709-1306,ET,25 JUN 2014,098.0,lb,,
709-1306,V1,19 JAN 2014,097.0,lb,061.0,in
709-1306,V10,28 MAY 2014,097.0,lb,,
709-1306,V3,03 FEB 2014,098.0,lb,,
709-1306,V4,19 FEB 2014,099.0,lb,,
709-1306,V5,02 MAR 2014,099.0,lb,,
709-1306,V7,19 MAR 2014,099.0,lb,,
709-1306,V8,02 APR 2014,099.0,lb,,
709-1306,V9,30 APR 2014,099.0,lb,,
709-1309,V1,09 JUN 2013,172.0,lb,070.0,in
709-1309,V10,16 OCT 2013,173.0,lb,,
709-1309,V11,07 NOV 2013,174.0,lb,,
709-1309,V12,05 DEC 2013,170.0,lb,,
709-1309,V13,19 DEC 2013,172.0,lb,,
709-1309,V3,19 JUN 2013,173.0,lb,,
709-1309,V4,01 JUL 2013,174.0,lb,,
709-1309,V5,16 JUL 2013,175.0,lb,,
709-1309,V7,31 JUL 2013,174.0,lb,,
709-1309,V8,15 AUG 2013,175.0,lb,,
709-1309,V9,11 SEP 2013,172.0,lb,,
709-1312,V1,13 APR 2014,120.0,lb,063.0,in
709-1312,V10,10 AUG 2014,120.0,lb,,
709-1312,V11,07 SEP 2014,121.0,lb,,
709-1312,V12,05 OCT 2014,118.0,lb,,
709-1312,V13,19 OCT 2014,116.0,lb,,
709-1312,V3,20 APR 2014,118.0,lb,,
709-1312,V4,10 MAY 2014,119.0,lb,,
709-1312,V5,17 MAY 2014,121.0,lb,,
709-1312,V7,02 JUN 2014,125.0,lb,,
709-1312,V8,13 JUN 2014,125.0,lb,,
709-1312,V9,13 JUL 2014,120.0,lb,,
709-1326,V1,21 MAR 2013,163.0,lb,063.5,in
709-1326,V10,26 JUL 2013,162.0,lb,,
709-1326,V11,21 AUG 2013,160.0,lb,,
709-1326,V12,20 SEP 2013,155.0,lb,,
709-1326,V13,02 OCT 2013,155.0,lb,,
709-1326,V3,05 APR 2013,165.0,lb,,
709-1326,V4,18 APR 2013,165.0,lb,,
709-1326,V5,01 MAY 2013,164.0,lb,,
709-1326,V7,18 MAY 2013,163.0,lb,,
709-1326,V8,01 JUN 2013,161.0,lb,,
709-1326,V9,26 JUN 2013,162.0,lb,,
709-1329,ET,29 AUG 2013,168.0,lb,,
709-1329,V1,01 AUG 2013,170.0,lb,067.0,in
709-1329,V3,15 AUG 2013,169.0,lb,,
709-1339,V1,15 DEC 2012,172.0,lb,069.0,in
709-1339,V10,14 APR 2013,174.0,lb,,
709-1339,V11,12 MAY 2013,175.0,lb,,
709-1339,V12,08 JUN 2013,175.0,lb,,
709-1339,V13,24 JUN 2013,171.0,lb,,
709-1339,V3,23 DEC 2012,172.0,lb,,
709-1339,V4,05 JAN 2013,171.0,lb,,
709-1339,V5,20 JAN 2013,171.0,lb,,
709-1339,V7,03 FEB 2013,173.0,lb,,
709-1339,V9,17 MAR 2013,172.5,lb,,
709-1424,ET,08 MAR 2013,155.0,lb,,
709-1424,V1,15 FEB 2013,153.0,lb,068.5,in
709-1424,V3,03 MAR 2013,151.0,lb,,
710-1002,ET,18 JAN 2014,155.0,lb,,
710-1002,V1,30 DEC 2013,155.0,lb,065.0,in
710-1002,V3,14 JAN 2014,155.0,lb,,
710-1006,V1,27 JAN 2013,158.0,lb,067.0,in
710-1006,V10,01 JUN 2013,155.0,lb,,
710-1006,V11,29 JUN 2013,154.0,lb,,
710-1006,V12,27 JUL 2013,153.0,lb,,
710-1006,V13,10 AUG 2013,152.0,lb,,
710-1006,V3,10 FEB 2013,160.0,lb,,
710-1006,V4,22 FEB 2013,158.0,lb,,
710-1006,V5,08 MAR 2013,157.0,lb,,
710-1006,V7,23 MAR 2013,169.0,lb,,
710-1006,V8,06 APR 2013,157.0,lb,,
710-1006,V9,04 MAY 2013,156.0,lb,,
710-1021,ET,12 NOV 2013,121.0,lb,,
710-1021,V1,19 SEP 2013,122.0,lb,064.0,in
710-1021,V3,27 SEP 2013,124.0,lb,,
710-1021,V4,11 OCT 2013,122.0,lb,,
710-1021,V5,27 OCT 2013,122.0,lb,,
710-1027,V1,03 FEB 2014,155.0,lb,067.0,in
710-1027,V10,20 JUN 2014,154.0,lb,,
710-1027,V11,17 JUL 2014,153.0,lb,,
710-1027,V12,19 AUG 2014,154.0,lb,,
710-1027,V13,29 AUG 2014,151.0,lb,,
710-1027,V3,28 FEB 2014,156.0,lb,,
710-1027,V4,14 MAR 2014,153.0,lb,,
710-1027,V5,28 MAR 2014,152.0,lb,,
710-1027,V7,11 APR 2014,155.0,lb,,
710-1027,V8,24 APR 2014,155.0,lb,,
710-1027,V9,23 MAY 2014,154.0,lb,,
710-1045,ET,17 AUG 2013,124.0,lb,,
710-1045,V1,20 MAY 2013,129.0,lb,064.0,in
710-1045,V3,03 JUN 2013,128.0,lb,,
710-1045,V4,17 JUN 2013,128.0,lb,,
710-1045,V5,01 JUL 2013,120.0,lb,,
710-1045,V7,15 JUL 2013,123.0,lb,,
710-1045,V8,29 JUL 2013,126.0,lb,,
710-1053,ET,15 FEB 2013,112.0,lb,,
710-1053,V1,15 DEC 2012,113.0,lb,062.0,in
710-1053,V3,26 DEC 2012,114.0,lb,,
710-1053,V4,09 JAN 2013,113.0,lb,,
710-1053,V5,24 JAN 2013,112.0,lb,,
710-1053,V7,06 FEB 2013,114.0,lb,,
710-1060,V1,24 DEC 2012,155.0,lb,072.0,in
710-1060,V10,23 APR 2013,152.0,lb,,
710-1060,V11,24 MAY 2013,150.0,lb,,
710-1060,V12,21 JUN 2013,152.0,lb,,
710-1060,V13,05 JUL 2013,152.0,lb,,
710-1060,V3,01 JAN 2013,155.0,lb,,
710-1060,V4,15 JAN 2013,156.0,lb,,
710-1060,V5,01 FEB 2013,157.0,lb,,
710-1060,V7,12 FEB 2013,149.0,lb,,
710-1060,V8,26 FEB 2013,149.0,lb,,
710-1060,V9,26 MAR 2013,151.0,lb,,
710-1070,V1,28 AUG 2012,109.0,lb,059.0,in
710-1070,V10,28 DEC 2012,107.0,lb,,
710-1070,V3,08 SEP 2012,108.0,lb,,
710-1070,V4,22 SEP 2012,113.0,lb,,
710-1070,V5,06 OCT 2012,109.0,lb,,
710-1070,V7,20 OCT 2012,112.0,lb,,
710-1070,V8,05 NOV 2012,110.0,lb,,
710-1070,V9,01 DEC 2012,108.0,lb,,
710-1077,V1,03 NOV 2013,111.0,lb,064.0,in
710-1077,V10,09 MAR 2014,113.0,lb,,
710-1077,V11,06 APR 2014,109.0,lb,,
710-1077,V12,03 MAY 2014,108.0,lb,,
710-1077,V13,18 MAY 2014,110.0,lb,,
710-1077,V3,17 NOV 2013,108.0,lb,,
710-1077,V4,01 DEC 2013,114.0,lb,,
710-1077,V5,15 DEC 2013,115.0,lb,,
710-1077,V7,30 DEC 2013,112.0,lb,,
710-1077,V8,12 JAN 2014,116.0,lb,,
710-1077,V9,09 FEB 2014,116.0,lb,,
710-1078,V1,06 SEP 2013,092.0,lb,060.0,in
710-1078,V10,12 JAN 2014,091.0,lb,,
710-1078,V11,09 FEB 2014,090.0,lb,,
710-1078,V12,08 MAR 2014,091.0,lb,,
710-1078,V13,23 MAR 2014,090.0,lb,,
710-1078,V3,17 SEP 2013,092.0,lb,,
710-1078,V4,06 OCT 2013,092.0,lb,,
710-1078,V5,20 OCT 2013,092.0,lb,,
710-1078,V7,03 NOV 2013,092.0,lb,,
710-1078,V8,17 NOV 2013,094.0,lb,,
710-1078,V9,21 DEC 2013,094.0,lb,,
710-1083,V1,09 JUL 2013,105.0,lb,062.0,in
710-1083,V3,22 JUL 2013,104.0,lb,,
710-1137,ET,13 NOV 2013,141.0,lb,,
710-1137,V1,03 OCT 2013,144.0,lb,065.0,in
710-1137,V3,11 OCT 2013,144.0,lb,,
710-1137,V4,25 OCT 2013,142.0,lb,,
710-1137,V5,08 NOV 2013,140.0,lb,,
710-1142,ET,23 OCT 2012,127.0,lb,,
710-1142,V1,12 SEP 2012,126.0,lb,060.0,in
710-1142,V3,02 OCT 2012,127.0,lb,,
710-1142,V4,16 OCT 2012,127.0,lb,,
710-1154,ET,09 MAY 2014,183.0,lb,,
710-1154,V1,08 MAR 2014,183.0,lb,063.0,in
710-1154,V3,29 MAR 2014,182.0,lb,,
710-1154,V4,12 APR 2014,181.0,lb,,
710-1154,V5,25 APR 2014,183.0,lb,,
710-1166,ET,30 MAR 2013,119.0,lb,,
710-1166,V1,10 NOV 2012,118.0,lb,062.0,in
710-1166,V3,30 NOV 2012,121.0,lb,,
710-1166,V4,14 DEC 2012,121.0,lb,,
710-1166,V5,28 DEC 2012,122.0,lb,,
710-1166,V7,11 JAN 2013,120.0,lb,,
710-1166,V8,25 JAN 2013,120.0,lb,,
710-1166,V9,22 FEB 2013,120.0,lb,,
710-1183,V1,24 OCT 2013,108.0,lb,059.0,in
710-1183,V10,10 MAR 2014,106.0,lb,,
710-1183,V11,05 APR 2014,105.0,lb,,
710-1183,V12,03 MAY 2014,103.0,lb,,
710-1183,V13,17 MAY 2014,104.0,lb,,
710-1183,V3,16 NOV 2013,105.0,lb,,
710-1183,V4,30 NOV 2013,105.0,lb,,
710-1183,V5,14 DEC 2013,105.0,lb,,
710-1183,V7,28 DEC 2013,105.0,lb,,
710-1183,V8,11 JAN 2014,105.0,lb,,
710-1183,V9,08 FEB 2014,109.0,lb,,
710-1187,V1,26 OCT 2012,110.0,lb,061.0,in
710-1187,V10,02 MAR 2013,110.0,lb,,
710-1187,V11,31 MAR 2013,112.0,lb,,
710-1187,V12,28 APR 2013,114.0,lb,,
710-1187,V13,12 MAY 2013,110.0,lb,,
710-1187,V3,10 NOV 2012,110.0,lb,,
710-1187,V4,24 NOV 2012,110.0,lb,,
710-1187,V5,09 DEC 2012,109.0,lb,,
710-1187,V7,23 DEC 2012,108.0,lb,,
710-1187,V8,06 JAN 2013,110.0,lb,,
710-1187,V9,03 FEB 2013,112.0,lb,,
710-1235,V1,13 SEP 2012,208.0,lb,067.0,in
710-1235,V10,15 JAN 2013,206.0,lb,,
710-1235,V11,12 FEB 2013,207.0,lb,,
710-1235,V12,13 MAR 2013,203.0,lb,,
710-1235,V13,27 MAR 2013,200.0,lb,,
710-1235,V3,26 SEP 2012,211.0,lb,,
710-1235,V4,10 OCT 2012,212.0,lb,,
710-1235,V5,24 OCT 2012,213.0,lb,,
710-1235,V7,07 NOV 2012,209.0,lb,,
710-1235,V8,21 NOV 2012,209.0,lb,,
710-1235,V9,19 DEC 2012,211.0,lb,,
710-1249,V1,19 DEC 2013,174.0,lb,070.0,in
710-1249,V10,19 APR 2014,180.0,lb,,
710-1249,V11,17 MAY 2014,179.0,lb,,
710-1249,V12,14 JUN 2014,182.0,lb,,
710-1249,V13,28 JUN 2014,180.0,lb,,
710-1249,V3,28 DEC 2013,177.0,lb,,
710-1249,V4,11 JAN 2014,181.0,lb,,
710-1249,V5,25 JAN 2014,181.0,lb,,
710-1249,V7,08 FEB 2014,182.0,lb,,
710-1249,V8,22 FEB 2014,182.0,lb,,
710-1249,V9,22 MAR 2014,183.0,lb,,
710-1264,ET,12 OCT 2013,178.0,lb,,
710-1264,V1,02 JUN 2013,180.0,lb,066.0,in
710-1264,V10,01 OCT 2013,180.0,lb,,
710-1264,V3,13 JUN 2013,180.0,lb,,
710-1264,V4,27 JUN 2013,178.0,lb,,
710-1264,V5,11 JUL 2013,179.0,lb,,
710-1264,V7,25 JUL 2013,176.0,lb,,
710-1264,V8,08 AUG 2013,180.0,lb,,
710-1264,V9,03 SEP 2013,178.0,lb,,
710-1270,ET,01 MAR 2014,131.0,lb,,
710-1270,V1,01 FEB 2014,138.0,lb,059.0,in
710-1270,V3,12 FEB 2014,127.0,lb,,
710-1271,V1,04 SEP 2012,104.0,lb,059.0,in
710-1271,V3,27 SEP 2012,105.0,lb,,
710-1271,V4,12 OCT 2012,105.0,lb,,
710-1271,V5,26 OCT 2012,109.0,lb,,
710-1271,V7,08 NOV 2012,110.0,lb,,
710-1278,ET,03 MAR 2013,157.0,lb,,
710-1278,V1,13 DEC 2012,160.0,lb,070.0,in
710-1278,V3,24 DEC 2012,158.0,lb,,
710-1278,V4,07 JAN 2013,156.0,lb,,
710-1278,V5,24 JAN 2013,158.0,lb,,
710-1278,V7,07 FEB 2013,158.0,lb,,
710-1278,V8,21 FEB 2013,156.0,lb,,
710-1300,ET,19 FEB 2013,105.0,lb,,
710-1300,V1,04 DEC 2012,104.0,lb,060.0,in
710-1300,V3,15 DEC 2012,103.0,lb,,
710-1300,V4,30 DEC 2012,105.0,lb,,
710-1300,V5,13 JAN 2013,106.0,lb,,
710-1300,V7,28 JAN 2013,107.0,lb,,
710-1300,V8,11 FEB 2013,104.0,lb,,
710-1314,V1,21 APR 2013,094.0,lb,054.0,in
710-1314,V3,24 APR 2013,094.0,lb,,
710-1314,V4,09 MAY 2013,095.0,lb,,
710-1314,V5,23 MAY 2013,093.0,lb,,
710-1315,ET,16 JUL 2013,124.0,lb,,
710-1315,V1,12 FEB 2013,124,lb,060.0,in
710-1315,V10,18 JUN 2013,124.0,lb,,
710-1315,V3,27 FEB 2013,124.0,lb,,
710-1315,V4,13 MAR 2013,125.0,lb,,
710-1315,V5,26 MAR 2013,125.0,lb,,
710-1315,V7,10 APR 2013,124.0,lb,,
710-1315,V8,23 APR 2013,123.0,lb,,
710-1315,V9,21 MAY 2013,125.0,lb,,
710-1354,V1,29 OCT 2012,197.0,lb,072.0,in
710-1354,V10,02 MAR 2013,193.0,lb,,
710-1354,V11,30 MAR 2013,194.0,lb,,
710-1354,V12,21 APR 2013,194.0,lb,,
710-1354,V13,01 MAY 2013,195.0,lb,,
710-1354,V3,11 NOV 2012,197.0,lb,,
710-1354,V4,25 NOV 2012,199.0,lb,,
710-1354,V5,08 DEC 2012,199.0,lb,,
710-1354,V7,22 DEC 2012,196.0,lb,,
710-1354,V8,06 JAN 2013,200.0,lb,,
710-1354,V9,02 FEB 2013,197.0,lb,,
710-1358,V1,02 SEP 2012,181.0,lb,064.0,in
710-1358,V10,09 JAN 2013,181.0,lb,,
710-1358,V11,06 FEB 2013,180.0,lb,,
710-1358,V3,17 SEP 2012,181.0,lb,,
710-1358,V4,01 OCT 2012,182.0,lb,,
710-1358,V5,20 OCT 2012,183.0,lb,,
710-1358,V7,30 OCT 2012,181.0,lb,,
710-1358,V8,14 NOV 2012,181.0,lb,,
710-1358,V9,12 DEC 2012,182.0,lb,,
710-1368,V1,21 OCT 2013,075.0,lb,058.0,in
710-1368,V10,12 FEB 2014,073.0,lb,,
710-1368,V11,12 MAR 2014,074.0,lb,,
710-1368,V12,09 APR 2014,075.0,lb,,
710-1368,V13,24 APR 2014,076.0,lb,,
710-1368,V3,23 OCT 2013,075.0,lb,,
710-1368,V4,06 NOV 2013,073.0,lb,,
710-1368,V5,20 NOV 2013,076.0,lb,,
710-1368,V7,04 DEC 2013,076.0,lb,,
710-1368,V8,19 DEC 2013,076.0,lb,,
710-1368,V9,15 JAN 2014,75,lb,,
710-1385,ET,18 FEB 2013,187.0,lb,,
710-1385,V1,21 OCT 2012,183.0,lb,072.0,in
710-1385,V3,29 OCT 2012,186.0,lb,,
710-1385,V4,12 NOV 2012,186.0,lb,,
710-1385,V5,26 NOV 2012,183.0,lb,,
710-1385,V7,10 DEC 2012,185.0,lb,,
710-1385,V8,25 DEC 2012,185.0,lb,,
710-1385,V9,21 JAN 2013,186.0,lb,,
710-1408,V1,26 DEC 2012,235.0,lb,070.0,in
710-1408,V10,03 MAY 2013,232.0,lb,,
710-1408,V11,31 MAY 2013,233.0,lb,,
710-1408,V12,28 JUN 2013,233.0,lb,,
710-1408,V13,12 JUL 2013,232.0,lb,,
710-1408,V3,05 JAN 2013,238.0,lb,,
710-1408,V4,24 JAN 2013,235.0,lb,,
710-1408,V5,07 FEB 2013,233.0,lb,,
710-1408,V7,20 FEB 2013,231.0,lb,,
710-1408,V8,07 MAR 2013,228.0,lb,,
710-1408,V9,04 APR 2013,232.0,lb,,
711-1012,ET,02 MAY 2013,179.5,lb,,
711-1012,V1,20 MAR 2013,181.5,lb,067.0,in
711-1012,V3,03 APR 2013,178.5,lb,,
711-1012,V4,17 APR 2013,181.0,lb,,
711-1036,V1,20 JUL 2012,151.5,lb,067.7,in
711-1036,V10,17 NOV 2012,153.0,lb,,
711-1036,V11,15 DEC 2012,151.5,lb,,
711-1036,V12,13 JAN 2013,151.5,lb,,
711-1036,V13,10 FEB 2013,150.0,lb,,
711-1036,V3,29 JUL 2012,152.5,lb,,
711-1036,V4,12 AUG 2012,150.5,lb,,
711-1036,V5,29 AUG 2012,150.0,lb,,
711-1036,V7,09 SEP 2012,147.5,lb,,
711-1036,V8,23 SEP 2012,149.5,lb,,
711-1036,V9,21 OCT 2012,150.0,lb,,
711-1143,ET,01 JUN 2013,144.5,lb,,
711-1143,V1,30 MAR 2013,141.5,lb,064.2,in
711-1143,V3,03 APR 2013,142.5,lb,,
711-1143,V4,17 APR 2013,146.0,lb,,
711-1143,V5,29 APR 2013,146.5,lb,,
711-1143,V7,15 MAY 2013,143.0,lb,,
711-1143,V8,28 MAY 2013,142.5,lb,,
711-1433,ET,06 FEB 2013,114.0,lb,,
711-1433,V1,23 JAN 2013,114.0,lb,062.0,in
711-1433,V3,27 JAN 2013,114.5,lb,,
713-1043,V1,17 AUG 2013,113.0,lb,065.0,in
713-1043,V10,03 JAN 2014,113.0,lb,,
713-1043,V11,26 JAN 2014,114.0,lb,,
713-1043,V12,28 FEB 2014,115.0,lb,,
713-1043,V13,24 MAR 2014,121.0,lb,,
713-1043,V3,15 SEP 2013,113.0,lb,,
713-1043,V4,30 SEP 2013,114.0,lb,,
713-1043,V5,11 OCT 2013,113.0,lb,,
713-1043,V7,01 NOV 2013,113.0,lb,,
713-1043,V8,11 NOV 2013,115.0,lb,,
713-1043,V9,06 DEC 2013,113.0,lb,,
713-1073,V1,15 MAR 2014,125.5,lb,066.0,in
713-1073,V10,21 JUL 2014,132.0,lb,,
713-1073,V11,17 AUG 2014,125.5,lb,,
713-1073,V12,21 SEP 2014,125.5,lb,,
713-1073,V13,05 OCT 2014,125.5,lb,,
713-1073,V3,30 MAR 2014,125.5,lb,,
713-1073,V4,14 APR 2014,125.5,lb,,
713-1073,V5,26 APR 2014,125.5,lb,,
713-1073,V7,12 MAY 2014,125.5,lb,,
713-1073,V8,25 MAY 2014,125.5,lb,,
713-1073,V9,22 JUN 2014,125.5,lb,,
713-1106,V1,03 OCT 2012,114.0,lb,164.8,cm
713-1106,V10,27 FEB 2013,120.0,lb,,
713-1106,V11,20 MAR 2013,118.0,lb,,
713-1106,V12,22 APR 2013,116.0,lb,,
713-1106,V13,06 MAY 2013,119.0,lb,,
713-1106,V3,31 OCT 2012,117.0,lb,,
713-1106,V4,15 NOV 2012,118.0,lb,,
713-1106,V5,26 NOV 2012,118.0,lb,,
713-1106,V7,09 DEC 2012,117.0,lb,,
713-1106,V8,27 DEC 2012,121.0,lb,,
713-1106,V9,10 FEB 2013,119.0,lb,,
713-1141,ET,06 AUG 2013,138.0,lb,,
713-1141,V1,23 MAY 2013,150.0,lb,170.0,cm
713-1141,V3,31 MAY 2013,150.0,lb,,
713-1141,V4,14 JUN 2013,150.0,lb,,
713-1141,V5,26 JUN 2013,149.0,lb,,
713-1179,V1,11 JUL 2013,128.0,lb,065.0,in
713-1179,V10,26 NOV 2013,117.0,lb,,
713-1179,V11,01 JAN 2014,112.0,lb,,
713-1179,V12,24 JAN 2014,112.0,lb,,
713-1179,V13,05 FEB 2014,111.0,lb,,
713-1179,V3,09 AUG 2013,122.0,lb,,
713-1179,V4,24 AUG 2013,125.0,lb,,
713-1179,V5,05 SEP 2013,125.0,lb,,
713-1179,V7,19 SEP 2013,116.0,lb,,
713-1179,V8,04 OCT 2013,119.0,lb,,
713-1179,V9,06 NOV 2013,118.0,lb,,
713-1209,V1,16 MAY 2013,115.0,lb,065.0,in
713-1209,V10,15 SEP 2013,115.0,lb,,
713-1209,V11,14 OCT 2013,120.0,lb,,
713-1209,V12,14 NOV 2013,120.0,lb,,
713-1209,V13,22 NOV 2013,122.0,lb,,
713-1209,V3,27 MAY 2013,115.0,lb,,
713-1209,V4,14 JUN 2013,115.0,lb,,
713-1209,V5,22 JUN 2013,115.0,lb,,
713-1209,V7,08 JUL 2013,115.0,lb,,
713-1209,V8,22 JUL 2013,115.0,lb,,
713-1209,V9,19 AUG 2013,115.0,lb,,
713-1256,V1,10 SEP 2012,170.0,lb,071.0,in
713-1256,V10,08 JAN 2013,168.0,lb,,
713-1256,V11,03 FEB 2013,174.0,lb,,
713-1256,V12,09 MAR 2013,168.0,lb,,
713-1256,V13,25 MAR 2013,170.0,lb,,
713-1256,V3,19 SEP 2012,170.0,lb,,
713-1256,V4,03 OCT 2012,168.0,lb,,
713-1256,V5,15 OCT 2012,168.0,lb,,
713-1256,V7,31 OCT 2012,168.0,lb,,
713-1256,V8,14 NOV 2012,172.0,lb,,
713-1256,V9,12 DEC 2012,173.0,lb,,
713-1269,V1,14 JAN 2014,166.0,lb,073.0,in
713-1269,V10,19 MAY 2014,180.0,lb,,
713-1269,V11,15 JUN 2014,178.0,lb,,
713-1269,V12,13 JUL 2014,180.0,lb,,
713-1269,V13,28 JUL 2014,174.0,lb,,
713-1269,V3,27 JAN 2014,166.0,lb,,
713-1269,V4,10 FEB 2014,166.0,lb,,
713-1269,V5,23 FEB 2014,166.0,lb,,
713-1269,V7,10 MAR 2014,174.0,lb,,
713-1269,V8,23 MAR 2014,174.0,lb,,
713-1269,V9,20 APR 2014,180.0,lb,,
713-1448,ET,17 MAY 2014,173.0,lb,,
713-1448,V1,05 JAN 2014,172.0,lb,069.0,in
713-1448,V3,19 JAN 2014,173.0,lb,,
713-1448,V4,01 FEB 2014,173.0,lb,,
713-1448,V5,14 FEB 2014,173.0,lb,,
713-1448,V7,02 MAR 2014,173.0,lb,,
713-1448,V8,17 MAR 2014,173.0,lb,,
713-1448,V9,14 APR 2014,173.0,lb,,
714-1035,V1,03 APR 2014,119.0,lb,058.5,in
714-1035,V10,06 AUG 2014,121.0,lb,,
714-1035,V11,03 SEP 2014,120.0,lb,,
714-1035,V12,02 OCT 2014,121.0,lb,,
714-1035,V13,16 OCT 2014,121.0,lb,,
714-1035,V3,17 APR 2014,120.0,lb,,
714-1035,V4,01 MAY 2014,120.0,lb,,
714-1035,V5,26 MAY 2014,120.0,lb,,
714-1035,V7,04 JUN 2014,121.5,lb,,
714-1035,V8,17 JUN 2014,123.0,lb,,
714-1035,V9,10 JUL 2014,123.0,lb,,
714-1068,ET,16 OCT 2013,122.0,lb,,
714-1068,V1,31 JUL 2013,120.0,lb,060.5,in
714-1068,V3,08 AUG 2013,120.0,lb,,
714-1068,V4,22 AUG 2013,118.0,lb,,
714-1068,V5,05 SEP 2013,117.0,lb,,
714-1068,V7,19 SEP 2013,123.0,lb,,
714-1068,V8,03 OCT 2013,122.0,lb,,
714-1195,V1,16 APR 2013,187.0,lb,068.0,in
714-1195,V10,09 AUG 2013,191.5,lb,,
714-1195,V11,12 SEP 2013,189.5,lb,,
714-1195,V12,10 OCT 2013,189.0,lb,,
714-1195,V13,23 OCT 2013,188.0,lb,,
714-1195,V3,26 APR 2013,189.0,lb,,
714-1195,V4,09 MAY 2013,188.0,lb,,
714-1195,V5,23 MAY 2013,190.0,lb,,
714-1195,V7,05 JUN 2013,185.5,lb,,
714-1195,V8,20 JUN 2013,186.0,lb,,
714-1195,V9,17 JUL 2013,187.0,lb,,
714-1288,V1,24 NOV 2013,112.0,lb,064.0,in
714-1288,V10,01 APR 2014,112.0,lb,,
714-1288,V11,29 APR 2014,112.0,lb,,
714-1288,V12,27 MAY 2014,110.0,lb,,
714-1288,V13,17 JUN 2014,110.0,lb,,
714-1288,V3,04 DEC 2013,109.0,lb,,
714-1288,V4,17 DEC 2013,111.5,lb,,
714-1288,V5,01 JAN 2014,111.0,lb,,
714-1288,V7,19 JAN 2014,111.0,lb,,
714-1288,V8,02 FEB 2014,111.0,lb,,
714-1288,V9,02 MAR 2014,111.5,lb,,
714-1375,V1,23 FEB 2013,125.5,lb,059.0,in
714-1375,V10,22 JUN 2013,127.0,lb,,
714-1375,V11,20 JUL 2013,127.5,lb,,
714-1375,V12,23 AUG 2013,129.0,lb,,
714-1375,V13,07 SEP 2013,129.0,lb,,
714-1375,V3,26 FEB 2013,127.0,lb,,
714-1375,V4,19 MAR 2013,125.0,lb,,
714-1375,V5,06 APR 2013,128.0,lb,,
714-1375,V7,15 APR 2013,125.0,lb,,
714-1375,V8,26 APR 2013,126.0,lb,,
714-1375,V9,25 MAY 2013,128.0,lb,,
714-1425,ET,22 AUG 2013,202.0,lb,,
714-1425,V1,11 AUG 2013,201.0,lb,070.0,in
714-1425,V3,15 AUG 2013,202.0,lb,,
715-1085,V1,03 FEB 2013,124.0,lb,064.0,in
715-1085,V10,09 JUN 2013,126.0,lb,,
715-1085,V11,07 JUL 2013,127.0,lb,,
715-1085,V12,04 AUG 2013,125.0,lb,,
715-1085,V13,18 AUG 2013,129.0,lb,,
715-1085,V3,16 FEB 2013,127.0,lb,,
715-1085,V4,04 MAR 2013,124.0,lb,,
715-1085,V5,17 MAR 2013,121.0,lb,,
715-1085,V7,31 MAR 2013,125.0,lb,,
715-1085,V8,14 APR 2013,125.0,lb,,
715-1085,V9,12 MAY 2013,124.0,lb,,
715-1107,ET,13 MAY 2013,147.0,lb,,
715-1107,V1,12 FEB 2013,151.0,lb,068.0,in
715-1107,V3,26 FEB 2013,153.0,lb,,
715-1107,V4,12 MAR 2013,153.0,lb,,
715-1107,V5,26 MAR 2013,150.0,lb,,
715-1107,V7,08 APR 2013,150.0,lb,,
715-1107,V8,23 APR 2013,159.0,lb,,
715-1155,V1,29 NOV 2013,143.0,lb,065.0,in
715-1155,V3,13 DEC 2013,140.0,lb,,
715-1155,V4,27 DEC 2013,140.0,lb,,
715-1155,V5,10 JAN 2014,140.0,lb,,
715-1207,V1,12 NOV 2012,111.0,lb,060.0,in
715-1207,V10,10 MAR 2013,110.0,lb,,
715-1207,V11,07 APR 2013,113.0,lb,,
715-1207,V12,05 MAY 2013,110.0,lb,,
715-1207,V13,01 JUN 2013,118.0,lb,,
715-1207,V3,18 NOV 2012,109.0,lb,,
715-1207,V4,02 DEC 2012,108.0,lb,,
715-1207,V5,17 DEC 2012,108.0,lb,,
715-1207,V7,31 DEC 2012,108,lb,,
715-1207,V8,13 JAN 2013,111.0,lb,,
715-1207,V9,10 FEB 2013,110.0,lb,,
715-1319,ET,18 MAR 2013,163.0,lb,,
715-1319,V1,03 FEB 2013,167.0,lb,068.0,in
715-1319,V3,17 FEB 2013,167.0,lb,,
715-1319,V4,03 MAR 2013,164.0,lb,,
715-1321,ET,22 APR 2014,135.0,lb,,
715-1321,V1,06 FEB 2014,134.0,lb,064.0,in
715-1321,V3,11 FEB 2014,132.0,lb,,
715-1321,V4,26 FEB 2014,133.0,lb,,
715-1321,V5,12 MAR 2014,132.0,lb,,
715-1321,V7,26 MAR 2014,131.0,lb,,
715-1321,V8,09 APR 2014,132.0,lb,,
715-1397,V1,20 MAR 2013,149.0,lb,060.0,in
715-1397,V10,24 JUL 2013,157.0,lb,,
715-1397,V11,21 AUG 2013,154.0,lb,,
715-1397,V12,18 SEP 2013,152.0,lb,,
715-1397,V13,03 OCT 2013,154.0,lb,,
715-1397,V3,03 APR 2013,148.0,lb,,
715-1397,V4,18 APR 2013,150.0,lb,,
715-1397,V5,01 MAY 2013,153.0,lb,,
715-1397,V7,16 MAY 2013,156.0,lb,,
715-1397,V8,29 MAY 2013,158.0,lb,,
715-1397,V9,27 JUN 2013,158.0,lb,,
715-1405,ET,13 JUL 2013,155.0,lb,,
715-1405,V1,27 JUN 2013,153.0,lb,071.0,in
715-1405,V3,06 JUL 2013,154.0,lb,,
716-1024,V1,06 JUL 2012,121.0,lb,061.0,in
716-1024,V10,01 NOV 2012,122.0,lb,,
716-1024,V11,30 NOV 2012,120.0,lb,,
716-1024,V12,30 DEC 2012,122.0,lb,,
716-1024,V13,20 JAN 2013,124.5,lb,,
716-1024,V3,09 JUL 2012,120.0,lb,,
716-1024,V4,23 JUL 2012,121.0,lb,,
716-1024,V5,03 AUG 2012,120.0,lb,,
716-1024,V7,24 AUG 2012,120.0,lb,,
716-1024,V8,03 SEP 2012,121.0,lb,,
716-1024,V9,30 SEP 2012,122.0,lb,,
716-1026,V1,23 MAR 2014,174.0,lb,061.0,in
716-1026,V10,31 JUL 2014,174.0,lb,,
716-1026,V11,28 AUG 2014,177.5,lb,,
716-1026,V12,27 SEP 2014,177.0,lb,,
716-1026,V13,16 OCT 2014,177.0,lb,,
716-1026,V3,02 APR 2014,176.0,lb,,
716-1026,V4,18 APR 2014,178.0,lb,,
716-1026,V5,30 APR 2014,177.0,lb,,
716-1026,V7,14 MAY 2014,180.0,lb,,
716-1026,V8,29 MAY 2014,177.0,lb,,
716-1026,V9,26 JUN 2014,170.0,lb,,
716-1030,ET,10 JAN 2014,164.0,lb,,
716-1030,V1,25 DEC 2013,166.0,lb,059.3,in
716-1030,V3,28 DEC 2013,166.0,lb,,
716-1044,V1,20 APR 2013,188.0,lb,068.0,in
716-1044,V10,16 AUG 2013,188.0,lb,,
716-1044,V11,13 SEP 2013,190.0,lb,,
716-1044,V12,16 OCT 2013,191.0,lb,,
716-1044,V13,03 NOV 2013,192.0,lb,,
716-1044,V3,27 APR 2013,190.0,lb,,
716-1044,V4,10 MAY 2013,189.0,lb,,
716-1044,V5,24 MAY 2013,186.0,lb,,
716-1044,V7,13 JUN 2013,187.0,lb,,
716-1044,V8,28 JUN 2013,186.0,lb,,
716-1044,V9,25 JUL 2013,186.0,lb,,
716-1063,ET,28 AUG 2013,162.0,lb,,
716-1063,V1,06 MAY 2013,160.0,lb,063.0,in
716-1063,V3,09 MAY 2013,160.0,lb,,
716-1063,V4,23 MAY 2013,162.0,lb,,
716-1063,V5,03 JUN 2013,164.0,lb,,
716-1063,V7,23 JUN 2013,159.0,lb,,
716-1063,V8,04 JUL 2013,160.0,lb,,
716-1063,V9,31 JUL 2013,159.0,lb,,
716-1071,ET,01 AUG 2013,165.0,lb,,
716-1071,V1,03 JUN 2013,166.0,lb,061.0,in
716-1071,V3,08 JUN 2013,169.0,lb,,
716-1071,V4,22 JUN 2013,169.0,lb,,
716-1071,V5,05 JUL 2013,169.0,lb,,
716-1071,V7,26 JUL 2013,166.0,lb,,
716-1094,ET,26 JAN 2013,177.0,lb,,
716-1094,V1,16 DEC 2012,178.0,lb,066.5,in
716-1094,V3,19 DEC 2012,178.0,lb,,
716-1094,V4,06 JAN 2013,176.0,lb,,
716-1094,V5,19 JAN 2013,178.0,lb,,
716-1103,V1,18 MAR 2014,154.0,lb,065.0,in
716-1103,V10,23 JUL 2014,157.5,lb,,
716-1103,V11,19 AUG 2014,159.0,lb,,
716-1103,V12,30 AUG 2014,156.0,lb,,
716-1103,V13,20 SEP 2014,160.0,lb,,
716-1103,V3,20 MAR 2014,154.0,lb,,
716-1103,V4,05 APR 2014,158.0,lb,,
716-1103,V5,22 APR 2014,161.0,lb,,
716-1103,V7,08 MAY 2014,162.0,lb,,
716-1103,V8,22 MAY 2014,160.0,lb,,
716-1103,V9,21 JUN 2014,160.0,lb,,
716-1108,V1,04 FEB 2013,115.0,lb,056.0,in
716-1108,V10,07 JUN 2013,121.0,lb,,
716-1108,V11,08 JUL 2013,117.0,lb,,
716-1108,V12,02 AUG 2013,121.0,lb,,
716-1108,V13,10 AUG 2013,120.5,lb,,
716-1108,V3,12 FEB 2013,116.0,lb,,
716-1108,V4,26 FEB 2013,120.0,lb,,
716-1108,V5,08 MAR 2013,120.0,lb,,
716-1108,V7,26 MAR 2013,120.0,lb,,
716-1108,V8,12 APR 2013,120.0,lb,,
716-1108,V9,10 MAY 2013,121.0,lb,,
716-1151,ET,07 JUN 2013,097.5,lb,,
716-1151,V1,23 JAN 2013,100.0,lb,060.0,in
716-1151,V3,01 FEB 2013,101.0,lb,,
716-1151,V4,15 FEB 2013,099.0,lb,,
716-1151,V5,27 FEB 2013,098.0,lb,,
716-1151,V7,15 MAR 2013,097.0,lb,,
716-1151,V8,02 APR 2013,099.0,lb,,
716-1151,V9,03 MAY 2013,097.0,lb,,
716-1157,V1,23 SEP 2013,129.0,lb,063.0,in
716-1157,V10,20 JAN 2014,135.0,lb,,
716-1157,V11,24 FEB 2014,135.0,lb,,
716-1157,V12,26 MAR 2014,135.0,lb,,
716-1157,V13,05 APR 2014,135.0,lb,,
716-1157,V3,02 OCT 2013,131.0,lb,,
716-1157,V4,16 OCT 2013,130.0,lb,,
716-1157,V5,04 NOV 2013,131.0,lb,,
716-1157,V7,12 NOV 2013,135.0,lb,,
716-1157,V8,26 NOV 2013,132.0,lb,,
716-1157,V9,24 DEC 2013,133.0,lb,,
716-1160,V1,23 MAR 2013,130.5,lb,062.0,in
716-1160,V10,27 JUL 2013,129.0,lb,,
716-1160,V11,28 AUG 2013,129.0,lb,,
716-1160,V12,27 SEP 2013,130.0,lb,,
716-1160,V13,11 OCT 2013,131.0,lb,,
716-1160,V3,05 APR 2013,132,lb,,
716-1160,V4,19 APR 2013,130.0,lb,,
716-1160,V5,04 MAY 2013,131.0,lb,,
716-1160,V7,23 MAY 2013,131.0,lb,,
716-1160,V8,12 JUN 2013,130.0,lb,,
716-1160,V9,05 JUL 2013,131.0,lb,,
716-1167,V1,30 SEP 2012,137.0,lb,062.5,in
716-1167,V10,28 JAN 2013,136.0,lb,,
716-1167,V11,24 FEB 2013,136.0,lb,,
716-1167,V12,24 MAR 2013,134.0,lb,,
716-1167,V13,13 APR 2013,135.5,lb,,
716-1167,V3,08 OCT 2012,138.0,lb,,
716-1167,V4,29 OCT 2012,138.0,lb,,
716-1167,V5,05 NOV 2012,138.0,lb,,
716-1167,V7,19 NOV 2012,138.0,lb,,
716-1167,V8,03 DEC 2012,138.0,lb,,
716-1167,V9,31 DEC 2012,138.0,lb,,
716-1177,V1,29 AUG 2014,188.0,lb,070.0,in
716-1177,V10,01 JAN 2015,184.0,lb,,
716-1177,V11,22 JAN 2015,186.0,lb,,
716-1177,V12,17 FEB 2015,188.0,lb,,
716-1177,V13,05 MAR 2015,190.0,lb,,
716-1177,V3,02 SEP 2014,190.0,lb,,
716-1177,V4,16 SEP 2014,194.0,lb,,
716-1177,V5,01 OCT 2014,186.0,lb,,
716-1177,V7,20 OCT 2014,184.0,lb,,
716-1177,V8,30 OCT 2014,184.0,lb,,
716-1177,V9,01 DEC 2014,181.5,lb,,
716-1189,ET,03 MAR 2013,158.0,lb,,
716-1189,V1,07 OCT 2012,162.0,lb,064.5,in
716-1189,V10,03 FEB 2013,163.0,lb,,
716-1189,V3,09 OCT 2012,162.0,lb,,
716-1189,V4,24 OCT 2012,162.0,lb,,
716-1189,V5,11 NOV 2012,159.0,lb,,
716-1189,V7,27 NOV 2012,159.0,lb,,
716-1189,V8,08 DEC 2012,159.0,lb,,
716-1189,V9,05 JAN 2013,158.0,lb,,
716-1229,ET,02 APR 2013,143.0,lb,,
716-1229,V1,14 FEB 2013,140.5,lb,063.5,in
716-1229,V3,20 FEB 2013,141.0,lb,,
716-1229,V4,06 MAR 2013,141.0,lb,,
716-1229,V5,18 MAR 2013,141.0,lb,,
716-1298,ET,06 JUL 2013,161.5,lb,,
716-1298,V1,04 APR 2013,152.0,lb,061.5,in
716-1298,V3,08 APR 2013,158.0,lb,,
716-1298,V4,22 APR 2013,157.0,lb,,
716-1298,V5,06 MAY 2013,158.0,lb,,
716-1298,V7,23 MAY 2013,159.5,lb,,
716-1298,V8,07 JUN 2013,160.0,lb,,
716-1308,ET,07 OCT 2013,129.0,lb,,
716-1308,V1,23 AUG 2013,126.0,lb,062.0,in
716-1308,V3,28 AUG 2013,129.0,lb,,
716-1308,V4,12 SEP 2013,126.0,lb,,
716-1308,V5,23 SEP 2013,129.0,lb,,
716-1311,ET,30 SEP 2014,172.0,lb,,
716-1311,V1,08 MAY 2014,178.0,lb,068.0,in
716-1311,V10,10 SEP 2014,170.5,lb,,
716-1311,V3,14 MAY 2014,178.0,lb,,
716-1311,V4,28 MAY 2014,181.0,lb,,
716-1311,V5,11 JUN 2014,177.0,lb,,
716-1311,V7,26 JUN 2014,171.5,lb,,
716-1311,V8,08 JUL 2014,174.0,lb,,
716-1311,V9,07 AUG 2014,168.5,lb,,
716-1364,V1,27 JUN 2013,121.0,lb,064.0,in
716-1364,V10,07 NOV 2013,112.0,lb,,
716-1364,V11,05 DEC 2013,114.0,lb,,
716-1364,V12,23 DEC 2013,114.0,lb,,
716-1364,V13,09 JAN 2014,114.0,lb,,
716-1364,V3,04 JUL 2013,119.0,lb,,
716-1364,V4,17 JUL 2013,119.0,lb,,
716-1364,V5,31 JUL 2013,118.5,lb,,
716-1364,V7,18 AUG 2013,118.5,lb,,
716-1364,V8,02 SEP 2013,120.0,lb,,
716-1364,V9,06 OCT 2013,117.0,lb,,
716-1373,ET,28 FEB 2013,160.0,lb,,
716-1373,V1,24 NOV 2012,151.0,lb,058.0,in
716-1373,V3,14 DEC 2012,153.0,lb,,
716-1373,V4,30 DEC 2012,156.0,lb,,
716-1373,V5,10 JAN 2013,159.0,lb,,
716-1373,V7,26 JAN 2013,158.0,lb,,
716-1373,V8,09 FEB 2013,160.0,lb,,
716-1418,V1,27 APR 2013,154.0,lb,065.0,in
716-1418,V10,05 SEP 2013,157.0,lb,,
716-1418,V11,05 OCT 2013,158.0,lb,,
716-1418,V12,06 NOV 2013,158.0,lb,,
716-1418,V13,20 NOV 2013,139.0,lb,,
716-1418,V3,05 MAY 2013,152.0,lb,,
716-1418,V4,19 MAY 2013,154.0,lb,,
716-1418,V5,05 JUN 2013,155.0,lb,,
716-1418,V7,22 JUN 2013,157.0,lb,,
716-1418,V8,11 JUL 2013,157.5,lb,,
716-1418,V9,03 AUG 2013,155.0,lb,,
716-1441,V1,13 JAN 2014,127.0,lb,057.0,in
716-1441,V10,19 MAY 2014,127.5,lb,,
716-1441,V11,05 JUN 2014,127.5,lb,,
716-1441,V12,08 JUL 2014,128.0,lb,,
716-1441,V13,22 JUL 2014,126.0,lb,,
716-1441,V3,22 JAN 2014,127.0,lb,,
716-1441,V4,06 FEB 2014,127.0,lb,,
716-1441,V5,18 FEB 2014,127.0,lb,,
716-1441,V7,05 MAR 2014,126.0,lb,,
716-1441,V8,19 MAR 2014,130.0,lb,,
716-1441,V9,18 APR 2014,129.0,lb,,
716-1447,V1,10 DEC 2013,119.0,lb,059.0,in
716-1447,V10,12 APR 2014,122.0,lb,,
716-1447,V11,09 MAY 2014,122.0,lb,,
716-1447,V12,07 JUN 2014,121.0,lb,,
716-1447,V13,17 JUN 2014,120.5,lb,,
716-1447,V3,16 DEC 2013,120.0,lb,,
716-1447,V4,31 DEC 2013,122.0,lb,,
716-1447,V5,11 JAN 2014,124.0,lb,,
716-1447,V7,27 JAN 2014,121.0,lb,,
716-1447,V8,10 FEB 2014,121.0,lb,,
716-1447,V9,14 MAR 2014,120.0,lb,,
717-1004,V1,01 JAN 2014,122.2,lb,053.5,in
717-1004,V10,06 MAY 2014,128.0,lb,,
717-1004,V11,03 JUN 2014,128.0,lb,,
717-1004,V12,01 JUL 2014,130.0,lb,,
717-1004,V13,16 JUL 2014,130.0,lb,,
717-1004,V3,14 JAN 2014,123.0,lb,,
717-1004,V4,28 JAN 2014,120.2,lb,,
717-1004,V5,09 FEB 2014,125.2,lb,,
717-1004,V7,25 FEB 2014,123.0,lb,,
717-1004,V8,11 MAR 2014,125.0,lb,,
717-1004,V9,08 APR 2014,126.0,lb,,
717-1109,V1,20 JAN 2014,172.0,lb,071.0,in
717-1109,V10,19 MAY 2014,171.0,lb,,
717-1109,V11,16 JUN 2014,171.0,lb,,
717-1109,V12,18 JUL 2014,171.5,lb,,
717-1109,V13,28 JUL 2014,179.5,lb,,
717-1109,V3,27 JAN 2014,098.0,lb,,
717-1109,V4,10 FEB 2014,174.0,lb,,
717-1109,V5,23 FEB 2014,173.0,lb,,
717-1109,V7,10 MAR 2014,175.0,lb,,
717-1109,V8,24 MAR 2014,171.0,lb,,
717-1109,V9,18 APR 2014,170.0,lb,,
717-1174,V1,16 JAN 2013,150.0,lb,066.0,in
717-1174,V10,18 MAY 2013,151.5,lb,,
717-1174,V11,12 JUN 2013,150.0,lb,,
717-1174,V12,07 JUL 2013,150.0,lb,,
717-1174,V13,24 JUL 2013,150.0,lb,,
717-1174,V3,22 JAN 2013,150.0,lb,,
717-1174,V4,04 FEB 2013,152.0,lb,,
717-1174,V5,18 FEB 2013,150.5,lb,,
717-1174,V7,04 MAR 2013,148.0,lb,,
717-1174,V8,19 MAR 2013,149.0,lb,,
717-1174,V9,15 APR 2013,151.5,lb,,
717-1201,ET,21 FEB 2014,150.0,lb,,
717-1201,V1,12 DEC 2013,150.0,lb,063.0,in
717-1201,V3,19 DEC 2013,150.0,lb,,
717-1201,V4,03 JAN 2014,152.0,lb,,
717-1201,V5,17 JAN 2014,152.0,lb,,
717-1201,V7,30 JAN 2014,152.0,lb,,
717-1344,ET,14 MAR 2014,127.4,lb,,
717-1344,V1,01 JAN 2014,128.0,lb,163.5,cm
717-1344,V3,11 JAN 2014,128.0,lb,,
717-1344,V4,24 JAN 2014,130.0,lb,,
717-1344,V5,07 FEB 2014,127.8,lb,,
717-1344,V7,19 FEB 2014,130.0,lb,,
717-1357,ET,20 OCT 2013,189.0,lb,,
717-1357,V1,21 APR 2013,178.0,lb,071.5,in
717-1357,V10,21 AUG 2013,184.0,lb,,
717-1357,V11,18 SEP 2013,191.0,lb,,
717-1357,V3,01 MAY 2013,179.2,lb,,
717-1357,V4,15 MAY 2013,179.0,lb,,
717-1357,V5,29 MAY 2013,183.0,lb,,
717-1357,V7,13 JUN 2013,187.0,lb,,
717-1357,V8,19 JUN 2013,184.0,lb,,
717-1357,V9,24 JUL 2013,182.0,lb,,
717-1446,V1,20 AUG 2013,102.0,lb,061.5,in
717-1446,V10,29 DEC 2013,101.0,lb,,
717-1446,V11,19 JAN 2014,101.5,lb,,
717-1446,V12,16 FEB 2014,100.4,lb,,
717-1446,V13,04 MAR 2014,104.0,lb,,
717-1446,V3,01 SEP 2013,104.0,lb,,
717-1446,V4,16 SEP 2013,106.0,lb,,
717-1446,V5,06 OCT 2013,104.5,lb,,
717-1446,V7,16 OCT 2013,104.0,lb,,
717-1446,V8,30 OCT 2013,102.0,lb,,
717-1446,V9,24 NOV 2013,101.5,lb,,
718-1066,ET,30 JUL 2013,111.0,lb,,
718-1066,V1,28 JUN 2013,112.0,lb,062.5,in
718-1066,V3,07 JUL 2013,111.0,lb,,
718-1079,ET,06 NOV 2012,112.0,lb,,
718-1079,V1,11 SEP 2012,110.0,lb,062.5,in
718-1079,V3,19 SEP 2012,111.0,lb,,
718-1079,V4,03 OCT 2012,111.0,lb,,
718-1079,V5,15 OCT 2012,113.0,lb,,
718-1101,ET,02 AUG 2013,176.0,lb,,
718-1101,V1,01 FEB 2013,180.0,lb,073.3,in
718-1101,V10,14 JUN 2013,182.0,lb,,
718-1101,V11,06 JUL 2013,178.2,lb,,
718-1101,V3,17 FEB 2013,177.0,lb,,
718-1101,V4,03 MAR 2013,179.0,lb,,
718-1101,V5,14 MAR 2013,183.0,lb,,
718-1101,V7,30 MAR 2013,181.0,lb,,
718-1101,V8,13 APR 2013,185.0,lb,,
718-1101,V9,12 MAY 2013,183.5,lb,,
718-1139,V1,03 MAY 2013,147.0,lb,067.5,in
718-1139,V10,08 SEP 2013,144.0,lb,,
718-1139,V11,06 OCT 2013,147.0,lb,,
718-1139,V12,03 NOV 2013,143.0,lb,,
718-1139,V13,17 NOV 2013,144.0,lb,,
718-1139,V3,19 MAY 2013,145.0,lb,,
718-1139,V4,02 JUN 2013,149.0,lb,,
718-1139,V5,15 JUN 2013,145.0,lb,,
718-1139,V7,30 JUN 2013,146.0,lb,,
718-1139,V8,14 JUL 2013,145.2,lb,,
718-1139,V9,15 AUG 2013,144.2,lb,,
718-1150,V1,12 JAN 2013,121.0,lb,061.5,in
718-1150,V10,10 MAY 2013,120.0,lb,,
718-1150,V11,07 JUN 2013,121.0,lb,,
718-1150,V12,07 JUL 2013,120.8,lb,,
718-1150,V13,31 JUL 2013,123.0,lb,,
718-1150,V3,19 JAN 2013,121.0,lb,,
718-1150,V5,16 FEB 2013,120.0,lb,,
718-1150,V8,17 MAR 2013,116.0,lb,,
718-1150,V9,12 APR 2013,121.0,lb,,
718-1170,ET,03 NOV 2013,126.0,lb,,
718-1170,V1,25 AUG 2013,125.0,lb,64.0,in
718-1170,V3,16 SEP 2013,127.0,lb,,
718-1170,V4,29 SEP 2013,130.0,lb,,
718-1172,ET,29 NOV 2013,149.0,lb,,
718-1172,V1,15 SEP 2013,147.0,lb,068.5,in
718-1172,V3,21 SEP 2013,146.0,lb,,
718-1172,V4,05 OCT 2013,147.0,lb,,
718-1172,V5,17 OCT 2013,147.0,lb,,
718-1172,V7,02 NOV 2013,149.8,lb,,
718-1172,V8,16 NOV 2013,147.0,lb,,
718-1250,ET,08 FEB 2014,126.0,lb,,
718-1250,V1,21 AUG 2013,125.0,lb,062.0,in
718-1250,V10,11 JAN 2014,127.0,lb,,
718-1250,V3,21 SEP 2013,129.0,lb,,
718-1250,V4,03 OCT 2013,129.0,lb,,
718-1250,V5,17 OCT 2013,126.8,lb,,
718-1250,V7,02 NOV 2013,128.0,lb,,
718-1250,V8,16 NOV 2013,128.0,lb,,
718-1250,V9,14 DEC 2013,125.0,lb,,
718-1254,V1,28 JUN 2013,181.0,lb,067.0,in
718-1254,V10,31 OCT 2013,184.0,lb,,
718-1254,V11,26 NOV 2013,178.0,lb,,
718-1254,V12,26 DEC 2013,186.0,lb,,
718-1254,V13,09 JAN 2014,188.0,lb,,
718-1254,V3,10 JUL 2013,181.0,lb,,
718-1254,V4,25 JUL 2013,182.5,lb,,
718-1254,V5,06 AUG 2013,181.5,lb,,
718-1254,V7,20 AUG 2013,183.3,lb,,
718-1254,V8,05 SEP 2013,184.0,lb,,
718-1254,V9,03 OCT 2013,183.0,lb,,
718-1328,ET,01 MAY 2013,139.0,lb,,
718-1328,V1,28 JAN 2013,140.0,lb,067.0,in
718-1328,V3,01 FEB 2013,140.0,lb,,
718-1328,V4,14 FEB 2013,143.2,lb,,
718-1328,V5,07 MAR 2013,147.0,lb,,
718-1328,V7,20 MAR 2013,140.0,lb,,
718-1328,V8,04 APR 2013,140.0,lb,,
718-1355,V1,12 FEB 2013,129.0,lb,066.0,in
718-1355,V10,20 JUN 2013,136.0,lb,,
718-1355,V11,18 JUL 2013,137.0,lb,,
718-1355,V12,15 AUG 2013,142.0,lb,,
718-1355,V13,29 AUG 2013,138.2,lb,,
718-1355,V3,28 FEB 2013,129.0,lb,,
718-1355,V4,16 MAR 2013,130.0,lb,,
718-1355,V5,28 MAR 2013,134.0,lb,,
718-1355,V7,13 APR 2013,132.5,lb,,
718-1355,V8,25 APR 2013,132.0,lb,,
718-1355,V9,23 MAY 2013,132.0,lb,,
718-1371,ET,08 AUG 2013,144.0,lb,,
718-1371,V1,11 APR 2013,142.0,lb,61.0,in
718-1371,V3,26 APR 2013,147.0,lb,,
718-1371,V4,08 MAY 2013,147.0,lb,,
718-1371,V5,24 MAY 2013,148.0,lb,,
718-1371,V7,20 JUN 2013,145.0,lb,,
718-1371,V8,04 JUL 2013,147.0,lb,,
718-1427,ET,18 FEB 2013,111.5,lb,,
718-1427,V1,13 DEC 2012,111.3,lb,062.5,in
718-1427,V3,17 DEC 2012,114.0,lb,,
718-1427,V4,31 DEC 2012,111.1,lb,,
718-1427,V5,17 JAN 2013,112.5,lb,,
718-1427,V7,28 JAN 2013,111.8,lb,,
