LABEL,C1,C2,C3,C4,ROW
Age (y),,,,,1
n,86,84,84,254,2
Mean,75.2,75.7,74.4,75.1,3
SD,8.59,8.29,7.89,8.25,4
Median,76.0,77.5,76.0,77.0,5
Min,52.0,51.0,56.0,51.0,6
Max,89.0,88.0,88.0,89.0,7
<65,14 (16%),8 (10%),11 (13%),33 (13%),8
65-80,42 (49%),47 (56%),55 (65%),144 (57%),9
>80,30 (35%),29 (35%),18 (21%),77 (30%),10
Sex,,,,,11
Male,33 (38%),34 (40%),44 (52%),111 (44%),12
Female,53 (62%),50 (60%),40 (48%),143 (56%),13
Race,,,,,14
WHITE,78 (91%),78 (93%),74 (88%),230 (91%),15
BLACK OR AFRICAN AMERICAN,8 (9%),6 (7%),9 (11%),23 (9%),16
ASIAN,0,0,0,0,17
OTHER,0,0,1 (1%),1 (0%),18
Ethnicity,,,,,19
HISPANIC OR LATINO,3 (3%),6 (7%),3 (4%),12 (5%),20
NOT HISPANIC OR LATINO,83 (97%),78 (93%),81 (96%),242 (95%),21
MMSE Total Score,,,,,22
n,86,84,84,254,23
Mean,18.0,17.9,18.5,18.1,24
SD,4.27,4.22,4.16,4.21,25
Median,19.5,18.0,20.0,19.0,26
Min,10.0,10.0,10.0,10.0,27
Max,23.0,24.0,24.0,24.0,28
Duration of Disease (Months),,,,,29
n,86,84,84,254,30
Mean,42.7,48.7,40.6,44.0,31
SD,30.24,29.58,24.73,28.40,32
Median,35.3,40.3,35.9,36.3,33
Min,7.2,7.8,2.2,2.2,34
Max,183.1,130.8,135.0,183.1,35
<12,6 (7%),3 (4%),4 (5%),13 (5%),36
>=12,80 (93%),81 (96%),80 (95%),241 (95%),37
Years of Education,,,,,38
n,86,84,84,254,39
Mean,12.6,13.2,12.5,12.8,40
SD,2.95,4.15,2.92,3.38,41
Median,12.0,12.0,12.0,12.0,42
Min,6.0,3.0,6.0,3.0,43
Max,21.0,24.0,20.0,24.0,44
Baseline Weight (kg),,,,,45
n,86,83,84,253,46
Mean,62.8,67.3,70.0,66.6,47
SD,12.77,14.12,14.65,14.13,48
Median,60.6,64.9,69.2,66.7,49
Min,34.0,45.4,41.7,34.0,50
Max,86.2,106.1,108.0,108.0,51
Baseline Height (cm),,,,,52
n,86,84,84,254,53
Mean,162.6,163.4,165.8,163.9,54
SD,11.52,10.42,10.13,10.76,55
Median,162.6,162.6,165.1,162.8,56
Min,137.2,135.9,146.1,135.9,57
Max,185.4,195.6,190.5,195.6,58
Baseline BMI (kg/m2),,,,,59
n,86,83,84,253,60
Mean,23.6,25.1,25.3,24.7,61
SD,3.67,4.27,4.16,4.09,62
Median,23.4,24.3,24.8,24.2,63
Min,15.1,17.7,13.7,13.7,64
Max,33.3,40.2,34.6,40.2,65
<25,60 (70%),46 (55%),44 (52%),150 (59%),66
25-<30,20 (23%),27 (32%),28 (33%),75 (30%),67
>=30,6 (7%),10 (12%),12 (14%),28 (11%),68
