LABEL,C1,C2,C3,ROW
ANY TEAE,65 (75.6%),77 (91.7%),76 (90.5%),1
Mild,36 (41.9%),19 (22.6%),22 (26.2%),2
Moderate,24 (27.9%),42 (50.0%),46 (54.8%),3
Severe,5 (5.8%),16 (19.0%),8 (9.5%),4
CARDIAC DISORDERS,12 (14.0%),13 (15.5%),15 (17.9%),5
Mild,8 (9.3%),8 (9.5%),9 (10.7%),6
Moderate,2 (2.3%),5 (6.0%),5 (6.0%),7
Severe,2 (2.3%),0,1 (1.2%),8
"CONGENITAL, FAMILIAL AND GENETIC DISORDERS",0,1 (1.2%),2 (2.4%),9
Mild,0,0,2 (2.4%),10
Moderate,0,1 (1.2%),0,11
Severe,0,0,0,12
EAR AND LABYRINTH DISORDERS,1 (1.2%),2 (2.4%),1 (1.2%),13
Mild,1 (1.2%),1 (1.2%),0,14
Moderate,0,1 (1.2%),1 (1.2%),15
Severe,0,0,0,16
EYE DISORDERS,2 (2.3%),2 (2.4%),1 (1.2%),17
Mild,1 (1.2%),1 (1.2%),0,18
Moderate,1 (1.2%),1 (1.2%),1 (1.2%),19
Severe,0,0,0,20
GASTROINTESTINAL DISORDERS,17 (19.8%),14 (16.7%),20 (23.8%),21
Mild,15 (17.4%),10 (11.9%),14 (16.7%),22
Moderate,2 (2.3%),4 (4.8%),4 (4.8%),23
Severe,0,0,2 (2.4%),24
GENERAL DISORDERS AND ADMINISTRATION SITE CONDITIONS,21 (24.4%),47 (56.0%),40 (47.6%),25
Mild,16 (18.6%),19 (22.6%),19 (22.6%),26
Moderate,5 (5.8%),21 (25.0%),21 (25.0%),27
Severe,0,7 (8.3%),0,28
HEPATOBILIARY DISORDERS,1 (1.2%),0,0,29
Mild,0,0,0,30
Moderate,1 (1.2%),0,0,31
Severe,0,0,0,32
IMMUNE SYSTEM DISORDERS,0,1 (1.2%),0,33
Mild,0,1 (1.2%),0,34
Moderate,0,0,0,35
Severe,0,0,0,36
INFECTIONS AND INFESTATIONS,16 (18.6%),9 (10.7%),13 (15.5%),37
Mild,11 (12.8%),6 (7.1%),10 (11.9%),38
Moderate,5 (5.8%),2 (2.4%),3 (3.6%),39
Severe,0,1 (1.2%),0,40
"INJURY, POISONING AND PROCEDURAL COMPLICATIONS",4 (4.7%),5 (6.0%),5 (6.0%),41
Mild,3 (3.5%),1 (1.2%),1 (1.2%),42
Moderate,0,4 (4.8%),3 (3.6%),43
Severe,1 (1.2%),0,1 (1.2%),44
INVESTIGATIONS,10 (11.6%),6 (7.1%),6 (7.1%),45
Mild,8 (9.3%),6 (7.1%),4 (4.8%),46
Moderate,2 (2.3%),0,2 (2.4%),47
Severe,0,0,0,48
METABOLISM AND NUTRITION DISORDERS,6 (7.0%),1 (1.2%),2 (2.4%),49
Mild,4 (4.7%),0,1 (1.2%),50
Moderate,2 (2.3%),1 (1.2%),1 (1.2%),51
Severe,0,0,0,52
MUSCULOSKELETAL AND CONNECTIVE TISSUE DISORDERS,4 (4.7%),7 (8.3%),7 (8.3%),53
Mild,3 (3.5%),2 (2.4%),3 (3.6%),54
Moderate,1 (1.2%),4 (4.8%),4 (4.8%),55
Severe,0,1 (1.2%),0,56
"NEOPLASMS BENIGN, MALIGNANT AND UNSPECIFIED (INCL CYSTS AND POLYPS)",0,2 (2.4%),1 (1.2%),57
Mild,0,1 (1.2%),0,58
Moderate,0,0,0,59
Severe,0,1 (1.2%),1 (1.2%),60
NERVOUS SYSTEM DISORDERS,8 (9.3%),20 (23.8%),25 (29.8%),61
Mild,6 (7.0%),10 (11.9%),13 (15.5%),62
Moderate,2 (2.3%),7 (8.3%),8 (9.5%),63
Severe,0,3 (3.6%),4 (4.8%),64
PSYCHIATRIC DISORDERS,10 (11.6%),10 (11.9%),8 (9.5%),65
Mild,7 (8.1%),3 (3.6%),4 (4.8%),66
Moderate,2 (2.3%),6 (7.1%),4 (4.8%),67
Severe,1 (1.2%),1 (1.2%),0,68
RENAL AND URINARY DISORDERS,4 (4.7%),3 (3.6%),3 (3.6%),69
Mild,3 (3.5%),3 (3.6%),1 (1.2%),70
Moderate,1 (1.2%),0,2 (2.4%),71
Severe,0,0,0,72
REPRODUCTIVE SYSTEM AND BREAST DISORDERS,2 (2.3%),0,1 (1.2%),73
Mild,1 (1.2%),0,0,74
Moderate,0,0,1 (1.2%),75
Severe,1 (1.2%),0,0,76
"RESPIRATORY, THORACIC AND MEDIASTINAL DISORDERS",8 (9.3%),9 (10.7%),10 (11.9%),77
Mild,7 (8.1%),6 (7.1%),8 (9.5%),78
Moderate,1 (1.2%),3 (3.6%),2 (2.4%),79
Severe,0,0,0,80
SKIN AND SUBCUTANEOUS TISSUE DISORDERS,20 (23.3%),39 (46.4%),40 (47.6%),81
Mild,12 (14.0%),12 (14.3%),24 (28.6%),82
Moderate,8 (9.3%),23 (27.4%),15 (17.9%),83
Severe,0,4 (4.8%),1 (1.2%),84
SOCIAL CIRCUMSTANCES,0,0,1 (1.2%),85
Mild,0,0,1 (1.2%),86
Moderate,0,0,0,87
Severe,0,0,0,88
SURGICAL AND MEDICAL PROCEDURES,2 (2.3%),1 (1.2%),2 (2.4%),89
Mild,1 (1.2%),1 (1.2%),2 (2.4%),90
Moderate,1 (1.2%),0,0,91
Severe,0,0,0,92
VASCULAR DISORDERS,3 (3.5%),3 (3.6%),1 (1.2%),93
Mild,1 (1.2%),3 (3.6%),0,94
Moderate,2 (2.3%),0,1 (1.2%),95
Severe,0,0,0,96
