ROW,LABEL,C1,C2,C3,C4,C5
1,ANY BODY SYSTEM,65 (75.6%) [281],77 (91.7%) [411],76 (90.5%) [433],0.007,0.014
2,CARDIAC DISORDERS,12 (14.0%) [26],13 (15.5%) [30],15 (17.9%) [30],0.831,0.534
3,SINUS BRADYCARDIA,2 (2.3%) [2],7 (8.3%) [10],8 (9.5%) [12],0.097,0.056
4,MYOCARDIAL INFARCTION,4 (4.7%) [4],2 (2.4%) [4],4 (4.8%) [8],0.682,>0.99
5,ATRIAL FIBRILLATION,1 (1.2%) [1],1 (1.2%) [1],3 (3.6%) [5],>0.99,0.365
6,SUPRAVENTRICULAR EXTRASYSTOLES,1 (1.2%) [2],1 (1.2%) [2],1 (1.2%) [1],>0.99,>0.99
7,VENTRICULAR EXTRASYSTOLES,0,2 (2.4%) [4],1 (1.2%) [1],0.243,0.494
8,ATRIAL FLUTTER,0,1 (1.2%) [1],1 (1.2%) [2],0.494,0.494
9,ATRIOVENTRICULAR BLOCK FIRST DEGREE,1 (1.2%) [1],1 (1.2%) [1],0,>0.99,>0.99
10,BUNDLE BRANCH BLOCK RIGHT,1 (1.2%) [2],1 (1.2%) [1],0,>0.99,>0.99
11,PALPITATIONS,0,2 (2.4%) [2],0,0.243,>0.99
12,ATRIAL HYPERTROPHY,1 (1.2%) [2],0,0,>0.99,>0.99
13,ATRIOVENTRICULAR BLOCK SECOND DEGREE,1 (1.2%) [1],0,0,>0.99,>0.99
14,BRADYCARDIA,1 (1.2%) [4],0,0,>0.99,>0.99
15,BUNDLE BRANCH BLOCK LEFT,1 (1.2%) [1],0,0,>0.99,>0.99
16,CARDIAC DISORDER,0,0,1 (1.2%) [1],>0.99,0.494
17,CARDIAC FAILURE CONGESTIVE,1 (1.2%) [1],0,0,>0.99,>0.99
18,SINUS ARRHYTHMIA,1 (1.2%) [2],0,0,>0.99,>0.99
19,SUPRAVENTRICULAR TACHYCARDIA,0,1 (1.2%) [2],0,0.494,>0.99
20,TACHYCARDIA,1 (1.2%) [2],0,0,>0.99,>0.99
21,VENTRICULAR HYPERTROPHY,1 (1.2%) [1],0,0,>0.99,>0.99
22,WOLFF-PARKINSON-WHITE SYNDROME,0,1 (1.2%) [2],0,0.494,>0.99
23,"CONGENITAL, FAMILIAL AND GENETIC DISORDERS",0,1 (1.2%) [1],2 (2.4%) [2],0.494,0.243
24,VENTRICULAR SEPTAL DEFECT,0,1 (1.2%) [1],2 (2.4%) [2],0.494,0.243
25,EAR AND LABYRINTH DISORDERS,1 (1.2%) [2],2 (2.4%) [2],1 (1.2%) [1],0.618,>0.99
26,VERTIGO,0,1 (1.2%) [1],1 (1.2%) [1],0.494,0.494
27,CERUMEN IMPACTION,0,1 (1.2%) [1],0,0.494,>0.99
28,EAR PAIN,1 (1.2%) [2],0,0,>0.99,>0.99
29,EYE DISORDERS,2 (2.3%) [5],2 (2.4%) [2],1 (1.2%) [2],>0.99,>0.99
30,VISION BLURRED,0,1 (1.2%) [1],1 (1.2%) [2],0.494,0.494
31,CONJUNCTIVAL HAEMORRHAGE,0,1 (1.2%) [1],0,0.494,>0.99
32,CONJUNCTIVITIS,1 (1.2%) [2],0,0,>0.99,>0.99
33,EYE ALLERGY,1 (1.2%) [1],0,0,>0.99,>0.99
34,EYE PRURITUS,1 (1.2%) [1],0,0,>0.99,>0.99
35,EYE SWELLING,1 (1.2%) [1],0,0,>0.99,>0.99
36,GASTROINTESTINAL DISORDERS,17 (19.8%) [26],14 (16.7%) [21],20 (23.8%) [36],0.692,0.580
37,DIARRHOEA,9 (10.5%) [10],4 (4.8%) [5],4 (4.8%) [4],0.248,0.248
38,VOMITING,3 (3.5%) [3],3 (3.6%) [4],7 (8.3%) [9],>0.99,0.208
39,NAUSEA,3 (3.5%) [3],3 (3.6%) [5],6 (7.1%) [13],>0.99,0.326
40,ABDOMINAL PAIN,1 (1.2%) [1],3 (3.6%) [3],1 (1.2%) [2],0.365,>0.99
41,SALIVARY HYPERSECRETION,0,0,4 (4.8%) [5],>0.99,0.057
42,DYSPEPSIA,1 (1.2%) [2],1 (1.2%) [1],0,>0.99,>0.99
43,ABDOMINAL DISCOMFORT,0,0,1 (1.2%) [1],>0.99,0.494
44,CONSTIPATION,1 (1.2%) [1],0,0,>0.99,>0.99
45,DYSPHAGIA,0,1 (1.2%) [1],0,0.494,>0.99
46,FLATULENCE,1 (1.2%) [2],0,0,>0.99,>0.99
47,GASTROINTESTINAL HAEMORRHAGE,0,0,1 (1.2%) [1],>0.99,0.494
48,GASTROOESOPHAGEAL REFLUX DISEASE,1 (1.2%) [1],0,0,>0.99,>0.99
49,GLOSSITIS,1 (1.2%) [1],0,0,>0.99,>0.99
50,HIATUS HERNIA,1 (1.2%) [2],0,0,>0.99,>0.99
51,RECTAL HAEMORRHAGE,0,1 (1.2%) [2],0,0.494,>0.99
52,STOMACH DISCOMFORT,0,0,1 (1.2%) [1],>0.99,0.494
53,GENERAL DISORDERS AND ADMINISTRATION SITE CONDITIONS,21 (24.4%) [46],47 (56.0%) [118],40 (47.6%) [124],<0.001,0.002
54,APPLICATION SITE PRURITUS,6 (7.0%) [10],22 (26.2%) [32],22 (26.2%) [35],<0.001,<0.001
55,APPLICATION SITE ERYTHEMA,3 (3.5%) [3],12 (14.3%) [20],15 (17.9%) [23],0.015,0.002
56,APPLICATION SITE DERMATITIS,5 (5.8%) [9],9 (10.7%) [15],7 (8.3%) [12],0.277,0.563
57,APPLICATION SITE IRRITATION,3 (3.5%) [7],9 (10.7%) [18],9 (10.7%) [16],0.078,0.078
58,APPLICATION SITE VESICLES,1 (1.2%) [2],4 (4.8%) [5],6 (7.1%) [6],0.208,0.062
59,FATIGUE,1 (1.2%) [2],5 (6.0%) [5],5 (6.0%) [5],0.115,0.115
60,OEDEMA PERIPHERAL,2 (2.3%) [3],1 (1.2%) [1],2 (2.4%) [3],>0.99,>0.99
61,APPLICATION SITE SWELLING,0,1 (1.2%) [1],2 (2.4%) [3],0.494,0.243
62,APPLICATION SITE URTICARIA,0,2 (2.4%) [2],1 (1.2%) [1],0.243,0.494
63,CHILLS,1 (1.2%) [3],1 (1.2%) [2],1 (1.2%) [1],>0.99,>0.99
64,MALAISE,0,1 (1.2%) [2],2 (2.4%) [3],0.494,0.243
65,PYREXIA,2 (2.3%) [2],0,1 (1.2%) [1],0.497,>0.99
66,APPLICATION SITE PAIN,0,0,2 (2.4%) [2],>0.99,0.243
67,APPLICATION SITE PERSPIRATION,0,0,2 (2.4%) [3],>0.99,0.243
68,APPLICATION SITE REACTION,1 (1.2%) [2],0,1 (1.2%) [1],>0.99,>0.99
69,ASTHENIA,1 (1.2%) [2],0,1 (1.2%) [1],>0.99,>0.99
70,CHEST DISCOMFORT,0,0,2 (2.4%) [2],>0.99,0.243
71,CHEST PAIN,0,0,2 (2.4%) [2],>0.99,0.243
72,OEDEMA,0,2 (2.4%) [2],0,0.243,>0.99
73,PAIN,0,1 (1.2%) [2],1 (1.2%) [1],0.494,0.494
74,APPLICATION SITE BLEEDING,0,1 (1.2%) [1],0,0.494,>0.99
75,APPLICATION SITE DESQUAMATION,0,1 (1.2%) [1],0,0.494,>0.99
76,APPLICATION SITE DISCHARGE,0,0,1 (1.2%) [1],>0.99,0.494
77,APPLICATION SITE DISCOLOURATION,0,1 (1.2%) [1],0,0.494,>0.99
78,APPLICATION SITE INDURATION,1 (1.2%) [1],0,0,>0.99,>0.99
79,APPLICATION SITE WARMTH,0,1 (1.2%) [2],0,0.494,>0.99
80,FEELING ABNORMAL,0,0,1 (1.2%) [1],>0.99,0.494
81,FEELING COLD,0,0,1 (1.2%) [1],>0.99,0.494
82,INFLAMMATION,0,1 (1.2%) [1],0,0.494,>0.99
83,SECRETION DISCHARGE,0,1 (1.2%) [2],0,0.494,>0.99
84,SUDDEN DEATH,0,1 (1.2%) [1],0,0.494,>0.99
85,SWELLING,0,1 (1.2%) [1],0,0.494,>0.99
86,ULCER,0,1 (1.2%) [1],0,0.494,>0.99
87,HEPATOBILIARY DISORDERS,1 (1.2%) [1],0,0,>0.99,>0.99
88,HYPERBILIRUBINAEMIA,1 (1.2%) [1],0,0,>0.99,>0.99
89,IMMUNE SYSTEM DISORDERS,0,1 (1.2%) [2],0,0.494,>0.99
90,HYPERSENSITIVITY,0,1 (1.2%) [2],0,0.494,>0.99
91,INFECTIONS AND INFESTATIONS,16 (18.6%) [35],9 (10.7%) [16],13 (15.5%) [20],0.194,0.685
92,NASOPHARYNGITIS,2 (2.3%) [4],4 (4.8%) [9],6 (7.1%) [8],0.441,0.166
93,UPPER RESPIRATORY TRACT INFECTION,6 (7.0%) [12],1 (1.2%) [2],3 (3.6%) [5],0.117,0.496
94,INFLUENZA,1 (1.2%) [2],1 (1.2%) [1],1 (1.2%) [1],>0.99,>0.99
95,URINARY TRACT INFECTION,2 (2.3%) [4],0,1 (1.2%) [1],0.497,>0.99
96,CYSTITIS,1 (1.2%) [1],0,1 (1.2%) [1],>0.99,>0.99
97,EAR INFECTION,2 (2.3%) [4],0,0,0.497,0.497
98,BRONCHITIS,1 (1.2%) [1],0,0,>0.99,>0.99
99,CELLULITIS,0,1 (1.2%) [1],0,0.494,>0.99
100,CERVICITIS,1 (1.2%) [2],0,0,>0.99,>0.99
101,GASTROENTERITIS VIRAL,1 (1.2%) [1],0,0,>0.99,>0.99
102,HORDEOLUM,0,0,1 (1.2%) [1],>0.99,0.494
103,LOCALISED INFECTION,1 (1.2%) [2],0,0,>0.99,>0.99
104,LOWER RESPIRATORY TRACT INFECTION,0,0,1 (1.2%) [2],>0.99,0.494
105,PNEUMONIA,0,1 (1.2%) [2],0,0.494,>0.99
106,RHINITIS,0,0,1 (1.2%) [1],>0.99,0.494
107,VAGINAL MYCOSIS,1 (1.2%) [2],0,0,>0.99,>0.99
108,VIRAL INFECTION,0,1 (1.2%) [1],0,0.494,>0.99
109,"INJURY, POISONING AND PROCEDURAL COMPLICATIONS",4 (4.7%) [9],5 (6.0%) [12],5 (6.0%) [8],0.745,0.745
110,CONTUSION,1 (1.2%) [1],1 (1.2%) [3],2 (2.4%) [3],>0.99,0.618
111,EXCORIATION,2 (2.3%) [3],1 (1.2%) [2],1 (1.2%) [1],>0.99,>0.99
112,FALL,1 (1.2%) [2],2 (2.4%) [2],1 (1.2%) [1],0.618,>0.99
113,HIP FRACTURE,1 (1.2%) [2],0,2 (2.4%) [2],>0.99,0.618
114,SKIN LACERATION,1 (1.2%) [1],2 (2.4%) [2],0,0.618,>0.99
115,FACIAL BONES FRACTURE,0,0,1 (1.2%) [1],>0.99,0.494
116,JOINT DISLOCATION,0,1 (1.2%) [1],0,0.494,>0.99
117,WOUND,0,1 (1.2%) [2],0,0.494,>0.99
118,INVESTIGATIONS,10 (11.6%) [19],6 (7.1%) [7],6 (7.1%) [8],0.432,0.432
119,ELECTROCARDIOGRAM ST SEGMENT DEPRESSION,4 (4.7%) [4],1 (1.2%) [2],0,0.368,0.121
120,ELECTROCARDIOGRAM T WAVE INVERSION,2 (2.3%) [3],1 (1.2%) [1],1 (1.2%) [1],>0.99,>0.99
121,BLOOD GLUCOSE INCREASED,0,1 (1.2%) [1],1 (1.2%) [2],0.494,0.494
122,ELECTROCARDIOGRAM T WAVE AMPLITUDE DECREASED,1 (1.2%) [1],1 (1.2%) [1],0,>0.99,>0.99
123,BIOPSY,0,0,1 (1.2%) [1],>0.99,0.494
124,BIOPSY PROSTATE,0,0,1 (1.2%) [1],>0.99,0.494
125,BLOOD ALKALINE PHOSPHATASE INCREASED,1 (1.2%) [1],0,0,>0.99,>0.99
126,BLOOD CHOLESTEROL INCREASED,0,0,1 (1.2%) [1],>0.99,0.494
127,BLOOD CREATINE PHOSPHOKINASE INCREASED,1 (1.2%) [2],0,0,>0.99,>0.99
128,BLOOD URINE PRESENT,1 (1.2%) [1],0,0,>0.99,>0.99
129,BODY TEMPERATURE INCREASED,0,1 (1.2%) [1],0,0.494,>0.99
130,CYSTOSCOPY,1 (1.2%) [1],0,0,>0.99,>0.99
131,HEART RATE INCREASED,1 (1.2%) [2],0,0,>0.99,>0.99
132,HEART RATE IRREGULAR,1 (1.2%) [4],0,0,>0.99,>0.99
133,NASAL MUCOSA BIOPSY,0,1 (1.2%) [1],0,0.494,>0.99
134,WEIGHT DECREASED,0,0,1 (1.2%) [2],>0.99,0.494
135,METABOLISM AND NUTRITION DISORDERS,6 (7.0%) [8],1 (1.2%) [1],2 (2.4%) [4],0.117,0.278
136,DECREASED APPETITE,1 (1.2%) [2],0,1 (1.2%) [2],>0.99,>0.99
137,FOOD CRAVING,1 (1.2%) [1],1 (1.2%) [1],0,>0.99,>0.99
138,INCREASED APPETITE,1 (1.2%) [2],0,1 (1.2%) [2],>0.99,>0.99
139,DEHYDRATION,1 (1.2%) [1],0,0,>0.99,>0.99
140,DIABETES MELLITUS,1 (1.2%) [1],0,0,>0.99,>0.99
141,HYPONATRAEMIA,1 (1.2%) [1],0,0,>0.99,>0.99
142,MUSCULOSKELETAL AND CONNECTIVE TISSUE DISORDERS,4 (4.7%) [6],7 (8.3%) [10],7 (8.3%) [10],0.367,0.367
143,BACK PAIN,1 (1.2%) [2],1 (1.2%) [1],3 (3.6%) [4],>0.99,0.365
144,ARTHRALGIA,1 (1.2%) [1],2 (2.4%) [4],1 (1.2%) [1],0.618,>0.99
145,SHOULDER PAIN,1 (1.2%) [2],2 (2.4%) [2],0,0.618,>0.99
146,MUSCLE SPASMS,0,1 (1.2%) [1],1 (1.2%) [2],0.494,0.494
147,ARTHRITIS,0,0,1 (1.2%) [1],>0.99,0.494
148,FLANK PAIN,0,0,1 (1.2%) [1],>0.99,0.494
149,MUSCULAR WEAKNESS,0,1 (1.2%) [2],0,0.494,>0.99
150,MYALGIA,0,0,1 (1.2%) [1],>0.99,0.494
151,PAIN IN EXTREMITY,1 (1.2%) [1],0,0,>0.99,>0.99
152,"NEOPLASMS BENIGN, MALIGNANT AND UNSPECIFIED (INCL CYSTS AND POLYPS)",0,2 (2.4%) [3],1 (1.2%) [1],0.243,0.494
153,COLON CANCER,0,1 (1.2%) [1],0,0.494,>0.99
154,MALIGNANT FIBROUS HISTIOCYTOMA,0,1 (1.2%) [2],0,0.494,>0.99
155,PROSTATE CANCER,0,0,1 (1.2%) [1],>0.99,0.494
156,NERVOUS SYSTEM DISORDERS,8 (9.3%) [11],20 (23.8%) [40],25 (29.8%) [41],0.013,<0.001
157,DIZZINESS,2 (2.3%) [3],8 (9.5%) [13],11 (13.1%) [15],0.056,0.009
158,HEADACHE,3 (3.5%) [3],3 (3.6%) [4],5 (6.0%) [8],>0.99,0.493
159,SYNCOPE,0,4 (4.8%) [6],3 (3.6%) [4],0.057,0.118
160,SOMNOLENCE,2 (2.3%) [3],3 (3.6%) [5],1 (1.2%) [1],0.680,>0.99
161,TRANSIENT ISCHAEMIC ATTACK,0,2 (2.4%) [3],1 (1.2%) [1],0.243,0.494
162,BURNING SENSATION,0,0,2 (2.4%) [2],>0.99,0.243
163,LETHARGY,0,1 (1.2%) [1],1 (1.2%) [1],0.494,0.494
164,AMNESIA,0,0,1 (1.2%) [2],>0.99,0.494
165,BALANCE DISORDER,0,1 (1.2%) [3],0,0.494,>0.99
166,COGNITIVE DISORDER,0,0,1 (1.2%) [1],>0.99,0.494
167,COMPLEX PARTIAL SEIZURES,0,1 (1.2%) [1],0,0.494,>0.99
168,COORDINATION ABNORMAL,0,1 (1.2%) [1],0,0.494,>0.99
169,HEMIANOPIA HOMONYMOUS,0,1 (1.2%) [1],0,0.494,>0.99
170,HYPERSOMNIA,0,0,1 (1.2%) [1],>0.99,0.494
171,PARAESTHESIA,0,0,1 (1.2%) [1],>0.99,0.494
172,PARAESTHESIA ORAL,0,1 (1.2%) [1],0,0.494,>0.99
173,PARKINSON'S DISEASE,1 (1.2%) [1],0,0,>0.99,>0.99
174,PAROSMIA,0,0,1 (1.2%) [2],>0.99,0.494
175,PARTIAL SEIZURES WITH SECONDARY GENERALISATION,0,0,1 (1.2%) [1],>0.99,0.494
176,PSYCHOMOTOR HYPERACTIVITY,1 (1.2%) [1],0,0,>0.99,>0.99
177,STUPOR,0,1 (1.2%) [1],0,0.494,>0.99
178,SYNCOPE VASOVAGAL,0,0,1 (1.2%) [1],>0.99,0.494
179,PSYCHIATRIC DISORDERS,10 (11.6%) [12],10 (11.9%) [14],8 (9.5%) [11],>0.99,0.804
180,CONFUSIONAL STATE,2 (2.3%) [2],3 (3.6%) [3],1 (1.2%) [1],0.680,>0.99
181,AGITATION,2 (2.3%) [2],2 (2.4%) [2],1 (1.2%) [1],>0.99,>0.99
182,INSOMNIA,2 (2.3%) [3],0,2 (2.4%) [2],0.497,>0.99
183,ANXIETY,0,3 (3.6%) [4],0,0.118,>0.99
184,DELUSION,1 (1.2%) [1],0,1 (1.2%) [1],>0.99,>0.99
185,IRRITABILITY,1 (1.2%) [2],1 (1.2%) [1],0,>0.99,>0.99
186,COMPLETED SUICIDE,1 (1.2%) [1],0,0,>0.99,>0.99
187,DELIRIUM,0,0,1 (1.2%) [1],>0.99,0.494
188,DEPRESSED MOOD,0,1 (1.2%) [2],0,0.494,>0.99
189,DISORIENTATION,1 (1.2%) [1],0,0,>0.99,>0.99
190,HALLUCINATION,0,0,1 (1.2%) [1],>0.99,0.494
191,"HALLUCINATION, VISUAL",0,0,1 (1.2%) [1],>0.99,0.494
192,LIBIDO DECREASED,0,0,1 (1.2%) [1],>0.99,0.494
193,LISTLESS,0,0,1 (1.2%) [1],>0.99,0.494
194,NIGHTMARE,0,0,1 (1.2%) [1],>0.99,0.494
195,RESTLESSNESS,0,1 (1.2%) [2],0,0.494,>0.99
196,RENAL AND URINARY DISORDERS,4 (4.7%) [5],3 (3.6%) [3],3 (3.6%) [4],>0.99,>0.99
197,MICTURITION URGENCY,1 (1.2%) [1],1 (1.2%) [1],1 (1.2%) [2],>0.99,>0.99
198,DYSURIA,1 (1.2%) [1],1 (1.2%) [1],0,>0.99,>0.99
199,NEPHROLITHIASIS,1 (1.2%) [1],0,1 (1.2%) [1],>0.99,>0.99
200,CALCULUS URETHRAL,0,0,1 (1.2%) [1],>0.99,0.494
201,INCONTINENCE,0,1 (1.2%) [1],0,0.494,>0.99
202,POLLAKIURIA,1 (1.2%) [2],0,0,>0.99,>0.99
203,REPRODUCTIVE SYSTEM AND BREAST DISORDERS,2 (2.3%) [4],0,1 (1.2%) [1],0.497,>0.99
204,BENIGN PROSTATIC HYPERPLASIA,1 (1.2%) [2],0,1 (1.2%) [1],>0.99,>0.99
205,PELVIC PAIN,1 (1.2%) [2],0,0,>0.99,>0.99
206,"RESPIRATORY, THORACIC AND MEDIASTINAL DISORDERS",8 (9.3%) [12],9 (10.7%) [14],10 (11.9%) [22],0.803,0.626
207,COUGH,1 (1.2%) [1],5 (6.0%) [7],5 (6.0%) [7],0.115,0.115
208,NASAL CONGESTION,3 (3.5%) [3],1 (1.2%) [1],3 (3.6%) [4],0.621,>0.99
209,DYSPNOEA,1 (1.2%) [1],1 (1.2%) [1],1 (1.2%) [1],>0.99,>0.99
210,EPISTAXIS,0,1 (1.2%) [1],2 (2.4%) [2],0.494,0.243
211,PHARYNGOLARYNGEAL PAIN,0,1 (1.2%) [1],1 (1.2%) [1],0.494,0.494
212,RHINORRHOEA,0,1 (1.2%) [2],1 (1.2%) [2],0.494,0.494
213,ALLERGIC GRANULOMATOUS ANGIITIS,0,0,1 (1.2%) [1],>0.99,0.494
214,DYSPHONIA,0,1 (1.2%) [1],0,0.494,>0.99
215,EMPHYSEMA,1 (1.2%) [1],0,0,>0.99,>0.99
216,HAEMOPTYSIS,1 (1.2%) [2],0,0,>0.99,>0.99
217,PHARYNGEAL ERYTHEMA,0,0,1 (1.2%) [2],>0.99,0.494
218,POSTNASAL DRIP,1 (1.2%) [2],0,0,>0.99,>0.99
219,PRODUCTIVE COUGH,0,0,1 (1.2%) [1],>0.99,0.494
220,RALES,1 (1.2%) [2],0,0,>0.99,>0.99
221,RESPIRATORY TRACT CONGESTION,0,0,1 (1.2%) [1],>0.99,0.494
222,SKIN AND SUBCUTANEOUS TISSUE DISORDERS,20 (23.3%) [45],39 (46.4%) [111],40 (47.6%) [104],0.002,0.001
223,PRURITUS,8 (9.3%) [11],21 (25.0%) [31],26 (31.0%) [38],0.008,<0.001
224,ERYTHEMA,8 (9.3%) [12],14 (16.7%) [22],14 (16.7%) [22],0.175,0.175
225,RASH,5 (5.8%) [9],13 (15.5%) [18],9 (10.7%) [15],0.048,0.277
226,HYPERHIDROSIS,2 (2.3%) [2],4 (4.8%) [5],8 (9.5%) [10],0.441,0.056
227,SKIN IRRITATION,3 (3.5%) [4],6 (7.1%) [13],5 (6.0%) [8],0.326,0.493
228,BLISTER,0,5 (6.0%) [8],1 (1.2%) [2],0.028,0.494
229,RASH PRURITIC,0,1 (1.2%) [2],2 (2.4%) [3],0.494,0.243
230,PRURITUS GENERALISED,0,1 (1.2%) [4],1 (1.2%) [1],0.494,0.494
231,URTICARIA,0,1 (1.2%) [3],1 (1.2%) [2],0.494,0.494
232,ACTINIC KERATOSIS,0,0,1 (1.2%) [1],>0.99,0.494
233,ALOPECIA,1 (1.2%) [1],0,0,>0.99,>0.99
234,COLD SWEAT,1 (1.2%) [3],0,0,>0.99,>0.99
235,DERMATITIS CONTACT,0,1 (1.2%) [2],0,0.494,>0.99
236,DRUG ERUPTION,1 (1.2%) [1],0,0,>0.99,>0.99
237,RASH ERYTHEMATOUS,0,1 (1.2%) [1],0,0.494,>0.99
238,RASH MACULO-PAPULAR,0,0,1 (1.2%) [1],>0.99,0.494
239,SKIN EXFOLIATION,0,1 (1.2%) [2],0,0.494,>0.99
240,SKIN ODOUR ABNORMAL,0,0,1 (1.2%) [1],>0.99,0.494
241,SKIN ULCER,1 (1.2%) [2],0,0,>0.99,>0.99
242,SOCIAL CIRCUMSTANCES,0,0,1 (1.2%) [1],>0.99,0.494
243,ALCOHOL USE,0,0,1 (1.2%) [1],>0.99,0.494
244,SURGICAL AND MEDICAL PROCEDURES,2 (2.3%) [2],1 (1.2%) [1],2 (2.4%) [2],>0.99,>0.99
245,CATARACT OPERATION,1 (1.2%) [1],1 (1.2%) [1],0,>0.99,>0.99
246,ACROCHORDON EXCISION,0,0,1 (1.2%) [1],>0.99,0.494
247,EYE LASER SURGERY,1 (1.2%) [1],0,0,>0.99,>0.99
248,SKIN LESION EXCISION,0,0,1 (1.2%) [1],>0.99,0.494
249,VASCULAR DISORDERS,3 (3.5%) [7],3 (3.6%) [3],1 (1.2%) [1],>0.99,0.621
250,HYPOTENSION,2 (2.3%) [3],1 (1.2%) [1],0,>0.99,0.497
251,HYPERTENSION,1 (1.2%) [2],1 (1.2%) [1],0,>0.99,>0.99
252,HOT FLUSH,0,1 (1.2%) [1],0,0.494,>0.99
253,ORTHOSTATIC HYPOTENSION,1 (1.2%) [2],0,0,>0.99,>0.99
254,WOUND HAEMORRHAGE,0,0,1 (1.2%) [1],>0.99,0.494
