ROW,LABEL,C1,C2,C3
1,ANY TEAE,65 (75.6%),77 (91.7%),76 (90.5%)
2,Mild,36 (41.9%),19 (22.6%),22 (26.2%)
3,Moderate,24 (27.9%),42 (50.0%),46 (54.8%)
4,Severe,5 (5.8%),16 (19.0%),8 (9.5%)
5,CARDIAC DISORDERS,12 (14.0%),13 (15.5%),15 (17.9%)
6,Mild,8 (9.3%),8 (9.5%),9 (10.7%)
7,Moderate,2 (2.3%),5 (6.0%),5 (6.0%)
8,Severe,2 (2.3%),0,1 (1.2%)
9,"CONGENITAL, FAMILIAL AND GENETIC DISORDERS",0,1 (1.2%),2 (2.4%)
10,Mild,0,0,2 (2.4%)
11,Moderate,0,1 (1.2%),0
12,Severe,0,0,0
13,EAR AND LABYRINTH DISORDERS,1 (1.2%),2 (2.4%),1 (1.2%)
14,Mild,1 (1.2%),1 (1.2%),0
15,Moderate,0,1 (1.2%),1 (1.2%)
16,Severe,0,0,0
17,EYE DISORDERS,2 (2.3%),2 (2.4%),1 (1.2%)
18,Mild,1 (1.2%),1 (1.2%),0
19,Moderate,1 (1.2%),1 (1.2%),1 (1.2%)
20,Severe,0,0,0
21,GASTROINTESTINAL DISORDERS,17 (19.8%),14 (16.7%),20 (23.8%)
22,Mild,15 (17.4%),10 (11.9%),14 (16.7%)
23,Moderate,2 (2.3%),4 (4.8%),4 (4.8%)
24,Severe,0,0,2 (2.4%)
25,GENERAL DISORDERS AND ADMINISTRATION SITE CONDITIONS,21 (24.4%),47 (56.0%),40 (47.6%)
26,Mild,16 (18.6%),19 (22.6%),19 (22.6%)
27,Moderate,5 (5.8%),21 (25.0%),21 (25.0%)
28,Severe,0,7 (8.3%),0
29,HEPATOBILIARY DISORDERS,1 (1.2%),0,0
30,Mild,0,0,0
31,Moderate,1 (1.2%),0,0
32,Severe,0,0,0
33,IMMUNE SYSTEM DISORDERS,0,1 (1.2%),0
34,Mild,0,1 (1.2%),0
35,Moderate,0,0,0
36,Severe,0,0,0
37,INFECTIONS AND INFESTATIONS,16 (18.6%),9 (10.7%),13 (15.5%)
38,Mild,11 (12.8%),6 (7.1%),10 (11.9%)
39,Moderate,5 (5.8%),2 (2.4%),3 (3.6%)
40,Severe,0,1 (1.2%),0
41,"INJURY, POISONING AND PROCEDURAL COMPLICATIONS",4 (4.7%),5 (6.0%),5 (6.0%)
42,Mild,3 (3.5%),1 (1.2%),1 (1.2%)
43,Moderate,0,4 (4.8%),3 (3.6%)
44,Severe,1 (1.2%),0,1 (1.2%)
45,INVESTIGATIONS,10 (11.6%),6 (7.1%),6 (7.1%)
46,Mild,8 (9.3%),6 (7.1%),4 (4.8%)
47,Moderate,2 (2.3%),0,2 (2.4%)
48,Severe,0,0,0
49,METABOLISM AND NUTRITION DISORDERS,6 (7.0%),1 (1.2%),2 (2.4%)
50,Mild,4 (4.7%),0,1 (1.2%)
51,Moderate,2 (2.3%),1 (1.2%),1 (1.2%)
52,Severe,0,0,0
53,MUSCULOSKELETAL AND CONNECTIVE TISSUE DISORDERS,4 (4.7%),7 (8.3%),7 (8.3%)
54,Mild,3 (3.5%),2 (2.4%),3 (3.6%)
55,Moderate,1 (1.2%),4 (4.8%),4 (4.8%)
56,Severe,0,1 (1.2%),0
57,"NEOPLASMS BENIGN, MALIGNANT AND UNSPECIFIED (INCL CYSTS AND POLYPS)",0,2 (2.4%),1 (1.2%)
58,Mild,0,1 (1.2%),0
59,Moderate,0,0,0
60,Severe,0,1 (1.2%),1 (1.2%)
61,NERVOUS SYSTEM DISORDERS,8 (9.3%),20 (23.8%),25 (29.8%)
62,Mild,6 (7.0%),10 (11.9%),13 (15.5%)
63,Moderate,2 (2.3%),7 (8.3%),8 (9.5%)
64,Severe,0,3 (3.6%),4 (4.8%)
65,PSYCHIATRIC DISORDERS,10 (11.6%),10 (11.9%),8 (9.5%)
66,Mild,7 (8.1%),3 (3.6%),4 (4.8%)
67,Moderate,2 (2.3%),6 (7.1%),4 (4.8%)
68,Severe,1 (1.2%),1 (1.2%),0
69,RENAL AND URINARY DISORDERS,4 (4.7%),3 (3.6%),3 (3.6%)
70,Mild,3 (3.5%),3 (3.6%),1 (1.2%)
71,Moderate,1 (1.2%),0,2 (2.4%)
72,Severe,0,0,0
73,REPRODUCTIVE SYSTEM AND BREAST DISORDERS,2 (2.3%),0,1 (1.2%)
74,Mild,1 (1.2%),0,0
75,Moderate,0,0,1 (1.2%)
76,Severe,1 (1.2%),0,0
77,"RESPIRATORY, THORACIC AND MEDIASTINAL DISORDERS",8 (9.3%),9 (10.7%),10 (11.9%)
78,Mild,7 (8.1%),6 (7.1%),8 (9.5%)
79,Moderate,1 (1.2%),3 (3.6%),2 (2.4%)
80,Severe,0,0,0
81,SKIN AND SUBCUTANEOUS TISSUE DISORDERS,20 (23.3%),39 (46.4%),40 (47.6%)
82,Mild,12 (14.0%),12 (14.3%),24 (28.6%)
83,Moderate,8 (9.3%),23 (27.4%),15 (17.9%)
84,Severe,0,4 (4.8%),1 (1.2%)
85,SOCIAL CIRCUMSTANCES,0,0,1 (1.2%)
86,Mild,0,0,1 (1.2%)
87,Moderate,0,0,0
88,Severe,0,0,0
89,SURGICAL AND MEDICAL PROCEDURES,2 (2.3%),1 (1.2%),2 (2.4%)
90,Mild,1 (1.2%),1 (1.2%),2 (2.4%)
91,Moderate,1 (1.2%),0,0
92,Severe,0,0,0
93,VASCULAR DISORDERS,3 (3.5%),3 (3.6%),1 (1.2%)
94,Mild,1 (1.2%),3 (3.6%),0
95,Moderate,2 (2.3%),0,1 (1.2%)
96,Severe,0,0,0
